报告ID,统一目录报告ID,发布日期,报告名称,报告类型,官方主题,科技创新相关度,中国关联,官方落地页,官方PDF入口,页面摘要,资料层级,全文策略,页面SHA256,采集日期
C-RATHENAU-2015-RD-GOES-GLOBAL,C-RATHENAU-2015-RD-GOES-GLOBAL,2015-10-19,R&D goes global,Report,How the science system works,核心,是,https://www.rathenau.nl/en/how-science-system-works/rd-goes-global,https://www.rathenau.nl/sites/default/files/2018-04/RATH-rapport%20R%26D%20goes%20global_WEB.pdf,,Rathenau官方英文出版页轻量元数据,已进入精选全文；按本地原始资产、文本和切片调用,c2c100330661b8f233d9fea3dbd16383eee8480c7263b86f4a54ac3148ce95de,2026-08-23
C-RATHENAU-2016-PUBLIC-KNOWLEDGE-ORGANISATIONS-NETHERLANDS,C-RATHENAU-2016-PUBLIC-KNOWLEDGE-ORGANISATIONS-NETHERLANDS,2016-03-08,Public knowledge organisations in the Netherlands,Report,Knowledge and innovation for transitions,核心,否,https://www.rathenau.nl/en/knowledge-and-innovation-transitions/public-knowledge-organisations-netherlands,https://www.rathenau.nl/sites/default/files/2018-03/FF17_PKOs%20in%20the%20Netherlands_WEB_0.pdf,,Rathenau官方英文出版页轻量元数据,已进入精选全文；按本地原始资产、文本和切片调用,c2158fa4a20e4d5b286e63451d6e1184379c97e24a8d68749403586ba638150a,2026-08-23
C-RATHENAU-2016-SPINNING-PLATES,C-RATHENAU-2016-SPINNING-PLATES,2016-03-11,Spinning plates,Report,How the science system works,核心,否,https://www.rathenau.nl/en/werking-van-het-wetenschapssysteem/spinning-plates,https://www.rathenau.nl/sites/default/files/2018-03/Spinning%20plates.pdf,,Rathenau官方英文出版页轻量元数据,总目录保留；核心跨期节点、中国科技比较或高复用机制报告进入全文层,88e8529c0b8c7f77fbd6d86b1719e595d08f205abf38e8dd196df84f4f12b737,2026-08-23
C-RATHENAU-2016-DUTCH-SCIENCE-SYSTEM-EUROPEAN-RESEARCH-AREA,C-RATHENAU-2016-DUTCH-SCIENCE-SYSTEM-EUROPEAN-RESEARCH-AREA,2016-03-30,The Dutch science system in the European Research Area,Report,How the science system works,核心,否,https://www.rathenau.nl/en/werking-van-het-wetenschapssysteem/dutch-science-system-european-research-area,https://www.rathenau.nl/sites/default/files/2018-03/FC16_Dutch%20Science%20in%20ERA_DEF_web.pdf,,Rathenau官方英文出版页轻量元数据,总目录保留；核心跨期节点、中国科技比较或高复用机制报告进入全文层,4a4c229afba6f85a76190c2bffeb9761304bb9e23c28ccbd5ada90cb28fec250,2026-08-23
C-RATHENAU-2016-BEYOND-CONTROL,C-RATHENAU-2016-BEYOND-CONTROL,2016-04-06,Beyond control,Report,Digitalisation,语境,否,https://www.rathenau.nl/en/digitalisering/beyond-control,https://www.rathenau.nl/sites/default/files/2018-03/Beyond%20Control_Final_04042016.pdf,,Rathenau官方英文出版页轻量元数据,总目录保留；核心跨期节点、中国科技比较或高复用机制报告进入全文层,8bc2d3960adf7de370efe5ee734cd2c17ec4d13e04cb74084828fd295294de3c,2026-08-23
C-RATHENAU-2016-ALGAE-OIL-TRIAL,C-RATHENAU-2016-ALGAE-OIL-TRIAL,2016-04-12,Algae oil on trial,Report,Health,支撑,否,https://www.rathenau.nl/en/health/algae-oil-trial,https://www.rathenau.nl/sites/default/files/Algae%20oil%20on%20trial%20-%20Rathenau%20Instituut.pdf,,Rathenau官方英文出版页轻量元数据,总目录保留；核心跨期节点、中国科技比较或高复用机制报告进入全文层,38ab2dceffc959810392b22fa89a1dd30df2af459f6345b5d39eeacfe14c5ddf,2026-08-23
C-RATHENAU-2016-PROTOCOL-MONITORING-AND-EVALUATION-APPLIED-RESEARCH-ORGANISATIONS-NETHER,C-RATHENAU-2016-PROTOCOL-MONITORING-AND-EVALUATION-APPLIED-RESEARCH-ORGANISATIONS-NETHER,2016-04-18,Protocol for the monitoring and evaluation of the Applied Research Organisations in the Netherlands,Report,Knowledge and innovation for transitions,核心,否,https://www.rathenau.nl/en/knowledge-and-innovation-transitions/protocol-monitoring-and-evaluation-applied-research-organisations-netherlands,https://www.rathenau.nl/sites/default/files/2018-03/Protocol%20for%20Monitoring%20and%20Evaluation%20of%20applied%20research.pdf,,Rathenau官方英文出版页轻量元数据,总目录保留；核心跨期节点、中国科技比较或高复用机制报告进入全文层,bfc9ce47b9386a7bf231b354d62051be3060ca7b54bb913a388e7c6e92b6fb1f,2026-08-23
C-RATHENAU-2016-SHAPING-INNOVATION-THROUGH-POLICY,C-RATHENAU-2016-SHAPING-INNOVATION-THROUGH-POLICY,2016-05-07,Shaping innovation through policy,Report,How the science system works,核心,否,https://www.rathenau.nl/en/werking-van-het-wetenschapssysteem/shaping-innovation-through-policy,https://www.rathenau.nl/sites/default/files/2018-03/Shaping%20socio-technical%20innovation%20through%20policy%20-%20Rathenau%20Instituut.pdf,,Rathenau官方英文出版页轻量元数据,已进入精选全文；按本地原始资产、文本和切片调用,57d7527f0b2d4402685580ab66167ffcc92ac820c83f9b9c7a91709d38731eec,2026-08-23
C-RATHENAU-2016-BEYOND-PUBLIC-ACCEPTANCE,C-RATHENAU-2016-BEYOND-PUBLIC-ACCEPTANCE,2016-07-07,Beyond public acceptance,Report,Knowledge and innovation for transitions,核心,否,https://www.rathenau.nl/en/kennis-voor-transities/beyond-public-acceptance,https://www.rathenau.nl/sites/default/files/2018-07/Beyond%20Public%20Acceptance_1.pdf,,Rathenau官方英文出版页轻量元数据,总目录保留；核心跨期节点、中国科技比较或高复用机制报告进入全文层,d94cf58ed95ed4271bb369b11b1cd89ee5192f0cac94beb45b4dbe0847a63e50,2026-08-23
C-RATHENAU-2017-PAST-PERFORMANCE-PREDICTOR-SUCCESSFUL-GRANT-APPLICATIONS,C-RATHENAU-2017-PAST-PERFORMANCE-PREDICTOR-SUCCESSFUL-GRANT-APPLICATIONS,2017-01-01,Past Performance as Predictor of Successful Grant Applications,Report,Knowledge and innovation for transitions,核心,否,https://www.rathenau.nl/en/knowledge-and-innovation-transitions/past-performance-predictor-successful-grant-applications,https://www.rathenau.nl/sites/default/files/2018-05/Past_Performance.pdf,,Rathenau官方英文出版页轻量元数据,总目录保留；核心跨期节点、中国科技比较或高复用机制报告进入全文层,861e8236ba5e334e48fac366236ec1fa37468e72e311e6d100a20f8c424b927d,2026-08-23
C-RATHENAU-2017-URGENT-UPGRADE,C-RATHENAU-2017-URGENT-UPGRADE,2017-02-06,Urgent Upgrade,Report,Digitalisation,支撑,否,https://www.rathenau.nl/en/digitalisering/urgent-upgrade,https://www.rathenau.nl/sites/default/files/2018-03/Urgent_Upgrade.pdf,,Rathenau官方英文出版页轻量元数据,总目录保留；核心跨期节点、中国科技比较或高复用机制报告进入全文层,33bb8f7f7331d771870a9b961dfa9a8f1f7bdaee7f35c83e2f618ac9f2a7e011,2026-08-23
C-RATHENAU-2017-RULES-DIGITAL-HUMAN-PARK,C-RATHENAU-2017-RULES-DIGITAL-HUMAN-PARK,2017-02-23,Rules for the Digital Human Park,Report,Digitalisation,支撑,否,https://www.rathenau.nl/en/digitalisering/rules-digital-human-park,https://www.rathenau.nl/sites/default/files/2018-09/Est%20et%20al.%20-%20Unknown%20-%20Rules%20for%20the%20digital%20human%20park%20Two%20paradigmatic%20cases%20of%20breeding%20and%20taming%20human%20beings%20Human%20germline%20edi%282%29.pdf,,Rathenau官方英文出版页轻量元数据,总目录保留；核心跨期节点、中国科技比较或高复用机制报告进入全文层,bd6639de4eca19ab29a5cc04cad400cb596819eb8807b3f0c3d0dc01f8736620,2026-08-23
C-RATHENAU-2017-NEVER-ENDING-RACE,C-RATHENAU-2017-NEVER-ENDING-RACE,2017-03-02,A never-ending race,Report,Digitalisation,支撑,否,https://www.rathenau.nl/en/digitalisering/never-ending-race,https://www.rathenau.nl/sites/default/files/2018-04/report%20A%20never-ending%20race.pdf,,Rathenau官方英文出版页轻量元数据,总目录保留；核心跨期节点、中国科技比较或高复用机制报告进入全文层,cc62066acd05f97e1017060f76f25605f1d4e6dae74a090913da880c2d76abc0,2026-08-23
C-RATHENAU-2017-INTERNATIONAL-MOBILITY-RESEARCHERS,C-RATHENAU-2017-INTERNATIONAL-MOBILITY-RESEARCHERS,2017-03-30,International mobility of researchers,Report,How the science system works,核心,否,https://www.rathenau.nl/en/werking-van-het-wetenschapssysteem/international-mobility-researchers,https://www.rathenau.nl/sites/default/files/2018-04/Internationale%20mobiliteit%20EN.pdf,,Rathenau官方英文出版页轻量元数据,总目录保留；核心跨期节点、中国科技比较或高复用机制报告进入全文层,127f50d3f9f4e8221e649f52d378e9b2e1173ae3f4791efd1030551f94d28faa,2026-08-23
C-RATHENAU-2017-FAIR-SHARE,C-RATHENAU-2017-FAIR-SHARE,2017-05-30,A fair share,Report,Digitalisation,语境,否,https://www.rathenau.nl/en/digitalisering/fair-share,https://www.rathenau.nl/sites/default/files/2018-07/Report%20Fair%20share_2.pdf,,Rathenau官方英文出版页轻量元数据,总目录保留；核心跨期节点、中国科技比较或高复用机制报告进入全文层,37d640b672c141a3d3d5b29db8799630dc6a8a29485ffd4b6ce258e407e58fff,2026-08-23
C-RATHENAU-2017-AMMONIA-DOSSIER,C-RATHENAU-2017-AMMONIA-DOSSIER,2017-09-11,The ammonia dossier,Report,Knowledge and innovation for transitions,核心,否,https://www.rathenau.nl/en/kennis-voor-transities/ammonia-dossier,https://www.rathenau.nl/sites/default/files/Ammoniakdossier%20Rathenau%20Instituut27_9_17.pdf,,Rathenau官方英文出版页轻量元数据,总目录保留；核心跨期节点、中国科技比较或高复用机制报告进入全文层,18ca47b0b28d4dafb608820ae6f783f656a3cd4e0714c1d8b2875a7dc7ba8105,2026-08-23
C-RATHENAU-2017-HUMAN-RIGHTS-ROBOT-AGE,C-RATHENAU-2017-HUMAN-RIGHTS-ROBOT-AGE,2017-10-11,Human rights in the robot age,Report,Digitalisation,语境,否,https://www.rathenau.nl/en/digitalisering/human-rights-robot-age,https://www.rathenau.nl/sites/default/files/2018-02/Human%20Rights%20in%20the%20Robot%20Age-Rathenau%20Instituut-2017.pdf,,Rathenau官方英文出版页轻量元数据,总目录保留；核心跨期节点、中国科技比较或高复用机制报告进入全文层,a2ff943a51cc3f358518a2054a7e4f58dfc768d102d44546a08f1708877b6755,2026-08-23
C-RATHENAU-2018-PROSPECTS-E-DEMOCRACY-EUROPE,C-RATHENAU-2018-PROSPECTS-E-DEMOCRACY-EUROPE,2018-01-10,Prospects for e-democracy in Europe,Report,Knowledge and innovation for transitions,语境,否,https://www.rathenau.nl/en/kennis-voor-transities/prospects-e-democracy-europe,https://www.rathenau.nl/sites/default/files/2018-05/EPRS_STU%282018%29603213_EN_0.pdf,,Rathenau官方英文出版页轻量元数据,总目录保留；核心跨期节点、中国科技比较或高复用机制报告进入全文层,1fb7dfd62b8a556ad6919e4dcba9a4baa682540e851031df275d1b292b22d312,2026-08-23
C-RATHENAU-2018-DUTCH-POLICY-PROMOTING-SCIENTIFIC-EXCELLENCE,C-RATHENAU-2018-DUTCH-POLICY-PROMOTING-SCIENTIFIC-EXCELLENCE,2018-02-14,Dutch policy promoting scientific excellence,Report,How the science system works,核心,否,https://www.rathenau.nl/en/werking-van-het-wetenschapssysteem/dutch-policy-promoting-scientific-excellence,https://www.rathenau.nl/sites/default/files/2018-03/FC%20Scientific%20Excellence.pdf,,Rathenau官方英文出版页轻量元数据,总目录保留；核心跨期节点、中国科技比较或高复用机制报告进入全文层,f646318984419739fc4455966fec1945a11998df76805297974bd783154ea093,2026-08-23
C-RATHENAU-2018-REGIONAL-INNOVATION,C-RATHENAU-2018-REGIONAL-INNOVATION,2018-03-05,Regional innovation,Report,How the science system works,核心,否,https://www.rathenau.nl/en/werking-van-het-wetenschapssysteem/regional-innovation,https://www.rathenau.nl/sites/default/files/2018-03/Regional%20Innovation_1.pdf,,Rathenau官方英文出版页轻量元数据,已进入精选全文；按本地原始资产、文本和切片调用,127d746ad7b7d98e04e6c240ac7dc8d57f81f7880c9e26485da23af263008486,2026-08-23
C-RATHENAU-2018-IMPACT-DOCTORATE,C-RATHENAU-2018-IMPACT-DOCTORATE,2018-04-10,The impact of a doctorate,Report,How the science system works,核心,否,https://www.rathenau.nl/en/werking-van-het-wetenschapssysteem/impact-doctorate,https://www.rathenau.nl/sites/default/files/2018-11/The%20impact%20of%20a%20doctarate_def_0.pdf,,Rathenau官方英文出版页轻量元数据,总目录保留；核心跨期节点、中国科技比较或高复用机制报告进入全文层,24ef295c3b42344f5bf73d5d7285de911cce0fd70231fb652c7fdfa3de63eb0d,2026-08-23
C-RATHENAU-2018-TOTAL-INVESTMENT-RESEARCH-AND-INNOVATION-TWIN-2016-2022,C-RATHENAU-2018-TOTAL-INVESTMENT-RESEARCH-AND-INNOVATION-TWIN-2016-2022,2018-04-23,Total Investment in Research and Innovation (TWIN) 2016-2022,Report,How the science system works,核心,否,https://www.rathenau.nl/en/werking-van-het-wetenschapssysteem/total-investment-research-and-innovation-twin-2016-2022,https://www.rathenau.nl/sites/default/files/2018-05/TWIN%202016-2022_UK.pdf；https://www.rathenau.nl/sites/default/files/inline-files/Total_Investment_in_Research_and_Innovation__TWIN__2012-2018_-_Rathenau_Instituut__01_0.pdf；https://www.rathenau.nl/sites/default/files/inline-files/Total_Investment_in_Research_and_Innovation__TWIN__2013-2019_-_Rathenau_01.pdf；https://www.rathenau.nl/sites/default/files/inline-files/Totale_Investeringen_in_Wetenschap_en_Innovatie_2012-2018_-_Rathenau.pdf,,Rathenau官方英文出版页轻量元数据,总目录保留；核心跨期节点、中国科技比较或高复用机制报告进入全文层,990acab930f0a966dca663c01777a262e8aab1374899f09b0b6a023b73ae48e1,2026-08-23
C-RATHENAU-2018-RESPONSIBLE-DIGITAL-HEALTH-MANAGEMENT,C-RATHENAU-2018-RESPONSIBLE-DIGITAL-HEALTH-MANAGEMENT,2018-05-25,Responsible digital health management,Report,Health,语境,否,https://www.rathenau.nl/en/gezondheid/responsible-digital-health-management,,,Rathenau官方英文出版页轻量元数据,总目录保留；核心跨期节点、中国科技比较或高复用机制报告进入全文层,cc91abf32260e240c4e57b34a6049a37118e70820dcd41699a623ac2c03e49af,2026-08-23
C-RATHENAU-2018-VALUABLE-DIGITALISATION,C-RATHENAU-2018-VALUABLE-DIGITALISATION,2018-06-26,Valuable Digitalisation,Report,Digitalisation,支撑,否,https://www.rathenau.nl/en/digitalisering/valuable-digitalisation,https://www.rathenau.nl/sites/default/files/2019-02/EN-F2-Ten-Perspectives-v7.pdf；https://www.rathenau.nl/sites/default/files/2019-02/EN-F2-Ten-Perspectives-v7_0.pdf；https://www.rathenau.nl/sites/default/files/2019-03/004-190001%5BWaardevol_digitaliseren_EN%5Ddef_lr.pdf,,Rathenau官方英文出版页轻量元数据,总目录保留；核心跨期节点、中国科技比较或高复用机制报告进入全文层,61a83dd74f758df5c61102a4491c889d8b4d3e156858efdf858482da4e242e98,2026-08-23
C-RATHENAU-2018-WHAT-MOTIVATES-RESEARCHERS,C-RATHENAU-2018-WHAT-MOTIVATES-RESEARCHERS,2018-07-09,What motivates researchers?,Report,How the science system works,核心,否,https://www.rathenau.nl/en/werking-van-het-wetenschapssysteem/what-motivates-researchers,https://www.rathenau.nl/sites/default/files/2018-07/What%20motivates%20researchers.pdf,,Rathenau官方英文出版页轻量元数据,总目录保留；核心跨期节点、中国科技比较或高复用机制报告进入全文层,0506a9bc53b6e12ad02ccd3be0dde97726500e31c1b8ae78a03aa0dd83b1d0ad,2026-08-23
C-RATHENAU-2018-DECENT-DIGITISATION,C-RATHENAU-2018-DECENT-DIGITISATION,2018-07-20,Decent Digitisation,Report,Digitalisation,支撑,否,https://www.rathenau.nl/en/digitalisering/decent-digitisation,https://www.rathenau.nl/sites/default/files/2018-07/Decent%20Digitisation.pdf,,Rathenau官方英文出版页轻量元数据,总目录保留；核心跨期节点、中国科技比较或高复用机制报告进入全文层,5cbfd841ddb902925771c6c222a30f5227e64069317a27493de1782400e8b3f6,2026-08-23
C-RATHENAU-2018-ADDITIVE-BIO-MANUFACTURING-3D-PRINTING-MEDICAL-RECOVERY-AND-HUMAN-ENHANC,C-RATHENAU-2018-ADDITIVE-BIO-MANUFACTURING-3D-PRINTING-MEDICAL-RECOVERY-AND-HUMAN-ENHANC,2018-08-01,Additive bio-manufacturing: 3D printing for medical recovery and human enhancement,Report,Health,核心,否,https://www.rathenau.nl/en/gezondheid/additive-bio-manufacturing-3d-printing-medical-recovery-and-human-enhancement,https://www.rathenau.nl/sites/default/files/2018-07/Additive%20bio-manufacturing_EN.pdf,,Rathenau官方英文出版页轻量元数据,总目录保留；核心跨期节点、中国科技比较或高复用机制报告进入全文层,366cb719835655ea0ba96f15147841ab8e9290ac4940ed5283c4162a58e96d26,2026-08-23
C-RATHENAU-2018-TRUST-SCIENCE-NETHERLANDS,C-RATHENAU-2018-TRUST-SCIENCE-NETHERLANDS,2018-08-28,Trust in Science in the Netherlands,Report,How the science system works,核心,否,https://www.rathenau.nl/en/werking-van-het-wetenschapssysteem/trust-science-netherlands,https://www.rathenau.nl/sites/default/files/2018-10/Trust%20in%20Science%202018.pdf,,Rathenau官方英文出版页轻量元数据,总目录保留；核心跨期节点、中国科技比较或高复用机制报告进入全文层,2bb96289f539da672d555655ec12ee76592b5217241ab5ab407a51ea44c1109b,2026-08-23
C-RATHENAU-2018-BALANCE-SCIENCE-2018,C-RATHENAU-2018-BALANCE-SCIENCE-2018,2018-09-27,The Balance of Science 2018,Report,How the science system works,核心,否,https://www.rathenau.nl/en/werking-van-het-wetenschapssysteem/balance-science-2018,https://www.rathenau.nl/sites/default/files/2018-09/Balans%20van%20de%20wetenschap%202018_2.pdf,,Rathenau官方英文出版页轻量元数据,总目录保留；核心跨期节点、中国科技比较或高复用机制报告进入全文层,20ba20aaa926a73d52b110e3f8463b9a7b0e09ab885cef6a5029bf65c0c288a0,2026-08-23
C-RATHENAU-2018-EXCELLENCE-EXTRA-ORDINARY,C-RATHENAU-2018-EXCELLENCE-EXTRA-ORDINARY,2018-10-31,Excellence is extra-ordinary,Report,How the science system works,核心,否,https://www.rathenau.nl/en/werking-van-het-wetenschapssysteem/excellence-extra-ordinary,https://www.rathenau.nl/sites/default/files/2019-01/Excellence%20is%20extra-ordinary%20-%20Rathenau%20Instituut_0.pdf,,Rathenau官方英文出版页轻量元数据,总目录保留；核心跨期节点、中国科技比较或高复用机制报告进入全文层,ec5d310730f745e5d4cf4ce2496d5aa3602019442ea04ab03b890aa89b4daa06,2026-08-23
C-RATHENAU-2018-DIRECTED-DIGITALISATION,C-RATHENAU-2018-DIRECTED-DIGITALISATION,2018-11-20,Directed digitalisation,Report,Digitalisation,支撑,否,https://www.rathenau.nl/en/digitalisering/directed-digitalisation,https://www.rathenau.nl/sites/default/files/2018-11/Directed%20Digitalisation.pdf,,Rathenau官方英文出版页轻量元数据,总目录保留；核心跨期节点、中国科技比较或高复用机制报告进入全文层,b48e0da509bc80894d07224d771b49f2aedf7d0f4957a40fe9394d2af411d927,2026-08-23
C-RATHENAU-2018-INDUSTRY-SEEKING-UNIVERSITY,C-RATHENAU-2018-INDUSTRY-SEEKING-UNIVERSITY,2018-11-27,Industry seeking university,Report,How the science system works,核心,否,https://www.rathenau.nl/en/werking-van-het-wetenschapssysteem/industry-seeking-university,https://www.rathenau.nl/sites/default/files/2018-11/Industry%20seeking%20university%202018_11_27_0.pdf,,Rathenau官方英文出版页轻量元数据,已进入精选全文；按本地原始资产、文本和切片调用,b40a43f69430d1384f8d70984f6f3816b587701ee26bcdefa0c18005ba220385,2026-08-23
C-RATHENAU-2019-HEALTH-CENTRE,C-RATHENAU-2019-HEALTH-CENTRE,2019-06-06,Health at the centre,Report,Health,语境,否,https://www.rathenau.nl/en/gezondheid/health-centre,https://www.rathenau.nl/sites/default/files/2019-06/HealthAtTheCentre_report.pdf,,Rathenau官方英文出版页轻量元数据,总目录保留；核心跨期节点、中国科技比较或高复用机制报告进入全文层,457d05659b858f86ae1aa8536e9c5f957b5f52cb2bb6cb50eb242582e3714c6a,2026-08-23
C-RATHENAU-2019-GENOME-EDITING-PLANTS-AND-CROPS,C-RATHENAU-2019-GENOME-EDITING-PLANTS-AND-CROPS,2019-06-13,Genome editing in plants and crops,Report,Health,核心,否,https://www.rathenau.nl/en/gezondheid/genome-editing-plants-and-crops,https://www.rathenau.nl/sites/default/files/2019-06/Genome%20editing%20in%20plants%20and%20crops%20-%20Rathenau%20Instituut_1.pdf,,Rathenau官方英文出版页轻量元数据,总目录保留；核心跨期节点、中国科技比较或高复用机制报告进入全文层,23efb8a058979d913396b0fc0caca02a1c28133c70233bb111055b654e86878d,2026-08-23
C-RATHENAU-2019-TOTAL-INVESTMENT-RESEARCH-AND-INNOVATION-TWIN-2017-2023,C-RATHENAU-2019-TOTAL-INVESTMENT-RESEARCH-AND-INNOVATION-TWIN-2017-2023,2019-07-19,Total Investment in Research and Innovation (TWIN) 2017-2023,Report,How the science system works,核心,否,https://www.rathenau.nl/en/werking-van-het-wetenschapssysteem/total-investment-research-and-innovation-twin-2017-2023,https://www.rathenau.nl/sites/default/files/2019-07/TWIN%202017-2023%20EN.pdf；https://www.rathenau.nl/sites/default/files/inline-files/Total_Investment_in_Research_and_Innovation__TWIN__2012-2018_-_Rathenau_Instituut__01_0.pdf；https://www.rathenau.nl/sites/default/files/inline-files/Total_Investment_in_Research_and_Innovation__TWIN__2013-2019_-_Rathenau_01.pdf；https://www.rathenau.nl/sites/default/files/inline-files/Totale_Investeringen_in_Wetenschap_en_Innovatie_2012-2018_-_Rathenau.pdf,,Rathenau官方英文出版页轻量元数据,总目录保留；核心跨期节点、中国科技比较或高复用机制报告进入全文层,4f8b9f101305e238defb2ecdc4ea4716135387dc90dc65a10f54e31f58625116,2026-08-23
C-RATHENAU-2019-CYBERSPACE-WITHOUT-CONFLICT,C-RATHENAU-2019-CYBERSPACE-WITHOUT-CONFLICT,2019-08-27,Cyberspace without conflict,Report,Digitalisation,语境,否,https://www.rathenau.nl/en/digitalisering/cyberspace-without-conflict,https://www.rathenau.nl/sites/default/files/2019-08/Cyberspace%20without%20conflict.pdf,,Rathenau官方英文出版页轻量元数据,总目录保留；核心跨期节点、中国科技比较或高复用机制报告进入全文层,2406fea8bb6b97797b50068a4f9fdb1312ef0696537f106a2af4600440948520,2026-08-23
C-RATHENAU-2020-CITIZENS-AND-SENSORS,C-RATHENAU-2020-CITIZENS-AND-SENSORS,2020-02-20,Citizens and sensors,Report,Digitalisation,支撑,否,https://www.rathenau.nl/en/digitalisation/citizens-and-sensors,https://www.rathenau.nl/sites/default/files/2020-03/Citizens%20and%20sensors.pdf,,Rathenau官方英文出版页轻量元数据,总目录保留；核心跨期节点、中国科技比较或高复用机制报告进入全文层,093c2ed715fd23d5a4133dbd9d44ddf800c4723cd988b15ef021147763d433b9,2026-08-23
C-RATHENAU-2020-RESPONSIBLE-VR,C-RATHENAU-2020-RESPONSIBLE-VR,2020-02-27,Responsible VR,Report,Digitalisation,支撑,否,https://www.rathenau.nl/en/digitalisering/responsible-vr,https://www.rathenau.nl/sites/default/files/2020-03/Responsible%20VR.pdf,,Rathenau官方英文出版页轻量元数据,总目录保留；核心跨期节点、中国科技比较或高复用机制报告进入全文层,29933fd5532edcc916d08722a7c6a14b1f899834d89eca1e8149f7bdf155b919,2026-08-23
C-RATHENAU-2020-DISCUSSING-MODIFICATION-HERITABLE-DNA-EMBRYOS,C-RATHENAU-2020-DISCUSSING-MODIFICATION-HERITABLE-DNA-EMBRYOS,2020-03-24,Discussing the modification of heritable DNA in embryos,Report,Health,核心,否,https://www.rathenau.nl/en/gezondheid/discussing-modification-heritable-dna-embryos,https://www.rathenau.nl/sites/default/files/2020-03/191113e0.rapport%20DNA%20in%20embryo%27s_final%20%28003%29_2.pdf,,Rathenau官方英文出版页轻量元数据,总目录保留；核心跨期节点、中国科技比较或高复用机制报告进入全文层,2ec6e1c39bcb639bb5f19a4aa3ff01f574ac497597cf8cd0227d2c5dd0ae0c9f,2026-08-23
C-RATHENAU-2020-EUROPEAN-RESEARCH-AND-INNOVATION-NEW-GEOPOLITICAL-ARENA,C-RATHENAU-2020-EUROPEAN-RESEARCH-AND-INNOVATION-NEW-GEOPOLITICAL-ARENA,2020-05-19,European research and innovation in a new geopolitical arena,Report,How the science system works,核心,是,https://www.rathenau.nl/en/werking-van-het-wetenschapssysteem/european-research-and-innovation-new-geopolitical-arena,https://www.rathenau.nl/sites/default/files/2020-05/European%20Research%20and%20Innovation%20in%20a%20new%20geopolitical%20arena.pdf,,Rathenau官方英文出版页轻量元数据,已进入精选全文；按本地原始资产、文本和切片调用,5949d566eed693a77830f73c38c4bdc5a781e4d54f81ff524f1126711647cfea,2026-08-23
C-RATHENAU-2020-CYBER-RESILIENCE-NEW-TECHNOLOGY,C-RATHENAU-2020-CYBER-RESILIENCE-NEW-TECHNOLOGY,2020-07-20,Cyber resilience with new technology,Report,Digitalisation,语境,否,https://www.rathenau.nl/en/digitalisering/cyber-resilience-new-technology,https://www.rathenau.nl/sites/default/files/2020-07/REPORT%20Cyber%20resilience%20with%20new%20technology%20-%20Rathenau%20Instituut.pdf,,Rathenau官方英文出版页轻量元数据,总目录保留；核心跨期节点、中国科技比较或高复用机制报告进入全文层,662b490922a778339fb9538aeae7ea0da6800560d8499c3058e0fa8c1a880903,2026-08-23
C-RATHENAU-2020-MORE-GRIP-DIGITISATION,C-RATHENAU-2020-MORE-GRIP-DIGITISATION,2020-10-05,More grip on digitisation,Report,Knowledge and innovation for transitions,核心,否,https://www.rathenau.nl/en/kennis-voor-transities/more-grip-digitisation,https://www.rathenau.nl/sites/default/files/2020-09/More%20grip%20on%20digitisation%20Appendix%201_0.pdf；https://www.rathenau.nl/sites/default/files/2020-09/Report%20More%20grip%20on%20digitisation%20%281%29.pdf；https://www.rathenau.nl/sites/default/files/2020-10/More%20grip%20on%20digitisation%20Appendix%202.pdf,,Rathenau官方英文出版页轻量元数据,总目录保留；核心跨期节点、中国科技比较或高复用机制报告进入全文层,2fbabee9c8d054aebd9aea539f0eb983c474ce7a0efe492bf7b6163007778b4d,2026-08-23
C-RATHENAU-2020-RATHENAU-MANIFESTO-SET-10-DESIGN-REQUIREMENTS-TOMORROWS-DIGITAL-SOCIETY-,C-RATHENAU-2020-RATHENAU-MANIFESTO-SET-10-DESIGN-REQUIREMENTS-TOMORROWS-DIGITAL-SOCIETY-,2020-10-22,Rathenau Manifesto: Set 10 design requirements for tomorrow's digital society now,Report,Digitalisation,支撑,否,https://www.rathenau.nl/en/digitalisering/rathenau-manifesto-set-10-design-requirements-tomorrows-digital-society-now-0,https://www.rathenau.nl/sites/default/files/2022-04/Manifesto_corrections_20-22.pdf,,Rathenau官方英文出版页轻量元数据,总目录保留；核心跨期节点、中国科技比较或高复用机制报告进入全文层,b755d1c46aa48fd7cd66fc0716e3446bef8ea438456e5c65204f163219ec7e4e,2026-08-23
C-RATHENAU-2020-VALUED-WORK,C-RATHENAU-2020-VALUED-WORK,2020-11-05,Valued at work,Report,Digitalisation,支撑,否,https://www.rathenau.nl/en/digitalisering/valued-work,https://www.rathenau.nl/sites/default/files/2020-09/Valued%20at%20work.pdf,,Rathenau官方英文出版页轻量元数据,总目录保留；核心跨期节点、中国科技比较或高复用机制报告进入全文层,0d23089f2d5d69c05cd3dcf31422f551fb4295be0c4acdfb012f911e855e8f2d,2026-08-23
C-RATHENAU-2020-DIGITAL-THREATS-DEMOCRACY,C-RATHENAU-2020-DIGITAL-THREATS-DEMOCRACY,2020-12-04,Digital threats to democracy,Report,Digitalisation,语境,否,https://www.rathenau.nl/en/digitalisation/digital-threats-democracy,https://www.rathenau.nl/sites/default/files/2020-12/Report_Digital_threats__democracy_on_technology_and_desinformation_Rathenau-Instituut.pdf,,Rathenau官方英文出版页轻量元数据,总目录保留；核心跨期节点、中国科技比较或高复用机制报告进入全文层,0299ee1824ca3c500d38caab7093e670f2d48220e460e87410764387c06c073e,2026-08-23
C-RATHENAU-2020-POTATOES-ARE-FUTURE,C-RATHENAU-2020-POTATOES-ARE-FUTURE,2020-12-17,Potatoes are the future,Report,Health,支撑,否,https://www.rathenau.nl/en/health/potatoes-are-future,https://www.rathenau.nl/sites/default/files/2020-12/Rathenau_Instituut_2020_Potatoes_are_the_future.pdf,,Rathenau官方英文出版页轻量元数据,总目录保留；核心跨期节点、中国科技比较或高复用机制报告进入全文层,e02dd3234b91ff226e4c11a40de54cfe4009b08a70a395460a6124dd588c9bc2,2026-08-23
C-RATHENAU-2021-FAKE-REAL,C-RATHENAU-2021-FAKE-REAL,2021-01-21,Fake for real,Report,Digitalisation,支撑,否,https://www.rathenau.nl/en/digitalisering/fake-real,https://www.rathenau.nl/sites/default/files/2022-04/FakeforReal_corrections_20-22.pdf,,Rathenau官方英文出版页轻量元数据,总目录保留；核心跨期节点、中国科技比较或高复用机制报告进入全文层,c02e615ee458cb898158fadd936e17acf8a32cb9912fa473d29d3b0bb04f6e19,2026-08-23
C-RATHENAU-2021-LOOK-WHOS-TALKING,C-RATHENAU-2021-LOOK-WHOS-TALKING,2021-01-29,Look who's talking,Report,Digitalisation,支撑,否,https://www.rathenau.nl/en/digitalisering/look-whos-talking,https://www.rathenau.nl/sites/default/files/2021-01/Look_who_is_talking_responsible_speech_technology_Report_Rathenau_Instituut.pdf,,Rathenau官方英文出版页轻量元数据,总目录保留；核心跨期节点、中国科技比较或高复用机制报告进入全文层,58f920e77b214ead7713c54c6dfc8399acaea40de0714f4416996644e9efa360,2026-08-23
C-RATHENAU-2021-INITIATIVES-SUPPORTING-DIGITAL-DEMOCRACY-NATIONAL-LEVEL,C-RATHENAU-2021-INITIATIVES-SUPPORTING-DIGITAL-DEMOCRACY-NATIONAL-LEVEL,2021-02-11,Initiatives supporting digital democracy at national level,Report,Knowledge and innovation for transitions,语境,否,https://www.rathenau.nl/en/knowledge-and-innovation-transitions/initiatives-supporting-digital-democracy-national-level,https://www.rathenau.nl/sites/default/files/2021-02/Initiatives_supporting_digital_democracy_at_national_level_Report_Rathenau_Instituut.pdf,,Rathenau官方英文出版页轻量元数据,总目录保留；核心跨期节点、中国科技比较或高复用机制报告进入全文层,9ac06c1d0c638a6d3c6590fc88092ac800ee0d768d58619c112cbc20feb99ba4,2026-08-23
C-RATHENAU-2021-TACKLING-DEEPFAKES-EUROPEAN-POLICY,C-RATHENAU-2021-TACKLING-DEEPFAKES-EUROPEAN-POLICY,2021-09-16,Tackling deepfakes in European policy,Report,Digitalisation,语境,否,https://www.rathenau.nl/en/digitalisation/tackling-deepfakes-european-policy,https://www.rathenau.nl/sites/default/files/2021-08/STOA_options_brief.pdf；https://www.rathenau.nl/sites/default/files/2021-08/tackling_deepfakes_in_european_policy_STOA.pdf,,Rathenau官方英文出版页轻量元数据,总目录保留；核心跨期节点、中国科技比较或高复用机制报告进入全文层,21fae138e06826424bbcf315243c2b875d0fadb09c6a7ee8426bc21ed4dff57d,2026-08-23
C-RATHENAU-2021-PERSPECTIVES-FUTURE-OPEN-SCIENCE,C-RATHENAU-2021-PERSPECTIVES-FUTURE-OPEN-SCIENCE,2021-10-01,Perspectives on the future of Open Science,Report,How the science system works,核心,是,https://www.rathenau.nl/en/how-science-system-works/perspectives-future-open-science,https://www.rathenau.nl/sites/default/files/2021-12/perspectives_on_future_open_science_Rathenau_Instituut_EU_publication.pdf,,Rathenau官方英文出版页轻量元数据,已进入精选全文；按本地原始资产、文本和切片调用,331d6dafa4af411e02e292503ccb82181c8d1fe4884590834617af1268a362b3,2026-08-23
C-RATHENAU-2021-TECHNOLOGY-ASSESSMENT-AND-DECISION-MAKING-UNDER-UNCERTAINTY-LESSONS-LEAR,C-RATHENAU-2021-TECHNOLOGY-ASSESSMENT-AND-DECISION-MAKING-UNDER-UNCERTAINTY-LESSONS-LEAR,2021-11-09,Technology assessment and decision-making under uncertainty: lessons learned from the COVID-19 pandemic,Report,Knowledge and innovation for transitions,核心,否,https://www.rathenau.nl/en/knowledge-and-innovation-transitions/technology-assessment-and-decision-making-under-uncertainty-lessons-learned-covid-19-pandemic,https://www.rathenau.nl/sites/default/files/2021-11/EPTAreport_Lessons_from_the_COVID_pandemic_2021_Rathenau_Instituut.pdf,,Rathenau官方英文出版页轻量元数据,总目录保留；核心跨期节点、中国科技比较或高复用机制报告进入全文层,9a007238d76132ae3c4586ed99f392a7b9c1421a21ecb9b3071bb7830e9cffa8,2026-08-23
C-RATHENAU-2022-TRUST-SCIENCE-NETHERLANDS-2021-SURVEY,C-RATHENAU-2022-TRUST-SCIENCE-NETHERLANDS-2021-SURVEY,2022-01-03,Trust in science in the Netherlands (2021 survey),Report,Knowledge and innovation for transitions,核心,否,https://www.rathenau.nl/en/knowledge-and-innovation-transitions/trust-science-netherlands-2021-survey,https://www.rathenau.nl/sites/default/files/2021-12/REPORT_Trust_in_science_in_the_Netherlands_2021_survey_Rathenau_Instituut.pdf,,Rathenau官方英文出版页轻量元数据,总目录保留；核心跨期节点、中国科技比较或高复用机制报告进入全文层,9a191d2c7323ca2d601eaf0b8752eb13024877bd11b6cf79e69bd480c539c449,2026-08-23
C-RATHENAU-2022-MOVING-FORWARD-TOGETHER-OPEN-SCIENCE,C-RATHENAU-2022-MOVING-FORWARD-TOGETHER-OPEN-SCIENCE,2022-02-23,Moving forward together with open science,Report,How the science system works,核心,否,https://www.rathenau.nl/en/how-science-system-works/moving-forward-together-open-science,https://www.rathenau.nl/sites/default/files/2022-02/Moving_further_together_with_open%20science_Rathenau_Instituut.pdf,,Rathenau官方英文出版页轻量元数据,总目录保留；核心跨期节点、中国科技比较或高复用机制报告进入全文层,006f081ac19f87af16e830dd51a48654ada6f58e28a9cdc30edd3ce8f77022bd,2026-08-23
C-RATHENAU-2022-RESEARCH-PROGRAMMES-MISSION,C-RATHENAU-2022-RESEARCH-PROGRAMMES-MISSION,2022-03-22,Research programmes with a mission,Report,How the science system works,核心,否,https://www.rathenau.nl/en/how-science-system-works/research-programmes-mission,https://www.rathenau.nl/sites/default/files/2022-03/Research_programmes_with_a_mission_Rathenau_Instituut.pdf,,Rathenau官方英文出版页轻量元数据,已进入精选全文；按本地原始资产、文本和切片调用,12b9b69fe4dcdfc792a616d4f8c039c0158fc195ea36c3a2687d5d0156e96644,2026-08-23
C-RATHENAU-2022-SOCIETY-AND-SYNTHETIC-CELLS,C-RATHENAU-2022-SOCIETY-AND-SYNTHETIC-CELLS,2022-04-26,Society and synthetic cells,Report,Knowledge and innovation for transitions,核心,否,https://www.rathenau.nl/en/knowledge-and-innovation-transitions/society-and-synthetic-cells,https://www.rathenau.nl/sites/default/files/2022-07/a_report_on_the_public_meeting_%27society_and_synthetic_cells%27_Rathenau_Instituut.pdf；https://www.rathenau.nl/sites/default/files/2022-10/Position_paper_Society_and_synthetic_cells_Rathenau_Instituut.pdf,,Rathenau官方英文出版页轻量元数据,总目录保留；核心跨期节点、中国科技比较或高复用机制报告进入全文层,92481ba7ad915556ddf7b3107e18850892bba416ff233eec6e59c1adb098b8f8,2026-08-23
C-RATHENAU-2022-MAKING-BETTER-DECISIONS-ABOUT-DATA-CENTRES,C-RATHENAU-2022-MAKING-BETTER-DECISIONS-ABOUT-DATA-CENTRES,2022-05-25,Making better decisions about data centres,Report,Digitalisation,支撑,否,https://www.rathenau.nl/en/digitalisation/making-better-decisions-about-data-centres,https://www.rathenau.nl/sites/default/files/2022-05/Making_better_decisions_about_data_centres_%28summary%29_Rathenau_Instituut.pdf,,Rathenau官方英文出版页轻量元数据,总目录保留；核心跨期节点、中国科技比较或高复用机制报告进入全文层,0550b03280c2a207d69c09debd3d4207866e9c271d4da5a37222fc2a611d32d8,2026-08-23
C-RATHENAU-2022-HARMFUL-BEHAVIOUR-ONLINE,C-RATHENAU-2022-HARMFUL-BEHAVIOUR-ONLINE,2022-05-31,Harmful Behaviour Online,Report,Digitalisation,语境,否,https://www.rathenau.nl/en/digitalisation/harmful-behaviour-online,https://www.rathenau.nl/sites/default/files/2021-07/Rathenau%20Instituut%20I%20English%20summary%20I%20Online%20ontspoord.pdf；https://www.rathenau.nl/sites/default/files/2024-03/Harmful_Behaviour_Online_Report_Rathenau_Instituut%20%28LM%29.pdf,,Rathenau官方英文出版页轻量元数据,总目录保留；核心跨期节点、中国科技比较或高复用机制报告进入全文层,aef8770631a8afefb04779a6e698cbe65925ccb4fcfbb5b7a8c87bd99c09a3b9,2026-08-23
C-RATHENAU-2022-TOTAL-INVESTMENT-RESEARCH-AND-INNOVATION-2020-2026,C-RATHENAU-2022-TOTAL-INVESTMENT-RESEARCH-AND-INNOVATION-2020-2026,2022-08-31,Total Investment in Research and Innovation 2020-2026,Report,How the science system works,核心,否,https://www.rathenau.nl/en/how-science-system-works/total-investment-research-and-innovation-2020-2026,https://www.rathenau.nl/sites/default/files/2022-09/Vertaling%20TWIN%20incl%20figuren.pdf,,Rathenau官方英文出版页轻量元数据,已进入精选全文；按本地原始资产、文本和切片调用,1675d0deae2f9da5eaeb9adaff7558263a0b8280c26ca0cb65a32993fd80ca98,2026-08-23
C-RATHENAU-2023-MATTER-TIME,C-RATHENAU-2023-MATTER-TIME,2023-04-04,A Matter of Time,Report,Climate,语境,否,https://www.rathenau.nl/en/matter-time,https://www.rathenau.nl/sites/default/files/2023-04/A_Matter_of_Time_summary_Rathenau_Instituut.pdf,,Rathenau官方英文出版页轻量元数据,总目录保留；核心跨期节点、中国科技比较或高复用机制报告进入全文层,41652bf75439bdc57073e35ee9803bb88e0c176f440802fe325b16425d86e11f,2026-08-23
C-RATHENAU-2023-EDITING-UNDER-PROVISION,C-RATHENAU-2023-EDITING-UNDER-PROVISION,2023-04-13,Editing under provision,Report,Health,语境,否,https://www.rathenau.nl/en/health/editing-under-provision,https://www.rathenau.nl/sites/default/files/2023-04/Rapport_Editing_under_provision_Rathenau_Instituut.pdf,,Rathenau官方英文出版页轻量元数据,总目录保留；核心跨期节点、中国科技比较或高复用机制报告进入全文层,149907ca70bb80fded7be3bb824d15770d948b9f9a545344c274b026819b9a26,2026-08-23
C-RATHENAU-2023-FUTURE-RADIOACTIVE-WASTE-MANAGEMENT-LESSONS-EUROPE,C-RATHENAU-2023-FUTURE-RADIOACTIVE-WASTE-MANAGEMENT-LESSONS-EUROPE,2023-06-27,The future of radioactive waste management; lessons from Europe,Report,Climate,支撑,否,https://www.rathenau.nl/en/climate/future-radioactive-waste-management-lessons-europe,,,Rathenau官方英文出版页轻量元数据,总目录保留；核心跨期节点、中国科技比较或高复用机制报告进入全文层,68c90e5ce470970cdd93a0dca333b9b4c18e1fdc717279a556d3fd93f6052786,2026-08-23
C-RATHENAU-2023-IMMERSIVE-TECHNOLOGIES,C-RATHENAU-2023-IMMERSIVE-TECHNOLOGIES,2023-11-27,Immersive technologies,Report,Digitalisation,支撑,否,https://www.rathenau.nl/en/digitalisation/immersive-technologies,https://www.rathenau.nl/sites/default/files/2024-01/%28EN%29%20Rathenau%20Instituut%20I%20Scan%20I%20Immersieve%20technologieen%20Final_LM_schoon.pdf,,Rathenau官方英文出版页轻量元数据,总目录保留；核心跨期节点、中国科技比较或高复用机制报告进入全文层,024bdc35a611a29ca7fa3fa0b9b810d2d52cc632c6ad777c3619664afe61deb2,2026-08-23
C-RATHENAU-2024-NWO-PROGRAMMES-CURIOSITY-DRIVEN-RESEARCH,C-RATHENAU-2024-NWO-PROGRAMMES-CURIOSITY-DRIVEN-RESEARCH,2024-01-16,NWO programmes for curiosity-driven research,Report,How the science system works,核心,否,https://www.rathenau.nl/en/how-science-system-works/nwo-programmes-curiosity-driven-research,https://www.rathenau.nl/sites/default/files/2024-01/Rathenau%20Instituut%20I%20Rapport%20I%20NWO-programma%27s%20voor%20vrij%20onderzoek%20Engelse%20versie%20door%20DeepL%20aangepast%20PD_LM_schoon.pdf,,Rathenau官方英文出版页轻量元数据,已进入精选全文；按本地原始资产、文本和切片调用,6fd229a704c732022f98d56fd9610a0f8a1d7c2e40a472e685f533b6d85b5ad1,2026-08-23
C-RATHENAU-2024-GENERATIVE-AI,C-RATHENAU-2024-GENERATIVE-AI,2024-03-20,Generative AI,Report,Digitalisation,核心,否,https://www.rathenau.nl/en/digitalisation/generative-ai,https://www.rathenau.nl/sites/default/files/2024-03/Scan_Generative_AI_Rathenau_Instituut.pdf,,Rathenau官方英文出版页轻量元数据,总目录保留；核心跨期节点、中国科技比较或高复用机制报告进入全文层,d41cb0ac7147ab279172eaf11a4d1c56d844d0d982319cbd1d1924020940ba18,2026-08-23
C-RATHENAU-2024-INSECURE-START,C-RATHENAU-2024-INSECURE-START,2024-07-16,An insecure start,Report,How the science system works,核心,否,https://www.rathenau.nl/en/how-science-system-works/insecure-start,https://www.rathenau.nl/sites/default/files/2024-06/An%20Insecure%20Start.pdf,,Rathenau官方英文出版页轻量元数据,总目录保留；核心跨期节点、中国科技比较或高复用机制报告进入全文层,bf483562b7c4b5747ab965c1d1363060088cd774ee64c3ab3939f31fd63d9a8f,2026-08-23
C-RATHENAU-2024-KNOWLEDGE-FUTURE,C-RATHENAU-2024-KNOWLEDGE-FUTURE,2024-10-09,Knowledge of the Future,Report,How the science system works,核心,否,https://www.rathenau.nl/en/how-science-system-works/knowledge-future,https://www.rathenau.nl/sites/default/files/2024-10/Rathenau%20Instituut_REPORT_Knowledge%20of%20the%20Future.pdf,,Rathenau官方英文出版页轻量元数据,已进入精选全文；按本地原始资产、文本和切片调用,af7e1e3bfb617d7437e76ba4d37d8aee7d212d769e688402f9dc98819bbfd2cd,2026-08-23
C-RATHENAU-2024-TAKING-STEPS-TOGETHER-NOW,C-RATHENAU-2024-TAKING-STEPS-TOGETHER-NOW,2024-10-11,Taking steps together now,Report,Climate,语境,否,https://www.rathenau.nl/en/climate/taking-steps-together-now,https://www.rathenau.nl/sites/default/files/2024-10/Rapport_Nu_samen_stappen_maken_Rathenau_Instituut_en_10-10.pdf,,Rathenau官方英文出版页轻量元数据,总目录保留；核心跨期节点、中国科技比较或高复用机制报告进入全文层,6764fa32291884a34b2e7df59124963f77f2824663ce91685ace0b5bd076f5d7,2026-08-23
C-RATHENAU-2025-WELCOME-BABYSHOWER,C-RATHENAU-2025-WELCOME-BABYSHOWER,2025-02-04,Welcome to the babyshower,Report,Health,语境,否,https://www.rathenau.nl/en/health/welcome-babyshower,https://www.rathenau.nl/sites/default/files/2025-02/Welcome%20to%20the%20babyshower%20-%2031-01-2025_LM.pdf,,Rathenau官方英文出版页轻量元数据,总目录保留；核心跨期节点、中国科技比较或高复用机制报告进入全文层,92e65c9e50525ae16d83988cbbc786998dd883ed08603a1d5a326dfcb92841ad,2026-08-23
C-RATHENAU-2025-NEUROTECHNOLOGY,C-RATHENAU-2025-NEUROTECHNOLOGY,2025-03-04,Neurotechnology,Report,Health,核心,否,https://www.rathenau.nl/en/health/neurotechnology,https://www.rathenau.nl/sites/default/files/2025-03/Rathenau%20Scan%20Neurotechnologie_ENG.pdf,,Rathenau官方英文出版页轻量元数据,总目录保留；核心跨期节点、中国科技比较或高复用机制报告进入全文层,4c487f3829d5ac3ca617554aa74626c315f6b5fb022c8aba4194e17f76ecd1d2,2026-08-23
C-RATHENAU-2025-CHINA-SCIENTIFIC-SUPERPOWER,C-RATHENAU-2025-CHINA-SCIENTIFIC-SUPERPOWER,2025-06-02,China: a scientific superpower in the making,Factsheet,Science in figures,核心,是,https://www.rathenau.nl/en/science-figures/process/collaboration/china-scientific-superpower-making,,"Exchanging knowledge is beneficial for a country like the Netherlands. Unsurprisingly, international cooperation is one of the pillars of Dutch science policy. However, international cooperation also involves risks. In recent years, the Netherlands and the European Union have increased their focus on knowledge security. Previously, the Rathenau Instituut emphasized the importance of conscious strategic international collaborations, especially for scientists, institutions, and the Ministry of Education, Culture, and Science. In this way, we avoid becoming dependent on foreign funding and we can limit the risk of external influences on research. Cooperation with researchers from undemocratic and unfree countries is growing and geopolitical relations are shifting. To illustrate this, we will look at the phenomenal size and growth of scientific research in China. We compare China with the US, the EU, and the Netherlands and look at the increasing cooperation between Dutch and Chinese scientists.",Rathenau官方英文出版页轻量元数据,已进入精选全文；按本地原始资产、文本和切片调用,4b829e462f144a8da81ab60a7c9e1007744ecfd8a39a6f7f5562ec01974ad722,2026-08-23
C-RATHENAU-2025-INCLUSIVE-ONLINE-SUMMARY,C-RATHENAU-2025-INCLUSIVE-ONLINE-SUMMARY,2025-08-28,Inclusive online (summary),Report,Digitalisation,语境,否,https://www.rathenau.nl/en/digitalisation/reviewing-relationship-technology-companies/inclusive-online-summary,https://www.rathenau.nl/sites/default/files/2025-08/Inclusive-Online-Summary-Rathenau-Instituut.pdf；https://www.rathenau.nl/sites/default/files/2025-09/Speculatieve-prototypes-Inclusief-Online-Rathenau-Instituut.pdf,,Rathenau官方英文出版页轻量元数据,总目录保留；核心跨期节点、中国科技比较或高复用机制报告进入全文层,11ce2e9b3821fc3b7b6602fc095a8e315427b8ee60e52d1fea22ea9d724bd264,2026-08-23
C-RATHENAU-2025-HOLLANDS-NEXT-EMBRYO-MODEL,C-RATHENAU-2025-HOLLANDS-NEXT-EMBRYO-MODEL,2025-10-28,Holland's Next Embryo Model,Report,Health,核心,否,https://www.rathenau.nl/en/health/towards-responsible-medical-biotechnology/hollands-next-embryo-model,https://www.rathenau.nl/sites/default/files/2025-11/Report%20Rathenau%20Instituut%20Holland%27s%20Next%20Embryo%20Model_ENGELS.pdf,,Rathenau官方英文出版页轻量元数据,总目录保留；核心跨期节点、中国科技比较或高复用机制报告进入全文层,6625380faafa64246a854be913660eb8bab8b0a37b4c65fc9a94d2f16ae22641,2026-08-23
C-RATHENAU-2026-SCROLLING-BALLOT-BOX,C-RATHENAU-2026-SCROLLING-BALLOT-BOX,2026-03-10,Scrolling to the ballot box,Report,Digitalisation,语境,否,https://www.rathenau.nl/en/digitalisation/reviewing-relationship-technology-companies/scrolling-ballot-box,https://www.rathenau.nl/sites/default/files/2026-05/Scrollend_naar_de_stembus_Rathenau_Instituut_ENfinal.pdf,,Rathenau官方英文出版页轻量元数据,总目录保留；核心跨期节点、中国科技比较或高复用机制报告进入全文层,ee7d37b58349bce86b1841ffda7f9c3256e737108029bb8582ee7585d9b2b27e,2026-08-23
C-RATHENAU-2026-GEOPOLITICS-SCIENCE-POLICY,C-RATHENAU-2026-GEOPOLITICS-SCIENCE-POLICY,2026-05-04,Geopolitics in Science Policy,Report,Knowledge and innovation for transitions,核心,是,https://www.rathenau.nl/en/knowledge-and-innovation-transitions/challenge-driven-knowledge-and-innovation-policy/geopolitics-science-policy,https://www.rathenau.nl/sites/default/files/2026-05/Geopolitics%20in%20science%20policy%20.pdf,,Rathenau官方英文出版页轻量元数据,已进入精选全文；按本地原始资产、文本和切片调用,5fd5d7e01604fa10b8e8941b44940fc0cc556bd5d8a53058236f1c52b2eb3fdd,2026-08-23
