报告ID,发布日期,报告名称,官方文类,官方文号,官方落地页,官方PDF入口,本地原始PDF,本地页面HTML,本地文本,本地切片,页数,字节数,清洗文本字符数,China词形命中数,SHA256,科技创新主轴,科技创新复用角色,选择理由,获取日期
C-EU-STOA-EPRS-STU-2016-563501,2016-06-28,Ethical Aspects of Cyber-Physical Systems,Study,EPRS_STU(2016)563501,https://www.europarl.europa.eu/stoa/en/document/EPRS_STU(2016)563501,http://www.europarl.europa.eu/RegData/etudes/STUD/2016/563501/EPRS_STU(2016)563501_EN.pdf,C:\Users\WINDOWS\OneDrive\知识库\智库信息爬虫\国际主要科技智库观点演变_研判\03_证据底稿\原文PDF\C-EU-STOA-EPRS-STU-2016-563501.pdf,C:\Users\WINDOWS\OneDrive\知识库\智库信息爬虫\国际主要科技智库观点演变_研判\03_证据底稿\网页原文\C-EU-STOA-EPRS-STU-2016-563501.html,C:\Users\WINDOWS\OneDrive\知识库\智库信息爬虫\国际主要科技智库观点演变_研判\03_证据底稿\文本\C-EU-STOA-EPRS-STU-2016-563501.txt,C:\Users\WINDOWS\OneDrive\知识库\智库信息爬虫\国际主要科技智库观点演变_研判\03_证据底稿\切片\C-EU-STOA-EPRS-STU-2016-563501.md,48,1789405,117903,1,7e505d491678c1cf28efc525452f46ac83252d18d49ab73a4f9c7384701f4472,技术评估与前瞻方法；关键技术与产业转化,以网络物理系统为样本建立技术评估、社会影响和政策响应的前序基线,跨期节点；解释科学体系、技术评估、研发政策或技术转化机制；安全与一般治理不单独触发,2026-08-23
C-EU-STOA-EPRS-STU-2017-603183,2017-07-05,Horizon scanning and analysis of techno-scientific trends: Scientific Foresight Study,Study,EPRS_STU(2017)603183,https://www.europarl.europa.eu/stoa/en/document/EPRS_STU(2017)603183,http://www.europarl.europa.eu/RegData/etudes/STUD/2017/603183/EPRS_STU(2017)603183_EN.pdf,C:\Users\WINDOWS\OneDrive\知识库\智库信息爬虫\国际主要科技智库观点演变_研判\03_证据底稿\原文PDF\C-EU-STOA-EPRS-STU-2017-603183.pdf,C:\Users\WINDOWS\OneDrive\知识库\智库信息爬虫\国际主要科技智库观点演变_研判\03_证据底稿\网页原文\C-EU-STOA-EPRS-STU-2017-603183.html,C:\Users\WINDOWS\OneDrive\知识库\智库信息爬虫\国际主要科技智库观点演变_研判\03_证据底稿\文本\C-EU-STOA-EPRS-STU-2017-603183.txt,C:\Users\WINDOWS\OneDrive\知识库\智库信息爬虫\国际主要科技智库观点演变_研判\03_证据底稿\切片\C-EU-STOA-EPRS-STU-2017-603183.md,90,2708470,65083,2,fc0158a45be1bcf89561063b0a6a4ddafa6a42197a9952e1213bad3567f78d9f,技术评估与前瞻方法；科研体系与研发资助,STOA科学前瞻与技术扫描方法的核心节点,跨期节点；解释科学体系、技术评估、研发政策或技术转化机制；安全与一般治理不单独触发,2026-08-23
C-EU-STOA-EPRS-STU-2017-614531,2017-12-20,Achieving a sovereign and trustworthy ICT industry in the EU,Study,EPRS_STU(2017)614531,https://www.europarl.europa.eu/stoa/en/document/EPRS_STU(2017)614531,http://www.europarl.europa.eu/RegData/etudes/STUD/2017/614531/EPRS_STU(2017)614531(ANN1)_EN.pdf,C:\Users\WINDOWS\OneDrive\知识库\智库信息爬虫\国际主要科技智库观点演变_研判\03_证据底稿\原文PDF\C-EU-STOA-EPRS-STU-2017-614531.pdf,C:\Users\WINDOWS\OneDrive\知识库\智库信息爬虫\国际主要科技智库观点演变_研判\03_证据底稿\网页原文\C-EU-STOA-EPRS-STU-2017-614531.html,C:\Users\WINDOWS\OneDrive\知识库\智库信息爬虫\国际主要科技智库观点演变_研判\03_证据底稿\文本\C-EU-STOA-EPRS-STU-2017-614531.txt,C:\Users\WINDOWS\OneDrive\知识库\智库信息爬虫\国际主要科技智库观点演变_研判\03_证据底稿\切片\C-EU-STOA-EPRS-STU-2017-614531.md,4,333453,17863,0,1b2070ae531d519a047dde4c7bfbd93706a7a6b14be871a6d4a933b70a2a17b8,关键技术与产业转化；创新政策与区域能力,欧盟ICT产业能力、研发基础和技术主权议题的早期系统材料,跨期节点；解释科学体系、技术评估、研发政策或技术转化机制；安全与一般治理不单独触发,2026-08-23
C-EU-STOA-EPRS-STU-2018-614537,2018-03-14,Overcoming innovation gaps in the EU-13 Member States,Study,EPRS_STU(2018)614537,https://www.europarl.europa.eu/stoa/en/document/EPRS_STU(2018)614537,http://www.europarl.europa.eu/RegData/etudes/STUD/2018/614537/EPRS_STU(2018)614537_EN.pdf,C:\Users\WINDOWS\OneDrive\知识库\智库信息爬虫\国际主要科技智库观点演变_研判\03_证据底稿\原文PDF\C-EU-STOA-EPRS-STU-2018-614537.pdf,C:\Users\WINDOWS\OneDrive\知识库\智库信息爬虫\国际主要科技智库观点演变_研判\03_证据底稿\网页原文\C-EU-STOA-EPRS-STU-2018-614537.html,C:\Users\WINDOWS\OneDrive\知识库\智库信息爬虫\国际主要科技智库观点演变_研判\03_证据底稿\文本\C-EU-STOA-EPRS-STU-2018-614537.txt,C:\Users\WINDOWS\OneDrive\知识库\智库信息爬虫\国际主要科技智库观点演变_研判\03_证据底稿\切片\C-EU-STOA-EPRS-STU-2018-614537.md,144,2469660,434109,19,ff9175275bf5c1e33ac8c80af9d0e9280dd9154c1d57306bd77e938ef6682d2d,创新政策与区域能力；科研体系与研发资助,区域创新能力差距、科研投入与政策工具的比较节点,跨期节点；解释科学体系、技术评估、研发政策或技术转化机制；安全与一般治理不单独触发,2026-08-23
C-EU-STOA-EPRS-STU-2018-614546,2018-07-04,New technologies and regional policy:Towards the next cohesion policy framework,Study,EPRS_STU(2018)614546,https://www.europarl.europa.eu/stoa/en/document/EPRS_STU(2018)614546,http://www.europarl.europa.eu/RegData/etudes/STUD/2018/614546/EPRS_STU(2018)614546_EN.pdf,C:\Users\WINDOWS\OneDrive\知识库\智库信息爬虫\国际主要科技智库观点演变_研判\03_证据底稿\原文PDF\C-EU-STOA-EPRS-STU-2018-614546.pdf,C:\Users\WINDOWS\OneDrive\知识库\智库信息爬虫\国际主要科技智库观点演变_研判\03_证据底稿\网页原文\C-EU-STOA-EPRS-STU-2018-614546.html,C:\Users\WINDOWS\OneDrive\知识库\智库信息爬虫\国际主要科技智库观点演变_研判\03_证据底稿\文本\C-EU-STOA-EPRS-STU-2018-614546.txt,C:\Users\WINDOWS\OneDrive\知识库\智库信息爬虫\国际主要科技智库观点演变_研判\03_证据底稿\切片\C-EU-STOA-EPRS-STU-2018-614546.md,72,3543009,221529,0,987ccc887b0dd3586bef42add7feda42c8f0fd2b7b5fdd1aeef456839a3c9340,创新政策与区域能力；关键技术与产业转化,新技术扩散与区域创新政策结合的机制材料,跨期节点；解释科学体系、技术评估、研发政策或技术转化机制；安全与一般治理不单独触发,2026-08-23
C-EU-STOA-EPRS-STU-2019-634444,2019-07-24,Internationalisation of EU research organisations,Study,EPRS_STU(2019)634444,https://www.europarl.europa.eu/stoa/en/document/EPRS_STU(2019)634444,http://www.europarl.europa.eu/RegData/etudes/STUD/2019/634444/EPRS_STU(2019)634444_EN.pdf,C:\Users\WINDOWS\OneDrive\知识库\智库信息爬虫\国际主要科技智库观点演变_研判\03_证据底稿\原文PDF\C-EU-STOA-EPRS-STU-2019-634444.pdf,C:\Users\WINDOWS\OneDrive\知识库\智库信息爬虫\国际主要科技智库观点演变_研判\03_证据底稿\网页原文\C-EU-STOA-EPRS-STU-2019-634444.html,C:\Users\WINDOWS\OneDrive\知识库\智库信息爬虫\国际主要科技智库观点演变_研判\03_证据底稿\文本\C-EU-STOA-EPRS-STU-2019-634444.txt,C:\Users\WINDOWS\OneDrive\知识库\智库信息爬虫\国际主要科技智库观点演变_研判\03_证据底稿\切片\C-EU-STOA-EPRS-STU-2019-634444.md,116,6289047,278399,65,99511431bea5d2b5a3717ea6c8f6f0de65ceca1ddbcbde08ebaf4de4ea81179a,国际科研合作与开放条件；科研体系与研发资助,科研组织国际化、合作网络和开放条件的跨国比较,跨期节点；解释科学体系、技术评估、研发政策或技术转化机制；安全与一般治理不单独触发,2026-08-23
C-EU-STOA-EPRS-STU-2019-634447,2019-07-24,How the General Data Protection Regulation changes the rules for scientific research,Study,EPRS_STU(2019)634447,https://www.europarl.europa.eu/stoa/en/document/EPRS_STU(2019)634447,http://www.europarl.europa.eu/RegData/etudes/STUD/2019/634447/EPRS_STU(2019)634447_EN.pdf,C:\Users\WINDOWS\OneDrive\知识库\智库信息爬虫\国际主要科技智库观点演变_研判\03_证据底稿\原文PDF\C-EU-STOA-EPRS-STU-2019-634447.pdf,C:\Users\WINDOWS\OneDrive\知识库\智库信息爬虫\国际主要科技智库观点演变_研判\03_证据底稿\网页原文\C-EU-STOA-EPRS-STU-2019-634447.html,C:\Users\WINDOWS\OneDrive\知识库\智库信息爬虫\国际主要科技智库观点演变_研判\03_证据底稿\文本\C-EU-STOA-EPRS-STU-2019-634447.txt,C:\Users\WINDOWS\OneDrive\知识库\智库信息爬虫\国际主要科技智库观点演变_研判\03_证据底稿\切片\C-EU-STOA-EPRS-STU-2019-634447.md,104,1084193,313192,0,33578da67c040e7a42a876290bacc5484845cd1fe1a383c8f98315eede24aad9,国际科研合作与开放条件；科研体系与研发资助,数据制度改变科学研究组织方式和跨境合作条件的节点,跨期节点；解释科学体系、技术评估、研发政策或技术转化机制；安全与一般治理不单独触发,2026-08-23
C-EU-STOA-EPRS-IDA-2020-641542,2020-06-17,Exploring the performance gap in EU Framework Programmes between EU13 and EU15 Member States,In-Depth Analysis,EPRS_IDA(2020)641542,https://www.europarl.europa.eu/stoa/en/document/EPRS_IDA(2020)641542,http://www.europarl.europa.eu/RegData/etudes/IDAN/2020/641542/EPRS_IDA(2020)641542_EN.pdf,C:\Users\WINDOWS\OneDrive\知识库\智库信息爬虫\国际主要科技智库观点演变_研判\03_证据底稿\原文PDF\C-EU-STOA-EPRS-IDA-2020-641542.pdf,C:\Users\WINDOWS\OneDrive\知识库\智库信息爬虫\国际主要科技智库观点演变_研判\03_证据底稿\网页原文\C-EU-STOA-EPRS-IDA-2020-641542.html,C:\Users\WINDOWS\OneDrive\知识库\智库信息爬虫\国际主要科技智库观点演变_研判\03_证据底稿\文本\C-EU-STOA-EPRS-IDA-2020-641542.txt,C:\Users\WINDOWS\OneDrive\知识库\智库信息爬虫\国际主要科技智库观点演变_研判\03_证据底稿\切片\C-EU-STOA-EPRS-IDA-2020-641542.md,40,735018,98015,0,baa88a311fd07b88474acfccada664d4cf6e87fe5da34ac69c5a5b92ca022284,科研体系与研发资助；创新政策与区域能力,欧盟框架计划参与和绩效差距的定量比较,跨期节点；解释科学体系、技术评估、研发政策或技术转化机制；安全与一般治理不单独触发,2026-08-23
C-EU-STOA-EPRS-IDA-2020-641543,2020-04-22,Ten technologies to fight coronavirus,In-Depth Analysis,EPRS_IDA(2020)641543,https://www.europarl.europa.eu/stoa/en/document/EPRS_IDA(2020)641543,http://www.europarl.europa.eu/RegData/etudes/IDAN/2020/641543/EPRS_IDA(2020)641543_EN.pdf,C:\Users\WINDOWS\OneDrive\知识库\智库信息爬虫\国际主要科技智库观点演变_研判\03_证据底稿\原文PDF\C-EU-STOA-EPRS-IDA-2020-641543.pdf,C:\Users\WINDOWS\OneDrive\知识库\智库信息爬虫\国际主要科技智库观点演变_研判\03_证据底稿\网页原文\C-EU-STOA-EPRS-IDA-2020-641543.html,C:\Users\WINDOWS\OneDrive\知识库\智库信息爬虫\国际主要科技智库观点演变_研判\03_证据底稿\文本\C-EU-STOA-EPRS-IDA-2020-641543.txt,C:\Users\WINDOWS\OneDrive\知识库\智库信息爬虫\国际主要科技智库观点演变_研判\03_证据底稿\切片\C-EU-STOA-EPRS-IDA-2020-641543.md,28,1152671,100423,22,a90103af78b01e34f900494cc41fbbd8b1221852faf9f98211f229279aa8e12c,关键技术与产业转化；技术评估与前瞻方法,公共危机中多技术组合从研发到应用的快速评估样本,跨期节点；解释科学体系、技术评估、研发政策或技术转化机制；安全与一般治理不单独触发,2026-08-23
C-EU-STOA-EPRS-STU-2021-690029,2021-11-25,A framework for foresight intelligence - Part 1: Horizon scanning tailored to STOA's needs,Study,EPRS_STU(2021)690029,https://www.europarl.europa.eu/stoa/en/document/EPRS_STU(2021)690029,http://www.europarl.europa.eu/RegData/etudes/STUD/2021/690029/EPRS_STU(2021)690029_EN.pdf,C:\Users\WINDOWS\OneDrive\知识库\智库信息爬虫\国际主要科技智库观点演变_研判\03_证据底稿\原文PDF\C-EU-STOA-EPRS-STU-2021-690029.pdf,C:\Users\WINDOWS\OneDrive\知识库\智库信息爬虫\国际主要科技智库观点演变_研判\03_证据底稿\网页原文\C-EU-STOA-EPRS-STU-2021-690029.html,C:\Users\WINDOWS\OneDrive\知识库\智库信息爬虫\国际主要科技智库观点演变_研判\03_证据底稿\文本\C-EU-STOA-EPRS-STU-2021-690029.txt,C:\Users\WINDOWS\OneDrive\知识库\智库信息爬虫\国际主要科技智库观点演变_研判\03_证据底稿\切片\C-EU-STOA-EPRS-STU-2021-690029.md,185,4682443,257043,29,16cf4bf1993672857b886532db3c85e7fcb7407dbd7c4a8fdeb578b320553e0a,技术评估与前瞻方法,从专题技术评估转向持续前瞻情报体系的方法节点,跨期节点；解释科学体系、技术评估、研发政策或技术转化机制；安全与一般治理不单独触发,2026-08-23
C-EU-STOA-EPRS-STU-2021-697184,2021-12-16,Key enabling technologies for Europe's technological sovereignty,Study,EPRS_STU(2021)697184,https://www.europarl.europa.eu/stoa/en/document/EPRS_STU(2021)697184,http://www.europarl.europa.eu/RegData/etudes/STUD/2021/697184/EPRS_STU(2021)697184_EN.pdf,C:\Users\WINDOWS\OneDrive\知识库\智库信息爬虫\国际主要科技智库观点演变_研判\03_证据底稿\原文PDF\C-EU-STOA-EPRS-STU-2021-697184.pdf,C:\Users\WINDOWS\OneDrive\知识库\智库信息爬虫\国际主要科技智库观点演变_研判\03_证据底稿\网页原文\C-EU-STOA-EPRS-STU-2021-697184.html,C:\Users\WINDOWS\OneDrive\知识库\智库信息爬虫\国际主要科技智库观点演变_研判\03_证据底稿\文本\C-EU-STOA-EPRS-STU-2021-697184.txt,C:\Users\WINDOWS\OneDrive\知识库\智库信息爬虫\国际主要科技智库观点演变_研判\03_证据底稿\切片\C-EU-STOA-EPRS-STU-2021-697184.md,113,3153000,306051,181,7545da0e84cf804197ad5b48cf8b32fdbe4003b2696f759e08a6360511280d7c,关键技术与产业转化；创新政策与区域能力,关键使能技术、产业能力和技术主权的政策组合,跨期节点；解释科学体系、技术评估、研发政策或技术转化机制；安全与一般治理不单独触发,2026-08-23
C-EU-STOA-EPRS-STU-2021-697197,2021-12-21,European pharmaceutical research and development: Could public infrastructure overcome market failures?,Study,EPRS_STU(2021)697197,https://www.europarl.europa.eu/stoa/en/document/EPRS_STU(2021)697197,https://www.europarl.europa.eu/RegData/etudes/STUD/2021/697197/EPRS_STU(2021)697197(ANN02)_EN.pdf,C:\Users\WINDOWS\OneDrive\知识库\智库信息爬虫\国际主要科技智库观点演变_研判\03_证据底稿\原文PDF\C-EU-STOA-EPRS-STU-2021-697197.pdf,C:\Users\WINDOWS\OneDrive\知识库\智库信息爬虫\国际主要科技智库观点演变_研判\03_证据底稿\网页原文\C-EU-STOA-EPRS-STU-2021-697197.html,C:\Users\WINDOWS\OneDrive\知识库\智库信息爬虫\国际主要科技智库观点演变_研判\03_证据底稿\文本\C-EU-STOA-EPRS-STU-2021-697197.txt,C:\Users\WINDOWS\OneDrive\知识库\智库信息爬虫\国际主要科技智库观点演变_研判\03_证据底稿\切片\C-EU-STOA-EPRS-STU-2021-697197.md,4,72587,15016,0,638cfbbb84b44a75317ea20666794155e975da4abe868e2850e4499af982ec8f,科研体系与研发资助；关键技术与产业转化,公共科研基础设施介入药物研发市场失灵的组织机制,跨期节点；解释科学体系、技术评估、研发政策或技术转化机制；安全与一般治理不单独触发,2026-08-23
C-EU-STOA-EPRS-STU-2022-697218,2022-05-05,A reimbursement system based on a fixed lump sum - Is it the right tool for the EU Framework Programme for research?,Study,EPRS_STU(2022)697218,https://www.europarl.europa.eu/stoa/en/document/EPRS_STU(2022)697218,http://www.europarl.europa.eu/RegData/etudes/STUD/2022/697218/EPRS_STU(2022)697218_EN.pdf,C:\Users\WINDOWS\OneDrive\知识库\智库信息爬虫\国际主要科技智库观点演变_研判\03_证据底稿\原文PDF\C-EU-STOA-EPRS-STU-2022-697218.pdf,C:\Users\WINDOWS\OneDrive\知识库\智库信息爬虫\国际主要科技智库观点演变_研判\03_证据底稿\网页原文\C-EU-STOA-EPRS-STU-2022-697218.html,C:\Users\WINDOWS\OneDrive\知识库\智库信息爬虫\国际主要科技智库观点演变_研判\03_证据底稿\文本\C-EU-STOA-EPRS-STU-2022-697218.txt,C:\Users\WINDOWS\OneDrive\知识库\智库信息爬虫\国际主要科技智库观点演变_研判\03_证据底稿\切片\C-EU-STOA-EPRS-STU-2022-697218.md,57,1120021,141475,0,4c435b9d84eac4f5bbad1cd0aea5f1c622f1aa1e15e1efe0c4f07de39fad5def,科研体系与研发资助；创新政策与区域能力,欧盟科研项目资助和报销机制改革的制度评估,跨期节点；解释科学体系、技术评估、研发政策或技术转化机制；安全与一般治理不单独触发,2026-08-23
C-EU-STOA-EPRS-STU-2022-737114,2022-10-19,Fostering coherence in EU health research: Strengthening EU research for better health,Study,EPRS_STU(2022)737114,https://www.europarl.europa.eu/stoa/en/document/EPRS_STU(2022)737114,https://www.europarl.europa.eu/RegData/etudes/STUD/2022/737114/EPRS_STU(2022)737114_EN.pdf,C:\Users\WINDOWS\OneDrive\知识库\智库信息爬虫\国际主要科技智库观点演变_研判\03_证据底稿\原文PDF\C-EU-STOA-EPRS-STU-2022-737114.pdf,C:\Users\WINDOWS\OneDrive\知识库\智库信息爬虫\国际主要科技智库观点演变_研判\03_证据底稿\网页原文\C-EU-STOA-EPRS-STU-2022-737114.html,C:\Users\WINDOWS\OneDrive\知识库\智库信息爬虫\国际主要科技智库观点演变_研判\03_证据底稿\文本\C-EU-STOA-EPRS-STU-2022-737114.txt,C:\Users\WINDOWS\OneDrive\知识库\智库信息爬虫\国际主要科技智库观点演变_研判\03_证据底稿\切片\C-EU-STOA-EPRS-STU-2022-737114.md,63,1826481,179060,16,f14c6d2fae21c28f267a9bf8b0a81217b7b19a7834d43fbacc164f87107938c8,科研体系与研发资助；国际科研合作与开放条件,健康研究计划协调、跨层级治理与科研能力建设,跨期节点；解释科学体系、技术评估、研发政策或技术转化机制；安全与一般治理不单独触发,2026-08-23
C-EU-STOA-EPRS-STU-2023-740259,2023-06-15,Analysis exploring risks and opportunities linked to the use of collaborative industrial robots in Europe,Study,EPRS_STU(2023)740259,https://www.europarl.europa.eu/stoa/en/document/EPRS_STU(2023)740259,https://www.europarl.europa.eu/RegData/etudes/STUD/2023/740259/EPRS_STU(2023)740259_EN.pdf,C:\Users\WINDOWS\OneDrive\知识库\智库信息爬虫\国际主要科技智库观点演变_研判\03_证据底稿\原文PDF\C-EU-STOA-EPRS-STU-2023-740259.pdf,C:\Users\WINDOWS\OneDrive\知识库\智库信息爬虫\国际主要科技智库观点演变_研判\03_证据底稿\网页原文\C-EU-STOA-EPRS-STU-2023-740259.html,C:\Users\WINDOWS\OneDrive\知识库\智库信息爬虫\国际主要科技智库观点演变_研判\03_证据底稿\文本\C-EU-STOA-EPRS-STU-2023-740259.txt,C:\Users\WINDOWS\OneDrive\知识库\智库信息爬虫\国际主要科技智库观点演变_研判\03_证据底稿\切片\C-EU-STOA-EPRS-STU-2023-740259.md,51,3589920,122230,5,3cf4d532f82a281ab06b71870374a68c63cb88bad17b2373a3720b7691149b69,关键技术与产业转化；创新政策与区域能力,协作机器人产业应用、技术能力与劳动组织的综合评估,跨期节点；解释科学体系、技术评估、研发政策或技术转化机制；安全与一般治理不单独触发,2026-08-23
C-EU-STOA-EPRS-STU-2023-753166,2023-11-23,Improving public access to medicines and promoting pharmaceutical innovation,Study,EPRS_STU(2023)753166,https://www.europarl.europa.eu/stoa/en/document/EPRS_STU(2023)753166,https://www.europarl.europa.eu/RegData/etudes/STUD/2023/753166/EPRS_STU(2023)753166_EN.pdf,C:\Users\WINDOWS\OneDrive\知识库\智库信息爬虫\国际主要科技智库观点演变_研判\03_证据底稿\原文PDF\C-EU-STOA-EPRS-STU-2023-753166.pdf,C:\Users\WINDOWS\OneDrive\知识库\智库信息爬虫\国际主要科技智库观点演变_研判\03_证据底稿\网页原文\C-EU-STOA-EPRS-STU-2023-753166.html,C:\Users\WINDOWS\OneDrive\知识库\智库信息爬虫\国际主要科技智库观点演变_研判\03_证据底稿\文本\C-EU-STOA-EPRS-STU-2023-753166.txt,C:\Users\WINDOWS\OneDrive\知识库\智库信息爬虫\国际主要科技智库观点演变_研判\03_证据底稿\切片\C-EU-STOA-EPRS-STU-2023-753166.md,107,1416142,324409,4,3e407b741f4a84f77c7f6929f72a87971e4e0a81456e5031294e012fe14a9276,关键技术与产业转化；科研体系与研发资助,药物可及性与制药创新激励之间的政策机制,跨期节点；解释科学体系、技术评估、研发政策或技术转化机制；安全与一般治理不单独触发,2026-08-23
C-EU-STOA-EPRS-STU-2024-757813,2024-07-04,The Horizon Europe Programme: A strategic assessment of selected items,Study,EPRS_STU(2024)757813,https://www.europarl.europa.eu/stoa/en/document/EPRS_STU(2024)757813,https://www.europarl.europa.eu/RegData/etudes/STUD/2024/757813/EPRS_STU(2024)757813_EN.pdf,C:\Users\WINDOWS\OneDrive\知识库\智库信息爬虫\国际主要科技智库观点演变_研判\03_证据底稿\原文PDF\C-EU-STOA-EPRS-STU-2024-757813.pdf,C:\Users\WINDOWS\OneDrive\知识库\智库信息爬虫\国际主要科技智库观点演变_研判\03_证据底稿\网页原文\C-EU-STOA-EPRS-STU-2024-757813.html,C:\Users\WINDOWS\OneDrive\知识库\智库信息爬虫\国际主要科技智库观点演变_研判\03_证据底稿\文本\C-EU-STOA-EPRS-STU-2024-757813.txt,C:\Users\WINDOWS\OneDrive\知识库\智库信息爬虫\国际主要科技智库观点演变_研判\03_证据底稿\切片\C-EU-STOA-EPRS-STU-2024-757813.md,97,1450677,264482,5,c15b2686a6febb242129ea136f6d7ac008197dfdec28ca9b6436deffad421b7b,科研体系与研发资助；创新政策与区域能力,Horizon Europe执行结构、任务工具和创新绩效的战略评估,跨期节点；解释科学体系、技术评估、研发政策或技术转化机制；安全与一般治理不单独触发,2026-08-23
C-EU-STOA-EPRS-STU-2024-762848,2024-07-17,The role of research and innovation in ensuring a safe and sustainable supply of critical raw materials in the EU,Study,EPRS_STU(2024)762848,https://www.europarl.europa.eu/stoa/en/document/EPRS_STU(2024)762848,https://www.europarl.europa.eu/RegData/etudes/STUD/2024/762848/EPRS_STU(2024)762848_EN.pdf,C:\Users\WINDOWS\OneDrive\知识库\智库信息爬虫\国际主要科技智库观点演变_研判\03_证据底稿\原文PDF\C-EU-STOA-EPRS-STU-2024-762848.pdf,C:\Users\WINDOWS\OneDrive\知识库\智库信息爬虫\国际主要科技智库观点演变_研判\03_证据底稿\网页原文\C-EU-STOA-EPRS-STU-2024-762848.html,C:\Users\WINDOWS\OneDrive\知识库\智库信息爬虫\国际主要科技智库观点演变_研判\03_证据底稿\文本\C-EU-STOA-EPRS-STU-2024-762848.txt,C:\Users\WINDOWS\OneDrive\知识库\智库信息爬虫\国际主要科技智库观点演变_研判\03_证据底稿\切片\C-EU-STOA-EPRS-STU-2024-762848.md,84,2983919,243366,32,9704716d57d2180394c96b2034aac4de9670b911dc94e1f17bbc379c2619bf7b,关键技术与产业转化；国际科研合作与开放条件,以关键原材料为对象分析研发创新、替代技术和循环利用能力,跨期节点；解释科学体系、技术评估、研发政策或技术转化机制；安全与一般治理不单独触发,2026-08-23
C-EU-STOA-EPRS-STU-2025-765780,2025-06-19,Evolution and/or disruption? Designing the next Framework Programme for Research and Innovation,Study,EPRS_STU(2025)765780,https://www.europarl.europa.eu/stoa/en/document/EPRS_STU(2025)765780,https://www.europarl.europa.eu/RegData/etudes/STUD/2025/765780/EPRS_STU(2025)765780_EN.pdf,C:\Users\WINDOWS\OneDrive\知识库\智库信息爬虫\国际主要科技智库观点演变_研判\03_证据底稿\原文PDF\C-EU-STOA-EPRS-STU-2025-765780.pdf,C:\Users\WINDOWS\OneDrive\知识库\智库信息爬虫\国际主要科技智库观点演变_研判\03_证据底稿\网页原文\C-EU-STOA-EPRS-STU-2025-765780.html,C:\Users\WINDOWS\OneDrive\知识库\智库信息爬虫\国际主要科技智库观点演变_研判\03_证据底稿\文本\C-EU-STOA-EPRS-STU-2025-765780.txt,C:\Users\WINDOWS\OneDrive\知识库\智库信息爬虫\国际主要科技智库观点演变_研判\03_证据底稿\切片\C-EU-STOA-EPRS-STU-2025-765780.md,135,4235987,384096,5,3f5cad36d59104a5bf243581162a24649b08e2c8acb184a9e1d33aa8a269ba27,科研体系与研发资助；技术评估与前瞻方法,面向下一期欧盟科研创新框架计划的情景设计和制度重构,跨期节点；解释科学体系、技术评估、研发政策或技术转化机制；安全与一般治理不单独触发,2026-08-23
C-EU-STOA-EPRS-STU-2026-774682,2026-05-22,'Widening' Indicator: Leveraging the potential for inclusive European research and innovation,Study,EPRS_STU(2026)774682,https://www.europarl.europa.eu/stoa/en/document/EPRS_STU(2026)774682,https://www.europarl.europa.eu/RegData/etudes/STUD/2026/774682/EPRS_STU(2026)774682_EN.pdf,C:\Users\WINDOWS\OneDrive\知识库\智库信息爬虫\国际主要科技智库观点演变_研判\03_证据底稿\原文PDF\C-EU-STOA-EPRS-STU-2026-774682.pdf,C:\Users\WINDOWS\OneDrive\知识库\智库信息爬虫\国际主要科技智库观点演变_研判\03_证据底稿\网页原文\C-EU-STOA-EPRS-STU-2026-774682.html,C:\Users\WINDOWS\OneDrive\知识库\智库信息爬虫\国际主要科技智库观点演变_研判\03_证据底稿\文本\C-EU-STOA-EPRS-STU-2026-774682.txt,C:\Users\WINDOWS\OneDrive\知识库\智库信息爬虫\国际主要科技智库观点演变_研判\03_证据底稿\切片\C-EU-STOA-EPRS-STU-2026-774682.md,67,1012763,110554,15,43bddae5efdce32b6502bdadf36f17eb9d7211cad776f1e35052de07856e3084,创新政策与区域能力；科研体系与研发资助,以指标体系评估科研创新能力扩散和区域收敛的新节点,跨期节点；解释科学体系、技术评估、研发政策或技术转化机制；安全与一般治理不单独触发,2026-08-23
