报告ID,发布日期,报告名称,官方落地页,官方PDF入口,本地原始PDF,本地页面HTML,本地文本,本地切片,页数,字节数,清洗文本字符数,China词形命中数,SHA256,科技创新主轴,科技创新复用角色,选择理由,获取日期
C-EU-JRC-JRC100825,2016-01-01,The Innovation Output Indicator 2016: Methodology Update,https://publications.jrc.ec.europa.eu/repository/handle/JRC100825,https://publications.jrc.ec.europa.eu/repository/bitstream/JRC100825/innovation%20output%20indicator%202016%20report%20pubsy_fin.pdf,C:\Users\WINDOWS\OneDrive\知识库\智库信息爬虫\国际主要科技智库观点演变_研判\03_证据底稿\原文PDF\C-EU-JRC-JRC100825.pdf,C:\Users\WINDOWS\OneDrive\知识库\智库信息爬虫\国际主要科技智库观点演变_研判\03_证据底稿\网页原文\C-EU-JRC-JRC100825.html,C:\Users\WINDOWS\OneDrive\知识库\智库信息爬虫\国际主要科技智库观点演变_研判\03_证据底稿\文本\C-EU-JRC-JRC100825.txt,C:\Users\WINDOWS\OneDrive\知识库\智库信息爬虫\国际主要科技智库观点演变_研判\03_证据底稿\切片\C-EU-JRC-JRC100825.md,42,1912186,89418,0,5109bca88098ee7945792974c3255077cddc442f78e30d83533ebc740f5b2e79,创新测量与政策方法；研发投入与创新政策,创新产出测量方法的早期基线,跨期科学技术创新节点；安全与一般治理不单独触发,2026-08-23
C-EU-JRC-JRC103716,2016-01-01,The 2016 EU Industrial R&D Investment Scoreboard,https://publications.jrc.ec.europa.eu/repository/handle/JRC103716,https://publications.jrc.ec.europa.eu/repository/bitstream/JRC103716/jrc103716_sb_report_online_final_18-1-2017.pdf,C:\Users\WINDOWS\OneDrive\知识库\智库信息爬虫\国际主要科技智库观点演变_研判\03_证据底稿\原文PDF\C-EU-JRC-JRC103716.pdf,C:\Users\WINDOWS\OneDrive\知识库\智库信息爬虫\国际主要科技智库观点演变_研判\03_证据底稿\网页原文\C-EU-JRC-JRC103716.html,C:\Users\WINDOWS\OneDrive\知识库\智库信息爬虫\国际主要科技智库观点演变_研判\03_证据底稿\文本\C-EU-JRC-JRC103716.txt,C:\Users\WINDOWS\OneDrive\知识库\智库信息爬虫\国际主要科技智库观点演变_研判\03_证据底稿\切片\C-EU-JRC-JRC103716.md,107,11884720,213223,62,ba859166281e4eaf2c8f4c8a1c3e5a0f12ef484dc93b4a542a0e8cdb15d683e5,研发投入与创新政策；产业创新与成果转化,全球企业研发投入和产业结构的年度基线,跨期科学技术创新节点；安全与一般治理不单独触发,2026-08-23
C-EU-JRC-JRC107386,2017-01-01,THE IMPACT OF QUANTUM TECHNOLOGIES ON EU’S FUTURE POLICIES PART 2 Quantum Communications: from science to policies,https://publications.jrc.ec.europa.eu/repository/handle/JRC107386,https://publications.jrc.ec.europa.eu/repository/bitstream/JRC107386/jrc_report_quantumcommunications.pdf,C:\Users\WINDOWS\OneDrive\知识库\智库信息爬虫\国际主要科技智库观点演变_研判\03_证据底稿\原文PDF\C-EU-JRC-JRC107386.pdf,C:\Users\WINDOWS\OneDrive\知识库\智库信息爬虫\国际主要科技智库观点演变_研判\03_证据底稿\网页原文\C-EU-JRC-JRC107386.html,C:\Users\WINDOWS\OneDrive\知识库\智库信息爬虫\国际主要科技智库观点演变_研判\03_证据底稿\文本\C-EU-JRC-JRC107386.txt,C:\Users\WINDOWS\OneDrive\知识库\智库信息爬虫\国际主要科技智库观点演变_研判\03_证据底稿\切片\C-EU-JRC-JRC107386.md,85,1338704,265146,141,72bb1f08e3360ba547d5f2f366058ee69aca2e669e57ec9d99f5d51d646e9fcc,关键与新兴技术；科学体系与科研能力,量子通信从科学研究进入政策议程的早期节点,跨期科学技术创新节点；安全与一般治理不单独触发,2026-08-23
C-EU-JRC-JRC108520,2017-01-01,The 2017 EU Industrial R&D Investment Scoreboard,https://publications.jrc.ec.europa.eu/repository/handle/JRC108520,https://publications.jrc.ec.europa.eu/repository/bitstream/JRC108520/eu_rd_scoreboard_final_versi%C3%B3n_online_1.pdf,C:\Users\WINDOWS\OneDrive\知识库\智库信息爬虫\国际主要科技智库观点演变_研判\03_证据底稿\原文PDF\C-EU-JRC-JRC108520.pdf,C:\Users\WINDOWS\OneDrive\知识库\智库信息爬虫\国际主要科技智库观点演变_研判\03_证据底稿\网页原文\C-EU-JRC-JRC108520.html,C:\Users\WINDOWS\OneDrive\知识库\智库信息爬虫\国际主要科技智库观点演变_研判\03_证据底稿\文本\C-EU-JRC-JRC108520.txt,C:\Users\WINDOWS\OneDrive\知识库\智库信息爬虫\国际主要科技智库观点演变_研判\03_证据底稿\切片\C-EU-JRC-JRC108520.md,118,4763686,255859,114,fd6a401753dd76858f7f7b7ec26e470d60b192aa441f74055b3c815dd5cac9b9,研发投入与创新政策；产业创新与成果转化,企业研发投入连续观测节点,跨期科学技术创新节点；安全与一般治理不单独触发,2026-08-23
C-EU-JRC-JRC113807,2018-01-01,The 2018 EU Industrial R&D Investment Scoreboard,https://publications.jrc.ec.europa.eu/repository/handle/JRC113807,https://publications.jrc.ec.europa.eu/repository/bitstream/JRC113807/eu_rd_scoreboard_2018_online.pdf,C:\Users\WINDOWS\OneDrive\知识库\智库信息爬虫\国际主要科技智库观点演变_研判\03_证据底稿\原文PDF\C-EU-JRC-JRC113807.pdf,C:\Users\WINDOWS\OneDrive\知识库\智库信息爬虫\国际主要科技智库观点演变_研判\03_证据底稿\网页原文\C-EU-JRC-JRC113807.html,C:\Users\WINDOWS\OneDrive\知识库\智库信息爬虫\国际主要科技智库观点演变_研判\03_证据底稿\文本\C-EU-JRC-JRC113807.txt,C:\Users\WINDOWS\OneDrive\知识库\智库信息爬虫\国际主要科技智库观点演变_研判\03_证据底稿\切片\C-EU-JRC-JRC113807.md,104,5180677,235861,158,496764fa6a46e63fb241e8461f7c70802db49984742d3042e6c5c0b25dc4a6e9,研发投入与创新政策；产业创新与成果转化,企业研发投入与全球技术竞争比较节点,跨期科学技术创新节点；安全与一般治理不单独触发,2026-08-23
C-EU-JRC-JRC113826,2018-01-01,Artificial Intelligence: A European Perspective,https://publications.jrc.ec.europa.eu/repository/handle/JRC113826,https://publications.jrc.ec.europa.eu/repository/bitstream/JRC113826/ai-flagship-report-online.pdf,C:\Users\WINDOWS\OneDrive\知识库\智库信息爬虫\国际主要科技智库观点演变_研判\03_证据底稿\原文PDF\C-EU-JRC-JRC113826.pdf,C:\Users\WINDOWS\OneDrive\知识库\智库信息爬虫\国际主要科技智库观点演变_研判\03_证据底稿\网页原文\C-EU-JRC-JRC113826.html,C:\Users\WINDOWS\OneDrive\知识库\智库信息爬虫\国际主要科技智库观点演变_研判\03_证据底稿\文本\C-EU-JRC-JRC113826.txt,C:\Users\WINDOWS\OneDrive\知识库\智库信息爬虫\国际主要科技智库观点演变_研判\03_证据底稿\切片\C-EU-JRC-JRC113826.md,140,4965020,389399,91,c7963637ed069533a72515a81d8be96e34545bc7f6fcd004176d8228e424cbf7,关键与新兴技术；研发投入与创新政策,欧洲AI能力、应用与政策选择的早期综合判断,跨期科学技术创新节点；安全与一般治理不单独触发,2026-08-23
C-EU-JRC-JRC116516,2019-01-01,China: Challenges and Prospects from an Industrial and Innovation Powerhouse,https://publications.jrc.ec.europa.eu/repository/handle/JRC116516,https://publications.jrc.ec.europa.eu/repository/bitstream/JRC116516/2019-05-15_china-flagship-report_online.pdf,C:\Users\WINDOWS\OneDrive\知识库\智库信息爬虫\国际主要科技智库观点演变_研判\03_证据底稿\原文PDF\C-EU-JRC-JRC116516.pdf,C:\Users\WINDOWS\OneDrive\知识库\智库信息爬虫\国际主要科技智库观点演变_研判\03_证据底稿\网页原文\C-EU-JRC-JRC116516.html,C:\Users\WINDOWS\OneDrive\知识库\智库信息爬虫\国际主要科技智库观点演变_研判\03_证据底稿\文本\C-EU-JRC-JRC116516.txt,C:\Users\WINDOWS\OneDrive\知识库\智库信息爬虫\国际主要科技智库观点演变_研判\03_证据底稿\切片\C-EU-JRC-JRC116516.md,128,13464346,275509,1124,f4d5216342e9c96f90c4ef0ef979cc3516f66f26daa15de279410996fa3d0d66,产业创新与成果转化；国际合作与中国比较,中国由制造大国向产业创新强国转变的直接比较材料,跨期科学技术创新节点；安全与一般治理不单独触发,2026-08-23
C-EU-JRC-JRC118614,2019-01-01,Labor mobility from R&D-intensive multinational companies: Implications for knowledge and technology transfer,https://publications.jrc.ec.europa.eu/repository/handle/JRC118614,https://publications.jrc.ec.europa.eu/repository/bitstream/JRC118614/labor_mobility_from_rd-intensive_multinational_companies_v12nov2019.pdf,C:\Users\WINDOWS\OneDrive\知识库\智库信息爬虫\国际主要科技智库观点演变_研判\03_证据底稿\原文PDF\C-EU-JRC-JRC118614.pdf,C:\Users\WINDOWS\OneDrive\知识库\智库信息爬虫\国际主要科技智库观点演变_研判\03_证据底稿\网页原文\C-EU-JRC-JRC118614.html,C:\Users\WINDOWS\OneDrive\知识库\智库信息爬虫\国际主要科技智库观点演变_研判\03_证据底稿\文本\C-EU-JRC-JRC118614.txt,C:\Users\WINDOWS\OneDrive\知识库\智库信息爬虫\国际主要科技智库观点演变_研判\03_证据底稿\切片\C-EU-JRC-JRC118614.md,27,1056335,65512,0,f8e25286dbd8db864af3ad3dd4d38a3ce68eebe65143eea68a47d0e233d7ab29,科技人才与技能；产业创新与成果转化,研发密集型企业人才流动与知识技术转移机制,跨期科学技术创新节点；安全与一般治理不单独触发,2026-08-23
C-EU-JRC-JRC119974,2020-01-01,AI Watch - National strategies on Artificial Intelligence: A European perspective in 2019,https://publications.jrc.ec.europa.eu/repository/handle/JRC119974,https://publications.jrc.ec.europa.eu/repository/bitstream/JRC119974/national_strategies_on_artificial_intelligence_final_1.pdf,C:\Users\WINDOWS\OneDrive\知识库\智库信息爬虫\国际主要科技智库观点演变_研判\03_证据底稿\原文PDF\C-EU-JRC-JRC119974.pdf,C:\Users\WINDOWS\OneDrive\知识库\智库信息爬虫\国际主要科技智库观点演变_研判\03_证据底稿\网页原文\C-EU-JRC-JRC119974.html,C:\Users\WINDOWS\OneDrive\知识库\智库信息爬虫\国际主要科技智库观点演变_研判\03_证据底稿\文本\C-EU-JRC-JRC119974.txt,C:\Users\WINDOWS\OneDrive\知识库\智库信息爬虫\国际主要科技智库观点演变_研判\03_证据底稿\切片\C-EU-JRC-JRC119974.md,90,2770623,287214,0,637c24862d5aa743baec110e866be8d8a2df94e834d51aaaf49586cd55bfa654,关键与新兴技术；研发投入与创新政策,国家AI战略比较与政策工具节点,跨期科学技术创新节点；安全与一般治理不单独触发,2026-08-23
C-EU-JRC-JRC121318,2020-01-01,New and Emerging Transport Technologies and Trends in European Research and Innovation Projects,https://publications.jrc.ec.europa.eu/repository/handle/JRC121318,https://publications.jrc.ec.europa.eu/repository/bitstream/JRC121318/netts_report_online_final.pdf,C:\Users\WINDOWS\OneDrive\知识库\智库信息爬虫\国际主要科技智库观点演变_研判\03_证据底稿\原文PDF\C-EU-JRC-JRC121318.pdf,C:\Users\WINDOWS\OneDrive\知识库\智库信息爬虫\国际主要科技智库观点演变_研判\03_证据底稿\网页原文\C-EU-JRC-JRC121318.html,C:\Users\WINDOWS\OneDrive\知识库\智库信息爬虫\国际主要科技智库观点演变_研判\03_证据底稿\文本\C-EU-JRC-JRC121318.txt,C:\Users\WINDOWS\OneDrive\知识库\智库信息爬虫\国际主要科技智库观点演变_研判\03_证据底稿\切片\C-EU-JRC-JRC121318.md,94,3238226,299225,20,fcdeffa13750b632a19b02777ced1da677bc234a8c247b91d77cf35d35c723a0,关键与新兴技术；创新测量与政策方法,以项目数据识别新兴技术和技术趋势的方法样本,跨期科学技术创新节点；安全与一般治理不单独触发,2026-08-23
C-EU-JRC-JRC124072,2021-01-01,The impact of Smart Specialisation on the governance of research and innovation policy systems,https://publications.jrc.ec.europa.eu/repository/handle/JRC124072,https://publications.jrc.ec.europa.eu/repository/bitstream/JRC124072/JRC124072_01.pdf,C:\Users\WINDOWS\OneDrive\知识库\智库信息爬虫\国际主要科技智库观点演变_研判\03_证据底稿\原文PDF\C-EU-JRC-JRC124072.pdf,C:\Users\WINDOWS\OneDrive\知识库\智库信息爬虫\国际主要科技智库观点演变_研判\03_证据底稿\网页原文\C-EU-JRC-JRC124072.html,C:\Users\WINDOWS\OneDrive\知识库\智库信息爬虫\国际主要科技智库观点演变_研判\03_证据底稿\文本\C-EU-JRC-JRC124072.txt,C:\Users\WINDOWS\OneDrive\知识库\智库信息爬虫\国际主要科技智库观点演变_研判\03_证据底稿\切片\C-EU-JRC-JRC124072.md,5,399809,22344,0,b59ec7dde9aaed10f7aec0f9d752741d804d873589cd76e678a77b885342ae87,研发投入与创新政策；科学体系与科研能力,区域专门化对科研创新治理结构的影响,跨期科学技术创新节点；安全与一般治理不单独触发,2026-08-23
C-EU-JRC-JRC125613,2021-01-01,EU in the global Artificial Intelligence landscape,https://publications.jrc.ec.europa.eu/repository/handle/JRC125613,https://publications.jrc.ec.europa.eu/repository/bitstream/JRC125613/JRC125613_01.pdf,C:\Users\WINDOWS\OneDrive\知识库\智库信息爬虫\国际主要科技智库观点演变_研判\03_证据底稿\原文PDF\C-EU-JRC-JRC125613.pdf,C:\Users\WINDOWS\OneDrive\知识库\智库信息爬虫\国际主要科技智库观点演变_研判\03_证据底稿\网页原文\C-EU-JRC-JRC125613.html,C:\Users\WINDOWS\OneDrive\知识库\智库信息爬虫\国际主要科技智库观点演变_研判\03_证据底稿\文本\C-EU-JRC-JRC125613.txt,C:\Users\WINDOWS\OneDrive\知识库\智库信息爬虫\国际主要科技智库观点演变_研判\03_证据底稿\切片\C-EU-JRC-JRC125613.md,10,1566004,42529,23,7ae0934f2d5ba2c17099d31cf71eec597fc6a52780a1e719926b1ade58ae3632,关键与新兴技术；国际合作与中国比较,欧盟在全球AI科研和产业格局中的定位,跨期科学技术创新节点；安全与一般治理不单独触发,2026-08-23
C-EU-JRC-JRC129967,2022-01-01,Where the EU stands vis-à-vis the USA and China? Corporate R&D intensity gap and structural change,https://publications.jrc.ec.europa.eu/repository/handle/JRC129967,https://publications.jrc.ec.europa.eu/repository/bitstream/JRC129967/JRC129967_01.pdf,C:\Users\WINDOWS\OneDrive\知识库\智库信息爬虫\国际主要科技智库观点演变_研判\03_证据底稿\原文PDF\C-EU-JRC-JRC129967.pdf,C:\Users\WINDOWS\OneDrive\知识库\智库信息爬虫\国际主要科技智库观点演变_研判\03_证据底稿\网页原文\C-EU-JRC-JRC129967.html,C:\Users\WINDOWS\OneDrive\知识库\智库信息爬虫\国际主要科技智库观点演变_研判\03_证据底稿\文本\C-EU-JRC-JRC129967.txt,C:\Users\WINDOWS\OneDrive\知识库\智库信息爬虫\国际主要科技智库观点演变_研判\03_证据底稿\切片\C-EU-JRC-JRC129967.md,6,1608439,19582,35,3f8e65d0350be644bdd3f83e63e4eb70704a6a33a732f93220889a5e2128bdb5,研发投入与创新政策；国际合作与中国比较,欧中美企业研发强度差距和产业结构变化的直接证据,跨期科学技术创新节点；安全与一般治理不单独触发,2026-08-23
C-EU-JRC-JRC131882,2022-01-01,"China 2.0 - Status and Foresight of EU-China Trade, Investment and Technological Race",https://publications.jrc.ec.europa.eu/repository/handle/JRC131882,https://publications.jrc.ec.europa.eu/repository/bitstream/JRC131882/JRC131882_01.pdf,C:\Users\WINDOWS\OneDrive\知识库\智库信息爬虫\国际主要科技智库观点演变_研判\03_证据底稿\原文PDF\C-EU-JRC-JRC131882.pdf,C:\Users\WINDOWS\OneDrive\知识库\智库信息爬虫\国际主要科技智库观点演变_研判\03_证据底稿\网页原文\C-EU-JRC-JRC131882.html,C:\Users\WINDOWS\OneDrive\知识库\智库信息爬虫\国际主要科技智库观点演变_研判\03_证据底稿\文本\C-EU-JRC-JRC131882.txt,C:\Users\WINDOWS\OneDrive\知识库\智库信息爬虫\国际主要科技智库观点演变_研判\03_证据底稿\切片\C-EU-JRC-JRC131882.md,128,7529492,380348,1405,ce311677fb866e76210926d119f6aa668b640940d9650452829c81582c3e604e,关键与新兴技术；国际合作与中国比较,中欧技术竞争、投资和产业能力的综合前瞻,跨期科学技术创新节点；安全与一般治理不单独触发,2026-08-23
C-EU-JRC-JRC134319,2023-01-01,Everybody is looking into the Future! A literature review of reports on emerging technologies and disruptive innovation,https://publications.jrc.ec.europa.eu/repository/handle/JRC134319,https://publications.jrc.ec.europa.eu/repository/bitstream/JRC134319/JRC134319_01.pdf,C:\Users\WINDOWS\OneDrive\知识库\智库信息爬虫\国际主要科技智库观点演变_研判\03_证据底稿\原文PDF\C-EU-JRC-JRC134319.pdf,C:\Users\WINDOWS\OneDrive\知识库\智库信息爬虫\国际主要科技智库观点演变_研判\03_证据底稿\网页原文\C-EU-JRC-JRC134319.html,C:\Users\WINDOWS\OneDrive\知识库\智库信息爬虫\国际主要科技智库观点演变_研判\03_证据底稿\文本\C-EU-JRC-JRC134319.txt,C:\Users\WINDOWS\OneDrive\知识库\智库信息爬虫\国际主要科技智库观点演变_研判\03_证据底稿\切片\C-EU-JRC-JRC134319.md,98,1123650,228495,0,13473d4d3e17cff59e7caf4c5decc131951d75b74d60dbe303bb744e2d8b3cc7,关键与新兴技术；创新测量与政策方法,新兴技术报告的系统综述和识别框架,跨期科学技术创新节点；安全与一般治理不单独触发,2026-08-23
C-EU-JRC-JRC134544,2023-01-01,Technology Foresight for Public Funding of Innovation: Methods and Best Practices,https://publications.jrc.ec.europa.eu/repository/handle/JRC134544,https://publications.jrc.ec.europa.eu/repository/bitstream/JRC134544/JRC134544_01.pdf,C:\Users\WINDOWS\OneDrive\知识库\智库信息爬虫\国际主要科技智库观点演变_研判\03_证据底稿\原文PDF\C-EU-JRC-JRC134544.pdf,C:\Users\WINDOWS\OneDrive\知识库\智库信息爬虫\国际主要科技智库观点演变_研判\03_证据底稿\网页原文\C-EU-JRC-JRC134544.html,C:\Users\WINDOWS\OneDrive\知识库\智库信息爬虫\国际主要科技智库观点演变_研判\03_证据底稿\文本\C-EU-JRC-JRC134544.txt,C:\Users\WINDOWS\OneDrive\知识库\智库信息爬虫\国际主要科技智库观点演变_研判\03_证据底稿\切片\C-EU-JRC-JRC134544.md,72,2678575,215582,1,1ba7782c17a9d0208729c68aef7a15a66ef4768d1bddc51454e999d03495a5d9,创新测量与政策方法；研发投入与创新政策,技术前瞻介入公共创新资助的机制节点,跨期科学技术创新节点；安全与一般治理不单独触发,2026-08-23
C-EU-JRC-JRC137811,2024-01-01,Eyes on the Future - Signals from recent reports on emerging technologies and breakthrough innovations to support European Innovation Council strategic intelligence - Volume 1,https://publications.jrc.ec.europa.eu/repository/handle/JRC137811,https://publications.jrc.ec.europa.eu/repository/bitstream/JRC137811/JRC137811_01.pdf,C:\Users\WINDOWS\OneDrive\知识库\智库信息爬虫\国际主要科技智库观点演变_研判\03_证据底稿\原文PDF\C-EU-JRC-JRC137811.pdf,C:\Users\WINDOWS\OneDrive\知识库\智库信息爬虫\国际主要科技智库观点演变_研判\03_证据底稿\网页原文\C-EU-JRC-JRC137811.html,C:\Users\WINDOWS\OneDrive\知识库\智库信息爬虫\国际主要科技智库观点演变_研判\03_证据底稿\文本\C-EU-JRC-JRC137811.txt,C:\Users\WINDOWS\OneDrive\知识库\智库信息爬虫\国际主要科技智库观点演变_研判\03_证据底稿\切片\C-EU-JRC-JRC137811.md,91,5098532,158665,0,6e5781d12a2613883d4c05022db108be35c9419a6d4ed871d1f757789f4911d0,关键与新兴技术；创新测量与政策方法,突破性创新信号进入资助决策的情报方法,跨期科学技术创新节点；安全与一般治理不单独触发,2026-08-23
C-EU-JRC-JRC138601,2024-01-01,Scientific Excellence 2018-2022,https://publications.jrc.ec.europa.eu/repository/handle/JRC138601,https://publications.jrc.ec.europa.eu/repository/bitstream/JRC138601/JRC138601_01.pdf,C:\Users\WINDOWS\OneDrive\知识库\智库信息爬虫\国际主要科技智库观点演变_研判\03_证据底稿\原文PDF\C-EU-JRC-JRC138601.pdf,C:\Users\WINDOWS\OneDrive\知识库\智库信息爬虫\国际主要科技智库观点演变_研判\03_证据底稿\网页原文\C-EU-JRC-JRC138601.html,C:\Users\WINDOWS\OneDrive\知识库\智库信息爬虫\国际主要科技智库观点演变_研判\03_证据底稿\文本\C-EU-JRC-JRC138601.txt,C:\Users\WINDOWS\OneDrive\知识库\智库信息爬虫\国际主要科技智库观点演变_研判\03_证据底稿\切片\C-EU-JRC-JRC138601.md,29,889036,57588,3,626ba30dffdbec8eb8ccdca0d272fe7bd6a2e7f74ae5be9a4c4b8a345a840140,科学体系与科研能力；国际合作与中国比较,科研卓越度、学科结构和全球位置的比较节点,跨期科学技术创新节点；安全与一般治理不单独触发,2026-08-23
C-EU-JRC-JRC142093,2025-01-01,Putting knowledge and technology to work: Insights from the Innovation Output Indicator,https://publications.jrc.ec.europa.eu/repository/handle/JRC142093,https://publications.jrc.ec.europa.eu/repository/bitstream/JRC142093/JRC142093_01.pdf,C:\Users\WINDOWS\OneDrive\知识库\智库信息爬虫\国际主要科技智库观点演变_研判\03_证据底稿\原文PDF\C-EU-JRC-JRC142093.pdf,C:\Users\WINDOWS\OneDrive\知识库\智库信息爬虫\国际主要科技智库观点演变_研判\03_证据底稿\网页原文\C-EU-JRC-JRC142093.html,C:\Users\WINDOWS\OneDrive\知识库\智库信息爬虫\国际主要科技智库观点演变_研判\03_证据底稿\文本\C-EU-JRC-JRC142093.txt,C:\Users\WINDOWS\OneDrive\知识库\智库信息爬虫\国际主要科技智库观点演变_研判\03_证据底稿\切片\C-EU-JRC-JRC142093.md,7,440325,24188,8,3c07222fa9482aaaf3387be554b434326291e87fc6353d6dc31abcfef2784161,创新测量与政策方法；产业创新与成果转化,知识与技术转化为创新产出的测量框架,跨期科学技术创新节点；安全与一般治理不单独触发,2026-08-23
C-EU-JRC-JRC144638,2025-01-01,The 2025 EU Industrial R&D Investment Scoreboard,https://publications.jrc.ec.europa.eu/repository/handle/JRC144638,https://publications.jrc.ec.europa.eu/repository/bitstream/JRC144638/JRC144638_01.pdf,C:\Users\WINDOWS\OneDrive\知识库\智库信息爬虫\国际主要科技智库观点演变_研判\03_证据底稿\原文PDF\C-EU-JRC-JRC144638.pdf,C:\Users\WINDOWS\OneDrive\知识库\智库信息爬虫\国际主要科技智库观点演变_研判\03_证据底稿\网页原文\C-EU-JRC-JRC144638.html,C:\Users\WINDOWS\OneDrive\知识库\智库信息爬虫\国际主要科技智库观点演变_研判\03_证据底稿\文本\C-EU-JRC-JRC144638.txt,C:\Users\WINDOWS\OneDrive\知识库\智库信息爬虫\国际主要科技智库观点演变_研判\03_证据底稿\切片\C-EU-JRC-JRC144638.md,178,5026270,528008,341,b2b275ba418031679453bc4dcff6cfcfe040e2a1581e48a381ab6a25f485046c,研发投入与创新政策；国际合作与中国比较,最新完整企业研发投入与全球竞争比较节点,跨期科学技术创新节点；安全与一般治理不单独触发,2026-08-23
C-EU-JRC-JRC145507,2026-01-01,Tracking country innovation performance: The Innovation Output Indicator 2025,https://publications.jrc.ec.europa.eu/repository/handle/JRC145507,https://publications.jrc.ec.europa.eu/repository/bitstream/JRC145507/JRC145507_01.pdf,C:\Users\WINDOWS\OneDrive\知识库\智库信息爬虫\国际主要科技智库观点演变_研判\03_证据底稿\原文PDF\C-EU-JRC-JRC145507.pdf,C:\Users\WINDOWS\OneDrive\知识库\智库信息爬虫\国际主要科技智库观点演变_研判\03_证据底稿\网页原文\C-EU-JRC-JRC145507.html,C:\Users\WINDOWS\OneDrive\知识库\智库信息爬虫\国际主要科技智库观点演变_研判\03_证据底稿\文本\C-EU-JRC-JRC145507.txt,C:\Users\WINDOWS\OneDrive\知识库\智库信息爬虫\国际主要科技智库观点演变_研判\03_证据底稿\切片\C-EU-JRC-JRC145507.md,61,2591979,146679,28,f048eebd23b74284a99dcdf137582d055f8c4bb12d9ac05fb0553a2765294a7d,创新测量与政策方法；产业创新与成果转化,国家创新绩效最新测量节点,跨期科学技术创新节点；安全与一般治理不单独触发,2026-08-23
C-EU-JRC-JRC147828,2026-01-01,Quantum Technologies. Comparative Analysis of Media Narratives and the Scientific Landscape,https://publications.jrc.ec.europa.eu/repository/handle/JRC147828,https://publications.jrc.ec.europa.eu/repository/bitstream/JRC147828/JRC147828_01.pdf,C:\Users\WINDOWS\OneDrive\知识库\智库信息爬虫\国际主要科技智库观点演变_研判\03_证据底稿\原文PDF\C-EU-JRC-JRC147828.pdf,C:\Users\WINDOWS\OneDrive\知识库\智库信息爬虫\国际主要科技智库观点演变_研判\03_证据底稿\网页原文\C-EU-JRC-JRC147828.html,C:\Users\WINDOWS\OneDrive\知识库\智库信息爬虫\国际主要科技智库观点演变_研判\03_证据底稿\文本\C-EU-JRC-JRC147828.txt,C:\Users\WINDOWS\OneDrive\知识库\智库信息爬虫\国际主要科技智库观点演变_研判\03_证据底稿\切片\C-EU-JRC-JRC147828.md,53,3121562,113962,58,2e62af8b9bc5a6f7c91af06aed7c08876a307f7dc7ab57737f6a5fe1b85e9a2f,关键与新兴技术；科学体系与科研能力；国际合作与中国比较,量子科技科学版图与政策叙事的跨国比较节点,跨期科学技术创新节点；安全与一般治理不单独触发,2026-08-23
