报告ID,发布日期,报告名称,官方文类,官方落地页,官方PDF入口,本地原始PDF,本地文本,本地切片,页数,字节数,清洗文本字符数,China词形命中数,SHA256,科技创新主轴,科技创新复用角色,选择理由,获取日期
C-DE-ACATECH-2791,2016-11-09,Engineering im Umfeld von Industrie 4.0 – Einschätzungen und Handlungsbedarf,acatech；acatech STUDIE,https://www.acatech.de/publikation/engineering-im-umfeld-von-industrie-4-0-einschaetzungen-und-handlungsbedarf/,https://www.acatech.de/publikation/engineering-im-umfeld-von-industrie-4-0-einschaetzungen-und-handlungsbedarf/download-pdf?lang=de,C:\Users\WINDOWS\OneDrive\知识库\智库信息爬虫\国际主要科技智库观点演变_研判\03_证据底稿\原文PDF\C-DE-ACATECH-2791.pdf,C:\Users\WINDOWS\OneDrive\知识库\智库信息爬虫\国际主要科技智库观点演变_研判\03_证据底稿\文本\C-DE-ACATECH-2791.txt,C:\Users\WINDOWS\OneDrive\知识库\智库信息爬虫\国际主要科技智库观点演变_研判\03_证据底稿\切片\C-DE-ACATECH-2791.md,52,1726844,101343,3,da7058331e1adca03445660d4552e8266fd7c83f307a14ad6798ca050afcf8dd,技术创新与关键技术；人才大学与科研组织；产业创新转化与区域生态,工程方法、组织与能力如何适应工业4.0,跨期科学与技术创新机制节点；安全语境题名不自动触发全文,2026-08-23
C-DE-ACATECH-2786,2016-11-23,Industrie 4.0 im globalen Kontext – Strategien der Zusammenarbeit mit internationalen Partnern,acatech；acatech STUDIE,https://www.acatech.de/publikation/industrie-4-0-im-globalen-kontext-strategien-der-zusammenarbeit-mit-internationalen-partnern/,https://www.acatech.de/publikation/industrie-4-0-im-globalen-kontext-strategien-der-zusammenarbeit-mit-internationalen-partnern/download-pdf?lang=de,C:\Users\WINDOWS\OneDrive\知识库\智库信息爬虫\国际主要科技智库观点演变_研判\03_证据底稿\原文PDF\C-DE-ACATECH-2786.pdf,C:\Users\WINDOWS\OneDrive\知识库\智库信息爬虫\国际主要科技智库观点演变_研判\03_证据底稿\文本\C-DE-ACATECH-2786.txt,C:\Users\WINDOWS\OneDrive\知识库\智库信息爬虫\国际主要科技智库观点演变_研判\03_证据底稿\切片\C-DE-ACATECH-2786.md,74,1993227,244896,173,7dee0ad6e9b4ac3f11ec53d11f9d4acf55ae5e85da9543a9295665ecc50d2e90,技术创新与关键技术；国际合作开放科学与比较；中国科技横向维度,中德及主要工业国工业4.0技术、创新中心和合作机制比较,跨期科学与技术创新机制节点；安全语境题名不自动触发全文,2026-08-23
C-DE-ACATECH-2739,2017-04-25,Industrie 4.0 Maturity Index – Die digitale Transformation von Unternehmen gestalten,acatech；acatech STUDIE,https://www.acatech.de/publikation/industrie-4-0-maturity-index-die-digitale-transformation-von-unternehmen-gestalten/,https://www.acatech.de/publikation/industrie-4-0-maturity-index-die-digitale-transformation-von-unternehmen-gestalten/download-pdf?lang=de,C:\Users\WINDOWS\OneDrive\知识库\智库信息爬虫\国际主要科技智库观点演变_研判\03_证据底稿\原文PDF\C-DE-ACATECH-2739.pdf,C:\Users\WINDOWS\OneDrive\知识库\智库信息爬虫\国际主要科技智库观点演变_研判\03_证据底稿\文本\C-DE-ACATECH-2739.txt,C:\Users\WINDOWS\OneDrive\知识库\智库信息爬虫\国际主要科技智库观点演变_研判\03_证据底稿\切片\C-DE-ACATECH-2739.md,62,2389925,181128,0,351c1d3da40c5af2f142ad87085ad8a7cfec1b131d20ecbb8f40515193cc21e4,技术创新与关键技术；产业创新转化与区域生态,企业数字化由单点技术走向组织能力和成熟度路线图,跨期科学与技术创新机制节点；安全语境题名不自动触发全文,2026-08-23
C-DE-ACATECH-2638,2018-02-26,Impulse für Sprunginnovationen in Deutschland,acatech；acatech DISKUSSION,https://www.acatech.de/publikation/impulse-fuer-sprunginnovationen-in-deutschland/,https://www.acatech.de/publikation/impulse-fuer-sprunginnovationen-in-deutschland/download-pdf?lang=de,C:\Users\WINDOWS\OneDrive\知识库\智库信息爬虫\国际主要科技智库观点演变_研判\03_证据底稿\原文PDF\C-DE-ACATECH-2638.pdf,C:\Users\WINDOWS\OneDrive\知识库\智库信息爬虫\国际主要科技智库观点演变_研判\03_证据底稿\文本\C-DE-ACATECH-2638.txt,C:\Users\WINDOWS\OneDrive\知识库\智库信息爬虫\国际主要科技智库观点演变_研判\03_证据底稿\切片\C-DE-ACATECH-2638.md,20,115110,29746,0,0eadcbea92e12494546a46deb7f64826536e935e8ff0a15f8dd1ed03ede4ebc3,创新政策与研发治理；产业创新转化与区域生态,突破性创新的组织、资助与转化机制,跨期科学与技术创新机制节点；安全语境题名不自动触发全文,2026-08-23
C-DE-ACATECH-18133,2019-09-27,Themenfelder Industrie 4.0,Kooperationspublikationen；Plattformen und Kooperationen,https://www.acatech.de/publikation/themenfelder-industrie-4-0/,https://www.acatech.de/publikation/themenfelder-industrie-4-0/download-pdf?lang=de,C:\Users\WINDOWS\OneDrive\知识库\智库信息爬虫\国际主要科技智库观点演变_研判\03_证据底稿\原文PDF\C-DE-ACATECH-18133.pdf,C:\Users\WINDOWS\OneDrive\知识库\智库信息爬虫\国际主要科技智库观点演变_研判\03_证据底稿\文本\C-DE-ACATECH-18133.txt,C:\Users\WINDOWS\OneDrive\知识库\智库信息爬虫\国际主要科技智库观点演变_研判\03_证据底稿\切片\C-DE-ACATECH-18133.md,32,910950,104741,0,30e956d297dca250817f1be1db44733ed6d8f540a0f55b8477f0b569b6f52bee,技术创新与关键技术；创新政策与研发治理；产业创新转化与区域生态,从应用基线识别工业4.0前竞争性研发需求,跨期科学与技术创新机制节点；安全语境题名不自动触发全文,2026-08-23
C-DE-ACATECH-21040,2020-03-27,Innovationspotenziale der Quantentechnologien der zweiten Generation,acatech；acatech IMPULS,https://www.acatech.de/publikation/innovationspotenziale-der-quantentechnologien/,https://www.acatech.de/publikation/innovationspotenziale-der-quantentechnologien/download-pdf?lang=de,C:\Users\WINDOWS\OneDrive\知识库\智库信息爬虫\国际主要科技智库观点演变_研判\03_证据底稿\原文PDF\C-DE-ACATECH-21040.pdf,C:\Users\WINDOWS\OneDrive\知识库\智库信息爬虫\国际主要科技智库观点演变_研判\03_证据底稿\文本\C-DE-ACATECH-21040.txt,C:\Users\WINDOWS\OneDrive\知识库\智库信息爬虫\国际主要科技智库观点演变_研判\03_证据底稿\切片\C-DE-ACATECH-21040.md,102,2046488,304909,45,1bc289e587f20c2face7ecdfe2c3b3e96edfbb2d18318dc55c691bc0d2d34446,科学体系与基础研究；技术创新与关键技术；产业创新转化与区域生态,量子研究到应用创新的潜力与瓶颈,跨期科学与技术创新机制节点；安全语境题名不自动触发全文,2026-08-23
C-DE-ACATECH-27003,2021-04-14,Engineering in Deutschland – Status quo in Wirtschaft und Wissenschaft. Ein Beitrag zum Advanced Systems Engineering,Kooperationspublikationen；Plattformen und Kooperationen,https://www.acatech.de/publikation/engineering-in-deutschland/,https://www.acatech.de/publikation/engineering-in-deutschland/download-pdf?lang=de,C:\Users\WINDOWS\OneDrive\知识库\智库信息爬虫\国际主要科技智库观点演变_研判\03_证据底稿\原文PDF\C-DE-ACATECH-27003.pdf,C:\Users\WINDOWS\OneDrive\知识库\智库信息爬虫\国际主要科技智库观点演变_研判\03_证据底稿\文本\C-DE-ACATECH-27003.txt,C:\Users\WINDOWS\OneDrive\知识库\智库信息爬虫\国际主要科技智库观点演变_研判\03_证据底稿\切片\C-DE-ACATECH-27003.md,84,12793910,405575,55,a4f0323b64280d6b14052031deb081062f262000be401f6a8c2d3323115ec457,科学体系与基础研究；人才大学与科研组织；产业创新转化与区域生态,工程科学与产业工程能力的组织基线,跨期科学与技术创新机制节点；安全语境题名不自动触发全文,2026-08-23
C-DE-ACATECH-37012,2022-12-08,Die Advanced Systems Engineering Strategie – Eine Leitinitiative zur Zukunft des Engineering- und Innovationsstandorts Deutschland,Kooperationspublikationen；Plattformen und Kooperationen,https://www.acatech.de/publikation/die-advanced-systems-engineering-strategie/,https://www.acatech.de/publikation/die-advanced-systems-engineering-strategie/download-pdf?lang=de,C:\Users\WINDOWS\OneDrive\知识库\智库信息爬虫\国际主要科技智库观点演变_研判\03_证据底稿\原文PDF\C-DE-ACATECH-37012.pdf,C:\Users\WINDOWS\OneDrive\知识库\智库信息爬虫\国际主要科技智库观点演变_研判\03_证据底稿\文本\C-DE-ACATECH-37012.txt,C:\Users\WINDOWS\OneDrive\知识库\智库信息爬虫\国际主要科技智库观点演变_研判\03_证据底稿\切片\C-DE-ACATECH-37012.md,37,3847385,139766,4,d3c3d8f4e8b3485765abe92e8bc79ed203979946b748aecc054c9182de957f6f,技术创新与关键技术；创新政策与研发治理；人才大学与科研组织,先进系统工程由方法议题上升为创新体系战略,跨期科学与技术创新机制节点；安全语境题名不自动触发全文,2026-08-23
C-DE-ACATECH-44304,2024-02-01,„Lost in Translation?“ – Ansätze zur Entfesselung gesellschaftlicher und ökonomischer Potenziale der Biotechnologie,acatech；acatech IMPULS,https://www.acatech.de/publikation/potenziale-der-biotechnologie/,https://www.acatech.de/publikation/potenziale-der-biotechnologie/download-pdf?lang=de,C:\Users\WINDOWS\OneDrive\知识库\智库信息爬虫\国际主要科技智库观点演变_研判\03_证据底稿\原文PDF\C-DE-ACATECH-44304.pdf,C:\Users\WINDOWS\OneDrive\知识库\智库信息爬虫\国际主要科技智库观点演变_研判\03_证据底稿\文本\C-DE-ACATECH-44304.txt,C:\Users\WINDOWS\OneDrive\知识库\智库信息爬虫\国际主要科技智库观点演变_研判\03_证据底稿\切片\C-DE-ACATECH-44304.md,144,1567044,456667,16,b062442639cca7da223bcfb2ee6f2d3fb74e5c19105fb968b4ad73bb57ae955a,科学体系与基础研究；技术创新与关键技术；产业创新转化与区域生态,生物技术从科学发现到经济社会应用的转化机制,跨期科学与技术创新机制节点；安全语境题名不自动触发全文,2026-08-23
C-DE-ACATECH-51945,2024-11-07,Kernfusion Made in Germany. Handlungsoptionen für den Aufbau eines Innovationsökosystems Kernfusion,acatech；acatech IMPULS,https://www.acatech.de/publikation/kernfusion-made-in-germany/,https://www.acatech.de/publikation/kernfusion-made-in-germany/download-pdf?lang=de,C:\Users\WINDOWS\OneDrive\知识库\智库信息爬虫\国际主要科技智库观点演变_研判\03_证据底稿\原文PDF\C-DE-ACATECH-51945.pdf,C:\Users\WINDOWS\OneDrive\知识库\智库信息爬虫\国际主要科技智库观点演变_研判\03_证据底稿\文本\C-DE-ACATECH-51945.txt,C:\Users\WINDOWS\OneDrive\知识库\智库信息爬虫\国际主要科技智库观点演变_研判\03_证据底稿\切片\C-DE-ACATECH-51945.md,28,325096,74470,0,b30bf767dcd5fe1025ff801a70544a31827f221ae5296fdc91e082f6ab7bc505,科学体系与基础研究；技术创新与关键技术；产业创新转化与区域生态,聚变技术创新生态的科研、基础设施和企业组织,跨期科学与技术创新机制节点；安全语境题名不自动触发全文,2026-08-23
C-DE-ACATECH-54254,2025-04-01,KI-Standortanalyse Baden-Württemberg,acatech；acatech STUDIE,https://www.acatech.de/publikation/ki-standortanalyse-baden-wuerttemberg/,https://www.acatech.de/publikation/ki-standortanalyse-baden-wuerttemberg/download-pdf?lang=de,C:\Users\WINDOWS\OneDrive\知识库\智库信息爬虫\国际主要科技智库观点演变_研判\03_证据底稿\原文PDF\C-DE-ACATECH-54254.pdf,C:\Users\WINDOWS\OneDrive\知识库\智库信息爬虫\国际主要科技智库观点演变_研判\03_证据底稿\文本\C-DE-ACATECH-54254.txt,C:\Users\WINDOWS\OneDrive\知识库\智库信息爬虫\国际主要科技智库观点演变_研判\03_证据底稿\切片\C-DE-ACATECH-54254.md,84,1421174,295991,15,ea80619bb68a6a6258023aa26f5e6083e924123082f1ee116d0827842f81d4fb,技术创新与关键技术；人才大学与科研组织；产业创新转化与区域生态,区域AI科研、人才、企业与转化能力测度,跨期科学与技术创新机制节点；安全语境题名不自动触发全文,2026-08-23
C-DE-ACATECH-60073,2026-07-02,Industrie 4.0 für zirkuläre Wertschöpfung,Kooperationspublikationen,https://www.acatech.de/publikation/forschungsbeirat-industrie40-zirkulaere-wertschoepfung/,https://www.acatech.de/publikation/forschungsbeirat-industrie40-zirkulaere-wertschoepfung/download-pdf?lang=de,C:\Users\WINDOWS\OneDrive\知识库\智库信息爬虫\国际主要科技智库观点演变_研判\03_证据底稿\原文PDF\C-DE-ACATECH-60073.pdf,C:\Users\WINDOWS\OneDrive\知识库\智库信息爬虫\国际主要科技智库观点演变_研判\03_证据底稿\文本\C-DE-ACATECH-60073.txt,C:\Users\WINDOWS\OneDrive\知识库\智库信息爬虫\国际主要科技智库观点演变_研判\03_证据底稿\切片\C-DE-ACATECH-60073.md,80,5064898,287908,0,f3d3c769a6221348ad2e4aee956f02abfc230797c4603815e0c9c2cf94051f7d,技术创新与关键技术；产业创新转化与区域生态,工业4.0技术支持循环价值创造的近期研发路线,跨期科学与技术创新机制节点；安全语境题名不自动触发全文,2026-08-23
