报告ID,WordPress_ID,发布日期,观察窗,材料类型,报告名称,资料角色,主题标签,筛选依据,官方摘要,官方落地页,官方PDF,本地原始资产,本地文本,本地切片或转写,字节数,SHA256,PDF页数,提取文本字符数,本地状态,错误,获取日期
C-ATL-260635,260635,2020-07-16,W2,正式研究报告,A strategic concept for countering Russian and Chinese hybrid threats,作者/项目正式研究,综合科技竞争,官方科技议题分类,"Tackling hybrid threats, particularly from state actors such as Russia and China, remains one of the greatest challenges for the transatlantic community. This report offers strategic priorities and recommendations to enhance counter-hybrid capabilities against Russia and China.",https://www.atlanticcouncil.org/in-depth-research-reports/a-strategic-concept-for-countering-russian-and-chinese-hybrid-threats/,https://www.atlanticcouncil.org/wp-content/uploads/2020/07/Strategic-Concept-for-Countering-Russian-and-Chinese-Hybrid-Threats-Web.pdf,C:\Users\WINDOWS\OneDrive\知识库\智库信息爬虫\国际主要科技智库观点演变_研判\03_证据底稿\原文PDF\C-ATL-260635.pdf,C:\Users\WINDOWS\OneDrive\知识库\智库信息爬虫\国际主要科技智库观点演变_研判\03_证据底稿\文本\C-ATL-260635.txt,C:\Users\WINDOWS\OneDrive\知识库\智库信息爬虫\国际主要科技智库观点演变_研判\03_证据底稿\切片\C-ATL-260635.md,2304948,c2fbafb8deeb12fe48eb9ecab6b746e02012622fd6cbcae50b504af8bf3bc531,28,99239,官方PDF已保存并校验,,2026-08-22
C-ATL-286437,286437,2020-08-13,W2,议题简报,Future of DHS Project: Key findings and recommendations,作者/项目政策简报,综合科技竞争,官方科技议题分类,The Department of Homeland Security (DHS) needs to refocus its mission to lead the defense of the United States against major nonmilitary threats.,https://www.atlanticcouncil.org/content-series/future-of-dhs/future-of-dhs-project-key-findings-and-recommendations/,https://www.atlanticcouncil.org/wp-content/uploads/2020/09/Future-of-DHS-Issue-Brief.pdf,C:\Users\WINDOWS\OneDrive\知识库\智库信息爬虫\国际主要科技智库观点演变_研判\03_证据底稿\原文PDF\C-ATL-286437.pdf,C:\Users\WINDOWS\OneDrive\知识库\智库信息爬虫\国际主要科技智库观点演变_研判\03_证据底稿\文本\C-ATL-286437.txt,C:\Users\WINDOWS\OneDrive\知识库\智库信息爬虫\国际主要科技智库观点演变_研判\03_证据底稿\切片\C-ATL-286437.md,397589,934711e91d1e9a04098534e5140ce9a5deb5409bc9bb858fba08a0483f2a8c15,16,63223,官方PDF已保存并校验,,2026-08-22
C-ATL-294437,294437,2020-09-08,W2,议题简报,"“One world, two systems” takes shape during the pandemic",作者/项目政策简报,综合科技竞争,官方科技议题分类,"The COVID-19 pandemic has exacerbated fragmentation of the postwar world order. Its most poignant manifestation is in an intensifying competition between the United States and China for political and strategic influence. In essence, the post-Cold War globalized economic order has gradually morphed into a “one world, two systems” configuration, edging toward a new Cold War.",https://www.atlanticcouncil.org/in-depth-research-reports/issue-brief/one-world-two-systems-takes-shape-during-the-pandemic/,https://www.atlanticcouncil.org/wp-content/uploads/2020/09/One-world-two-systems-takes-shape-during-the-pandemic.pdf,C:\Users\WINDOWS\OneDrive\知识库\智库信息爬虫\国际主要科技智库观点演变_研判\03_证据底稿\原文PDF\C-ATL-294437.pdf,C:\Users\WINDOWS\OneDrive\知识库\智库信息爬虫\国际主要科技智库观点演变_研判\03_证据底稿\文本\C-ATL-294437.txt,C:\Users\WINDOWS\OneDrive\知识库\智库信息爬虫\国际主要科技智库观点演变_研判\03_证据底稿\切片\C-ATL-294437.md,2154395,622ee67321acd0fac38990b1bc06b0ecd3c4e3adf819eba0cc846dcc2a1d7867,12,42595,官方PDF已保存并校验,,2026-08-22
C-ATL-293615,293615,2020-09-09,W2,正式研究报告,Future of DHS Project: Full report,作者/项目正式研究,综合科技竞争,官方科技议题分类,The Department of Homeland Security (DHS) needs to refocus its mission to lead the defense of the United States against major nonmilitary threats.,https://www.atlanticcouncil.org/content-series/future-of-dhs/future-of-dhs-project-final-report/,https://www.atlanticcouncil.org/wp-content/uploads/2020/09/Future-of-DHS-Report-2020.pdf,C:\Users\WINDOWS\OneDrive\知识库\智库信息爬虫\国际主要科技智库观点演变_研判\03_证据底稿\原文PDF\C-ATL-293615.pdf,C:\Users\WINDOWS\OneDrive\知识库\智库信息爬虫\国际主要科技智库观点演变_研判\03_证据底稿\文本\C-ATL-293615.txt,C:\Users\WINDOWS\OneDrive\知识库\智库信息爬虫\国际主要科技智库观点演变_研判\03_证据底稿\切片\C-ATL-293615.md,3949268,c28a51e0e0ac5f7ea6c67c3b68a20c28d8b42b1d9380cb6ded307ec5884f4121,56,194981,官方PDF已保存并校验,,2026-08-22
C-ATL-314579,314579,2020-11-03,W2,正式研究报告,Embracing underseas robots: a US strategy to maintain underseas superiority in an age of unmanned systems,作者/项目正式研究,国防、航天与无人系统,标题或摘要科技关键词,"The future of warfare is progressing towards uncrewed systems and automation. This report takes a look at this trend in the undersea domain, proposing a strategy for the United States to leverage the emerging capacity of unmanned undersea vehicles.",https://www.atlanticcouncil.org/in-depth-research-reports/report/embracing-underseas-robots/,https://www.atlanticcouncil.org/wp-content/uploads/2020/10/Embracing-Undersea-Robots.pdf,C:\Users\WINDOWS\OneDrive\知识库\智库信息爬虫\国际主要科技智库观点演变_研判\03_证据底稿\原文PDF\C-ATL-314579.pdf,C:\Users\WINDOWS\OneDrive\知识库\智库信息爬虫\国际主要科技智库观点演变_研判\03_证据底稿\文本\C-ATL-314579.txt,C:\Users\WINDOWS\OneDrive\知识库\智库信息爬虫\国际主要科技智库观点演变_研判\03_证据底稿\切片\C-ATL-314579.md,1158631,6dd1e4e89f8f6efde191ff9e25149bf465aea8cd379b875d840817f793c55512,24,70922,官方PDF已保存并校验,,2026-08-22
C-ATL-331522,331522,2020-12-17,W2,正式研究报告,Countering Chinese disinformation reports,作者/项目正式研究,网络安全与数字治理,官方科技议题分类；标题或摘要科技关键词,"A series of reports on countering Chinese disinformation campaigns around the globe from the Digital Forensic Research Lab and Asia Security Initiative, housed in the Scowcroft Center for Strategy and Security.",https://www.atlanticcouncil.org/in-depth-research-reports/dfrlab-china-reports/,https://www.atlanticcouncil.org/wp-content/uploads/2020/12/China-Discouse-Power-FINAL.pdf,C:\Users\WINDOWS\OneDrive\知识库\智库信息爬虫\国际主要科技智库观点演变_研判\03_证据底稿\原文PDF\C-ATL-331522.pdf,C:\Users\WINDOWS\OneDrive\知识库\智库信息爬虫\国际主要科技智库观点演变_研判\03_证据底稿\文本\C-ATL-331522.txt,C:\Users\WINDOWS\OneDrive\知识库\智库信息爬虫\国际主要科技智库观点演变_研判\03_证据底稿\切片\C-ATL-331522.md,5555547,55982c29c8703e5cf9776da14560e1fef6ea96defe49fe7d6308beafe9a520ff,30,108625,官方PDF已保存并校验,,2026-08-22
C-ATL-337189,337189,2021-01-12,W2,深度研究报告,Smart partnerships amid great power competition,作者/项目正式研究,人工智能、芯片与算力,官方科技议题分类；GeoTech或Cyber项目归属；标题或摘要科技关键词,"The report captures key takeaways from various roundtable conversations, identifies the challenges and opportunities that different regions of the world face when dealing with emerging technologies, and evaluates China’s role as a global citizen. In times of economic decoupling and rising geopolitical bipolarity, it highlights opportunities for smart partnerships, describes how data and AI applications can be harnessed for good, and develops scenarios on where an AI-powered world might be headed.",https://www.atlanticcouncil.org/in-depth-research-reports/smart-partnerships-amid-great-power-competition/,https://www.atlanticcouncil.org/wp-content/uploads/2021/01/Smart-Partnerships-2021-Report-1.pdf,C:\Users\WINDOWS\OneDrive\知识库\智库信息爬虫\国际主要科技智库观点演变_研判\03_证据底稿\原文PDF\C-ATL-337189.pdf,C:\Users\WINDOWS\OneDrive\知识库\智库信息爬虫\国际主要科技智库观点演变_研判\03_证据底稿\文本\C-ATL-337189.txt,C:\Users\WINDOWS\OneDrive\知识库\智库信息爬虫\国际主要科技智库观点演变_研判\03_证据底稿\切片\C-ATL-337189.md,2539501,90d45e322197f558d770a1adebc96af42214ddf8cc2b97466440df3b5e737132,20,53735,官方PDF已保存并校验,,2026-08-22
C-ATL-342071,342071,2021-01-19,W2,议题简报,How the rest of the world responds to the US-China split,作者/项目政策简报,综合科技竞争,官方科技议题分类,"The COVID-19 pandemic has exacerbated fragmentation of the postwar world order. Its most poignant manifestation is in an intensifying competition between the United States and China for political and strategic influence. How countries respond to this split, unwelcome by most, depends on whether they see themselves as competitors to China, or as “price takers” in the international economic system.",https://www.atlanticcouncil.org/in-depth-research-reports/issue-brief/how-the-rest-of-the-world-responds-to-the-us-china-split/,https://www.atlanticcouncil.org/wp-content/uploads/2021/01/US_China_split_final.pdf,C:\Users\WINDOWS\OneDrive\知识库\智库信息爬虫\国际主要科技智库观点演变_研判\03_证据底稿\原文PDF\C-ATL-342071.pdf,C:\Users\WINDOWS\OneDrive\知识库\智库信息爬虫\国际主要科技智库观点演变_研判\03_证据底稿\文本\C-ATL-342071.txt,C:\Users\WINDOWS\OneDrive\知识库\智库信息爬虫\国际主要科技智库观点演变_研判\03_证据底稿\切片\C-ATL-342071.md,1625701,72999d128ad3d10547cd92ad7c3e66d5647259e505ceb2b90749591ae49ed72d,11,40199,官方PDF已保存并校验,,2026-08-22
C-ATL-490207,490207,2021-02-14,W2,深度研究报告,Weaponized: How rumors about COVID-19’s origins led to a narrative arms race,作者/项目正式研究,网络安全与数字治理,标题或摘要科技关键词,A joint research project from the Digital Forensic Research Lab and the Associate Press on information environments during the first six months of COVID-19.,https://www.atlanticcouncil.org/in-depth-research-reports/report/weaponized-covid-19/,,C:\Users\WINDOWS\OneDrive\知识库\智库信息爬虫\国际主要科技智库观点演变_研判\03_证据底稿\网页文本\C-ATL-490207.txt,C:\Users\WINDOWS\OneDrive\知识库\智库信息爬虫\国际主要科技智库观点演变_研判\03_证据底稿\网页文本\C-ATL-490207.txt,C:\Users\WINDOWS\OneDrive\知识库\智库信息爬虫\国际主要科技智库观点演变_研判\03_证据底稿\网页转写\C-ATL-490207.md,302245,7e0c2889dfeb054b9d6256ca2a8aabe5c77cb886eb64346c9d8c3638a7501246,0,10575,官方网页全文已保存,,2026-08-22
C-ATL-372716,372716,2021-04-02,W2,议题简报,Decoupling/reshoring versus dual circulation: Competing strategies for security and influences,作者/项目政策简报,综合科技竞争,官方科技议题分类；标题或摘要科技关键词,"Increasing competition between the US and China, on issues ranging from trade to technology, is leading to a bifurcation of the global economy into two systems. How do the different strategies (decoupling vs dual circulation) pursued by the US and China match up?",https://www.atlanticcouncil.org/in-depth-research-reports/issue-brief/decoupling-reshoring-versus-dual-circulation-competing-strategies-for-security-and-influences/,https://www.atlanticcouncil.org/wp-content/uploads/2021/04/Decoupling_Reshoring_versus_Dual_Circulation.pdf,C:\Users\WINDOWS\OneDrive\知识库\智库信息爬虫\国际主要科技智库观点演变_研判\03_证据底稿\原文PDF\C-ATL-372716.pdf,C:\Users\WINDOWS\OneDrive\知识库\智库信息爬虫\国际主要科技智库观点演变_研判\03_证据底稿\文本\C-ATL-372716.txt,C:\Users\WINDOWS\OneDrive\知识库\智库信息爬虫\国际主要科技智库观点演变_研判\03_证据底稿\切片\C-ATL-372716.md,1085422,eff8e517f7f1434118adaa9e293e3170f8fa1d78947a84de8e199f59361da89b,16,61600,官方PDF已保存并校验,,2026-08-22
C-ATL-373955,373955,2021-04-06,W2,议题简报,"The digital Yuan, digital Euro, and the Diem: Key issues for public debate",作者/项目政策简报,网络安全与数字治理,官方科技议题分类；标题或摘要科技关键词,"As momentum grows for the development of CBDCs many policy questions remain unanswered. For insights into how CBDCs may develop, it will be important to watch where the current leaders, the People’s Bank of China (PBOC) and the European Central Bank (ECB), converge and diverge.",https://www.atlanticcouncil.org/in-depth-research-reports/issue-brief/the-digital-yuan-digital-euro-and-the-diem-key-issues-for-public-debate/,https://www.atlanticcouncil.org/wp-content/uploads/2021/04/The_digital_yuan_digital_euro_and_the_diem.pdf,C:\Users\WINDOWS\OneDrive\知识库\智库信息爬虫\国际主要科技智库观点演变_研判\03_证据底稿\原文PDF\C-ATL-373955.pdf,C:\Users\WINDOWS\OneDrive\知识库\智库信息爬虫\国际主要科技智库观点演变_研判\03_证据底稿\文本\C-ATL-373955.txt,C:\Users\WINDOWS\OneDrive\知识库\智库信息爬虫\国际主要科技智库观点演变_研判\03_证据底稿\切片\C-ATL-373955.md,566763,139b101a4cda4ebc729dd5a0138267b657c71af887e7925b6f7ca39167212eeb,10,34904,官方PDF已保存并校验,,2026-08-22
C-ATL-418681,418681,2021-07-29,W2,议题简报,Xi Jinping’s politics in command economy,作者/项目政策简报,综合科技竞争,官方科技议题分类,This issue brief examines the key role of Xi Jinping and the CCP in the development of a new strategy for state capitalism in modern China.,https://www.atlanticcouncil.org/in-depth-research-reports/issue-brief/issue-brief-xi-jinpings-politics-in-command-economy/,https://www.atlanticcouncil.org/wp-content/uploads/2021/07/Xi-Jinpings-politics-in-command-economy.pdf,C:\Users\WINDOWS\OneDrive\知识库\智库信息爬虫\国际主要科技智库观点演变_研判\03_证据底稿\原文PDF\C-ATL-418681.pdf,C:\Users\WINDOWS\OneDrive\知识库\智库信息爬虫\国际主要科技智库观点演变_研判\03_证据底稿\文本\C-ATL-418681.txt,C:\Users\WINDOWS\OneDrive\知识库\智库信息爬虫\国际主要科技智库观点演变_研判\03_证据底稿\切片\C-ATL-418681.md,475759,d365ac18a1a940c97368f78f3712f0f48a8c5c28d69cb67549a3a4573b8f9eac,18,81583,官方PDF已保存并校验,,2026-08-22
C-ATL-428120,428120,2021-08-31,W2,议题简报,"Trusted connectivity: A framework for a free, open, and connected world",作者/项目政策简报,综合科技竞争,官方科技议题分类,"As democracies address the global demand for a free, open, and connected world while ensuring that local and global emissions targets are met, they need an organizing framework: the concept of “trusted connectivity.”",https://www.atlanticcouncil.org/in-depth-research-reports/trusted-connectivity-a-framework-for-a-free-open-and-connected-world/,https://www.atlanticcouncil.org/wp-content/uploads/2021/09/Trusted-connectivity-a-framework-for-a-free-open-and-connected-world.pdf,C:\Users\WINDOWS\OneDrive\知识库\智库信息爬虫\国际主要科技智库观点演变_研判\03_证据底稿\原文PDF\C-ATL-428120.pdf,C:\Users\WINDOWS\OneDrive\知识库\智库信息爬虫\国际主要科技智库观点演变_研判\03_证据底稿\文本\C-ATL-428120.txt,C:\Users\WINDOWS\OneDrive\知识库\智库信息爬虫\国际主要科技智库观点演变_研判\03_证据底稿\切片\C-ATL-428120.md,3960090,e482b8309b06cb70fa83780d571342bde147c0c1706f0485c4b385e1a1413b35,24,67623,官方PDF已保存并校验,,2026-08-22
C-ATL-444219,444219,2021-10-14,W2,正式研究报告,Standardizing the future: How can the United States navigate the geopolitics of international technology standards?,作者/项目正式研究,网络安全与数字治理,官方科技议题分类；GeoTech或Cyber项目归属；标题或摘要科技关键词,"Standards for data and technology represent a key part of the world’s digital ecosystem, and as such, they can have significant implications for geopolitics. This report, published in partnership with the American Edge Project, endeavors to study the geopolitical dynamics surrounding technology standards setting to better inform related US policy.",https://www.atlanticcouncil.org/in-depth-research-reports/report/standardizing-the-future-how-can-the-united-states-navigate-the-geopolitics-of-international-technology-standards/,https://www.atlanticcouncil.org/wp-content/uploads/2021/10/Standardizing-the-future-How-can-the-United-States-navigate-the-geopolitics-of-international-technology-standards.pdf,C:\Users\WINDOWS\OneDrive\知识库\智库信息爬虫\国际主要科技智库观点演变_研判\03_证据底稿\原文PDF\C-ATL-444219.pdf,C:\Users\WINDOWS\OneDrive\知识库\智库信息爬虫\国际主要科技智库观点演变_研判\03_证据底稿\文本\C-ATL-444219.txt,C:\Users\WINDOWS\OneDrive\知识库\智库信息爬虫\国际主要科技智库观点演变_研判\03_证据底稿\切片\C-ATL-444219.md,1618105,1933bdc45d14f0ff3e559adce2a47eed3ae38280aa2a8b0681a4f6af698731b8,23,72808,官方PDF已保存并校验,,2026-08-22
C-ATL-448323,448323,2021-11-02,W2,正式研究报告,Deterring Chinese strategic attack: Grappling with the implications of China’s strategic forces buildup,作者/项目正式研究,综合科技竞争,官方科技议题分类,"To counter the increasing threat from China’s assertive foreign policy and growing nuclear capabilities, Matthew Kroenig outlines a strategy for Washington and allies to reliably deter Chinese strategic attack.",https://www.atlanticcouncil.org/in-depth-research-reports/report/deterring-chinese-strategic-attack-grappling-with-the-implications-of-chinas-strategic-forces-buildup/,https://www.atlanticcouncil.org/wp-content/uploads/2021/11/Deterring_Chinese_Strategic_Attack_Rpt_10312190.pdf,C:\Users\WINDOWS\OneDrive\知识库\智库信息爬虫\国际主要科技智库观点演变_研判\03_证据底稿\原文PDF\C-ATL-448323.pdf,C:\Users\WINDOWS\OneDrive\知识库\智库信息爬虫\国际主要科技智库观点演变_研判\03_证据底稿\文本\C-ATL-448323.txt,C:\Users\WINDOWS\OneDrive\知识库\智库信息爬虫\国际主要科技智库观点演变_研判\03_证据底稿\切片\C-ATL-448323.md,3280324,413a4c63c45a12a90a98de850fddaced06966f9b9c4496c34f59c8bb22fb6be0,28,99108,官方PDF已保存并校验,,2026-08-22
C-ATL-460660,460660,2021-11-23,W2,议题简报,Competing data governance models threaten the free flow of information and hamper world trade,作者/项目政策简报,网络安全与数字治理,官方科技议题分类；标题或摘要科技关键词,The EU framework is comprehensive and puts a strong emphasis on the protection of personal data both from the government and private companies. It also establishes that EU citizens’ data can be transferred only to countries with an adequate privacy protection regime (adequacy to be determined by the European Commission).,https://www.atlanticcouncil.org/in-depth-research-reports/issue-brief/competing-data-governance-models-threaten-the-free-flow-of-information-and-hamper-world-trade/,https://www.atlanticcouncil.org/wp-content/uploads/2021/11/Competing-Data-Governance-Models-Threaten-the-Free-Flow-of-Information-and-Hamper-World-Trade.pdf,C:\Users\WINDOWS\OneDrive\知识库\智库信息爬虫\国际主要科技智库观点演变_研判\03_证据底稿\原文PDF\C-ATL-460660.pdf,C:\Users\WINDOWS\OneDrive\知识库\智库信息爬虫\国际主要科技智库观点演变_研判\03_证据底稿\文本\C-ATL-460660.txt,C:\Users\WINDOWS\OneDrive\知识库\智库信息爬虫\国际主要科技智库观点演变_研判\03_证据底稿\切片\C-ATL-460660.md,622599,72d18effc3a23787d52a89be174a1e97ace161058aec4a01b06dcd3c8088c6aa,11,41964,官方PDF已保存并校验,,2026-08-22
C-ATL-465525,465525,2021-12-08,W2,正式研究报告,Unpacking the geopolitics of technology,作者/项目正式研究,综合科技竞争,官方科技议题分类；GeoTech或Cyber项目归属；标题或摘要科技关键词,"In this paper, authors from the Atlantic Council and the Ministry for Foreign Affairs of Finland examine the transformation of technology and work in a broader social and political context, look at strategies that different regions of the world employ, and evaluate the transition’s geopolitical impact through alternative futures.",https://www.atlanticcouncil.org/in-depth-research-reports/report/unpacking-the-geopolitics-of-technology/,https://www.atlanticcouncil.org/wp-content/uploads/2021/12/GTC_Unpacking-the-Geopolitics-of-Technology.pdf,C:\Users\WINDOWS\OneDrive\知识库\智库信息爬虫\国际主要科技智库观点演变_研判\03_证据底稿\原文PDF\C-ATL-465525.pdf,C:\Users\WINDOWS\OneDrive\知识库\智库信息爬虫\国际主要科技智库观点演变_研判\03_证据底稿\文本\C-ATL-465525.txt,C:\Users\WINDOWS\OneDrive\知识库\智库信息爬虫\国际主要科技智库观点演变_研判\03_证据底稿\切片\C-ATL-465525.md,4283157,3f6f49adb5475756b8044ffb6522b3130af7cdc53093891e6ef1536fb8a45f99,27,102841,官方PDF已保存并校验,,2026-08-22
C-ATL-465922,465922,2021-12-08,W2,正式研究报告,Europe in a bipolar tech world,作者/项目正式研究,综合科技竞争,官方科技议题分类；GeoTech或Cyber项目归属,"With no sign of Beijing backing down, the US administration lays out a strategy for restructuring NATO to be targeted on Russia and China, combining its allies from Asia and Europe into an enlarged, redefined alliance.",https://www.atlanticcouncil.org/blogs/geotech-cues/europe-in-a-bipolar-tech-world/,https://www.atlanticcouncil.org/wp-content/uploads/2021/12/GTC_Unpacking-the-Geopolitics-of-Technology.pdf,C:\Users\WINDOWS\OneDrive\知识库\智库信息爬虫\国际主要科技智库观点演变_研判\03_证据底稿\原文PDF\C-ATL-465525.pdf,C:\Users\WINDOWS\OneDrive\知识库\智库信息爬虫\国际主要科技智库观点演变_研判\03_证据底稿\文本\C-ATL-465525.txt,C:\Users\WINDOWS\OneDrive\知识库\智库信息爬虫\国际主要科技智库观点演变_研判\03_证据底稿\切片\C-ATL-465525.md,4283157,3f6f49adb5475756b8044ffb6522b3130af7cdc53093891e6ef1536fb8a45f99,27,102841,关联既有官方PDF,,2026-08-22
C-ATL-470291,470291,2021-12-22,W2,议题简报,Beyond the peninsula: US-ROK cooperation on digital connectivity in the Indo-Pacific,作者/项目政策简报,网络安全与数字治理,官方科技议题分类；标题或摘要科技关键词,This issue brief examines digital connectivity efforts through a snapshot of Indonesia and Vietnam to show how China’s neighbors in Asia are on different trajectories in response to US-China strategic competition.,https://www.atlanticcouncil.org/in-depth-research-reports/issue-brief/beyond-the-peninsula-us-rok-cooperation-on-digital-connectivity-in-the-indo-pacific/,https://www.atlanticcouncil.org/wp-content/uploads/2021/12/Beyond-the-Peninsula-IB-2021.pdf,C:\Users\WINDOWS\OneDrive\知识库\智库信息爬虫\国际主要科技智库观点演变_研判\03_证据底稿\原文PDF\C-ATL-470291.pdf,C:\Users\WINDOWS\OneDrive\知识库\智库信息爬虫\国际主要科技智库观点演变_研判\03_证据底稿\文本\C-ATL-470291.txt,C:\Users\WINDOWS\OneDrive\知识库\智库信息爬虫\国际主要科技智库观点演变_研判\03_证据底稿\切片\C-ATL-470291.md,447265,883ef1718cad87b24bddcda086ba35ff0695034f5ae984a0dd706f22d975f350,14,61580,官方PDF已保存并校验,,2026-08-22
C-ATL-479132,479132,2022-01-25,W3,正式研究报告,Cybersecurity for innovative small and medium enterprises and academia,作者/项目正式研究,网络安全与数字治理；创新体系与产业政策,官方科技议题分类；GeoTech或Cyber项目归属；标题或摘要科技关键词,"Innovation is fundamental to United States global leadership, critical both for the economy and for national security. Yet the resilience of the US innovation ecosystem against adversary cyber espionage and attack—most specifically from China—has not received the attention required, particularly given the essential innovation roles played by small and medium-sized enterprises (SMEs) and by academia.",https://www.atlanticcouncil.org/in-depth-research-reports/report/cybersecurity-for-innovative-small-and-medium-enterprises-and-academia/,https://www.atlanticcouncil.org/wp-content/uploads/2022/01/Cybersecurity-for-Innovative-Small-and-Medium-Enterprises-and-Academia.pdf,C:\Users\WINDOWS\OneDrive\知识库\智库信息爬虫\国际主要科技智库观点演变_研判\03_证据底稿\原文PDF\C-ATL-479132.pdf,C:\Users\WINDOWS\OneDrive\知识库\智库信息爬虫\国际主要科技智库观点演变_研判\03_证据底稿\文本\C-ATL-479132.txt,C:\Users\WINDOWS\OneDrive\知识库\智库信息爬虫\国际主要科技智库观点演变_研判\03_证据底稿\切片\C-ATL-479132.md,610836,71f1dac354d912cf7b8da9de94374056e42f132a78d82d67a24d7f0ffe81ec24,28,119990,官方PDF已保存并校验,,2026-08-22
C-ATL-508327,508327,2022-04-01,W3,议题简报,"Foreign direct investment, infrastructure, and supply chain resiliency: A new nexus for US industrial strategy",作者/项目政策简报,人工智能、芯片与算力；技术供应链与出口管制,标题或摘要科技关键词,"Introduction The United States’ aging infrastructure is currently unable to support the kind of economic growth and productivity it needs to successfully compete with other advanced and emerging economies. This includes the present state of nontraditional infrastructure, such as the semiconductor industry; and recent shortages have highlighted US dependency on foreign producers. Inbound FDI stock […]",https://www.atlanticcouncil.org/in-depth-research-reports/issue-brief/foreign-direct-investment-infrastructure-and-supply-chain-resiliency-a-new-nexus-for-us-industrial-strategy/,https://www.atlanticcouncil.org/wp-content/uploads/2022/04/Foreign_Direct_Investment_Infrastructure_and_Supply_Chain_Resiliency.pdf,C:\Users\WINDOWS\OneDrive\知识库\智库信息爬虫\国际主要科技智库观点演变_研判\03_证据底稿\原文PDF\C-ATL-508327.pdf,C:\Users\WINDOWS\OneDrive\知识库\智库信息爬虫\国际主要科技智库观点演变_研判\03_证据底稿\文本\C-ATL-508327.txt,C:\Users\WINDOWS\OneDrive\知识库\智库信息爬虫\国际主要科技智库观点演变_研判\03_证据底稿\切片\C-ATL-508327.md,2871629,3d50ba68f0ab8ce8e4893d1d14c81a9552957f80e61b8e891dd41402a124582d,16,60710,官方PDF已保存并校验,,2026-08-22
C-ATL-514493,514493,2022-04-19,W3,议题简报,Can China transform its economy to be innovation-led?,作者/项目政策简报,创新体系与产业政策,官方科技议题分类；标题或摘要科技关键词,"The ability of the Chinese economy to transform itself will depends on three key areas: input mobilization, R&D, and output implementation.",https://www.atlanticcouncil.org/in-depth-research-reports/issue-brief/can-china-transform-its-economy-to-be-innovation-led/,https://www.atlanticcouncil.org/wp-content/uploads/2022/04/China_Transform_041922.pdf,C:\Users\WINDOWS\OneDrive\知识库\智库信息爬虫\国际主要科技智库观点演变_研判\03_证据底稿\原文PDF\C-ATL-514493.pdf,C:\Users\WINDOWS\OneDrive\知识库\智库信息爬虫\国际主要科技智库观点演变_研判\03_证据底稿\文本\C-ATL-514493.txt,C:\Users\WINDOWS\OneDrive\知识库\智库信息爬虫\国际主要科技智库观点演变_研判\03_证据底稿\切片\C-ATL-514493.md,3281632,c7eadffe1de035458d27794b2aa633441b9d35af00a506de05498464409d2dd0,12,36178,官方PDF已保存并校验,,2026-08-22
C-ATL-513726,513726,2022-04-20,W3,正式研究报告,China’s discourse power operations in the Global South,作者/项目正式研究,综合科技竞争,官方科技议题分类,"An overview of China’s discourse power activities in the Global South, including the regions of Sub-Saharan Africa, Latin America, and the Middle East. It outlines the processes through which China leverages its diplomatic, media, and political positions in these regions to gain influence, and assesses the impacts of these activities for democratic resilience worldwide.",https://www.atlanticcouncil.org/in-depth-research-reports/report/chinas-discourse-power-operations-in-the-global-south/,https://www.atlanticcouncil.org/wp-content/uploads/2022/04/Chinas_Discourse_Power_in_the_Global_South.pdf,C:\Users\WINDOWS\OneDrive\知识库\智库信息爬虫\国际主要科技智库观点演变_研判\03_证据底稿\原文PDF\C-ATL-513726.pdf,C:\Users\WINDOWS\OneDrive\知识库\智库信息爬虫\国际主要科技智库观点演变_研判\03_证据底稿\文本\C-ATL-513726.txt,C:\Users\WINDOWS\OneDrive\知识库\智库信息爬虫\国际主要科技智库观点演变_研判\03_证据底稿\切片\C-ATL-513726.md,2351475,44de9299a70fac434d73f75f01be14c6ab711f063fcb7ef9ffa09bc198eb88bf,32,126442,官方PDF已保存并校验,,2026-08-22
C-ATL-513154,513154,2022-05-05,W3,正式研究报告,Small satellites: The implications for national security,作者/项目正式研究,国防、航天与无人系统,标题或摘要科技关键词,Forward Defense nonresident senior fellow Nicholas Eftimiades considers how the US government can better leverage commercial satellites to enhance space security.,https://www.atlanticcouncil.org/in-depth-research-reports/report/small-satellites-the-implications-for-national-security/,https://www.atlanticcouncil.org/wp-content/uploads/2022/05/Small_satellites-Implications_for_national_security.pdf,C:\Users\WINDOWS\OneDrive\知识库\智库信息爬虫\国际主要科技智库观点演变_研判\03_证据底稿\原文PDF\C-ATL-513154.pdf,C:\Users\WINDOWS\OneDrive\知识库\智库信息爬虫\国际主要科技智库观点演变_研判\03_证据底稿\文本\C-ATL-513154.txt,C:\Users\WINDOWS\OneDrive\知识库\智库信息爬虫\国际主要科技智库观点演变_研判\03_证据底稿\切片\C-ATL-513154.md,5534335,b6a2c74ee0db1eb8ececc18c37d259273926eb5a5a294a7d1cf60149e2dc4948,44,149870,官方PDF已保存并校验,,2026-08-22
C-ATL-527708,527708,2022-05-25,W3,正式研究报告,Eye to eye in AI: Developing artificial intelligence for national security and defense,作者/项目正式研究,人工智能、芯片与算力,官方科技议题分类；标题或摘要科技关键词,"As artificial intelligence transforms national security and defense, it is imperative for the Department of Defense, Congress, and the private sector to closely collaborate in order to advance major AI development priorities. However, key barriers remain. As China and Russia develop their own capabilities, the stakes of the military AI competition are high, and time is short.",https://www.atlanticcouncil.org/in-depth-research-reports/report/eye-to-eye-in-ai/,https://www.atlanticcouncil.org/wp-content/uploads/2022/05/Eye-to-Eye-in-AI.pdf,C:\Users\WINDOWS\OneDrive\知识库\智库信息爬虫\国际主要科技智库观点演变_研判\03_证据底稿\原文PDF\C-ATL-527708.pdf,C:\Users\WINDOWS\OneDrive\知识库\智库信息爬虫\国际主要科技智库观点演变_研判\03_证据底稿\文本\C-ATL-527708.txt,C:\Users\WINDOWS\OneDrive\知识库\智库信息爬虫\国际主要科技智库观点演变_研判\03_证据底稿\切片\C-ATL-527708.md,8477393,7bed3ad177c6e344eb3c849e85b122d178536fe30d65c2c201359205da648409,34,100176,官方PDF已保存并校验,,2026-08-22
C-ATL-531656,531656,2022-06-01,W3,正式研究报告,A Democratic Trade Partnership: Ally shoring to counter coercion and secure supply chains,作者/项目正式研究,技术供应链与出口管制,标题或摘要科技关键词,"A Democratic Trade and Economic Partnership could provide an integrated framework for leading democracies and other partners to selectively decouple from revisionist autocracies and foster free, fair, and secure trade.",https://www.atlanticcouncil.org/in-depth-research-reports/report/strategic-decoupling-building-a-democratic-trade-and-economic-partnership-d-tep/,https://www.atlanticcouncil.org/wp-content/uploads/2022/07/A-Democratic-Trade-Partnership-Ally-Shoring-to-Counter-Coercion-and-Secure-Supply-Chains.pdf,C:\Users\WINDOWS\OneDrive\知识库\智库信息爬虫\国际主要科技智库观点演变_研判\03_证据底稿\原文PDF\C-ATL-531656.pdf,C:\Users\WINDOWS\OneDrive\知识库\智库信息爬虫\国际主要科技智库观点演变_研判\03_证据底稿\文本\C-ATL-531656.txt,C:\Users\WINDOWS\OneDrive\知识库\智库信息爬虫\国际主要科技智库观点演变_研判\03_证据底稿\切片\C-ATL-531656.md,5215896,a2f2389a239fb5fbe07cbba9e4dd13e2377bbc132ec6a2a43326b37e17dfd07e,36,129787,官方PDF已保存并校验,,2026-08-22
C-ATL-532026,532026,2022-06-13,W3,正式研究报告,Toward a Democratic Technology Alliance: An innovation edge that favors freedom,作者/项目正式研究,创新体系与产业政策,官方科技议题分类；标题或摘要科技关键词,"A Democratic Technology Alliance would facilitate the development of common rules and norms in the technology space, consistent with democratic values, and ensure that the free world prevails in the race for advanced technologies.",https://www.atlanticcouncil.org/in-depth-research-reports/report/toward-a-democratic-technology-alliance-an-innovation-edge-that-favors-freedom/,https://www.atlanticcouncil.org/wp-content/uploads/2022/07/Toward-a-Democratic-Technology-Alliance-An-Innovation-Edge-that-Favors-Freedom.pdf,C:\Users\WINDOWS\OneDrive\知识库\智库信息爬虫\国际主要科技智库观点演变_研判\03_证据底稿\原文PDF\C-ATL-532026.pdf,C:\Users\WINDOWS\OneDrive\知识库\智库信息爬虫\国际主要科技智库观点演变_研判\03_证据底稿\文本\C-ATL-532026.txt,C:\Users\WINDOWS\OneDrive\知识库\智库信息爬虫\国际主要科技智库观点演变_研判\03_证据底稿\切片\C-ATL-532026.md,2689852,fa5813d2bcc500e1e3ec6b735a003615d136bd24157f30f3f9a904ddb0a77e82,32,104387,官方PDF已保存并校验,,2026-08-22
C-ATL-539475,539475,2022-06-28,W3,议题简报,Twenty-first-century diplomacy: Strengthening US diplomacy for the challenges of today and tomorrow,作者/项目政策简报,综合科技竞争,官方科技议题分类,"The practice of diplomacy has changed over the past several decades, and significant work remains to be done to fully adapt US diplomacy to the challenges of our time.",https://www.atlanticcouncil.org/in-depth-research-reports/issue-brief/twenty-first-century-diplomacy-strengthening-us-diplomacy-for-the-challenges-of-today-and-tomorrow/,https://www.atlanticcouncil.org/wp-content/uploads/2022/10/21st-Century-Diplomacy-PDF.pdf,C:\Users\WINDOWS\OneDrive\知识库\智库信息爬虫\国际主要科技智库观点演变_研判\03_证据底稿\原文PDF\C-ATL-539475.pdf,C:\Users\WINDOWS\OneDrive\知识库\智库信息爬虫\国际主要科技智库观点演变_研判\03_证据底稿\文本\C-ATL-539475.txt,C:\Users\WINDOWS\OneDrive\知识库\智库信息爬虫\国际主要科技智库观点演变_研判\03_证据底稿\切片\C-ATL-539475.md,3603222,331226261f2f2b62380abb0690f1ea516cdb7c5b09187c8becdecc86fac11d1c,15,39069,官方PDF已保存并校验,,2026-08-22
C-ATL-555866,555866,2022-08-24,W3,深度研究报告,Chinese discourse power: Ambitions and reality in the digital domain,作者/项目正式研究,网络安全与数字治理,官方科技议题分类；标题或摘要科技关键词,The CCP has embarked on a concerted strategy to gain control over the global digital and information environment. Its goal: create an alternative global order with China at its heart.,https://www.atlanticcouncil.org/in-depth-research-reports/report/chinese-discourse-power-ambitions-and-reality-in-the-digital-domain/,https://www.atlanticcouncil.org/wp-content/uploads/2022/11/Chinese-Discourse-Power-Ambitions-and-Reality-in-the-Digital-Domain.pdf,C:\Users\WINDOWS\OneDrive\知识库\智库信息爬虫\国际主要科技智库观点演变_研判\03_证据底稿\原文PDF\C-ATL-555866.pdf,C:\Users\WINDOWS\OneDrive\知识库\智库信息爬虫\国际主要科技智库观点演变_研判\03_证据底稿\文本\C-ATL-555866.txt,C:\Users\WINDOWS\OneDrive\知识库\智库信息爬虫\国际主要科技智库观点演变_研判\03_证据底稿\切片\C-ATL-555866.md,2644330,c7a2ae9444e78043031690b19b3fa1ffa1f5d371eb08387c5ffa02b8518d2637,21,164807,官方PDF已保存并校验,,2026-08-22
C-ATL-564749,564749,2022-09-13,W3,议题简报,Alternative battery chemistries and diversifying clean energy supply chains,作者/项目政策简报,技术供应链与出口管制,标题或摘要科技关键词,"In an ecosystem of growth for batteries for grid storage and electric vehicle applications, alternatives to the lithium-ion battery chemistry may play an increasing role in alleviating supply chain woes and enabling deep decarbonization.",https://www.atlanticcouncil.org/in-depth-research-reports/issue-brief/alternative-battery-chemistries-and-diversifying-clean-energy-supply-chains/,https://www.atlanticcouncil.org/wp-content/uploads/2022/09/Alternative-Battery-Chemistries-and-Diversifying-Clean-Energy-Supply-Chains.pdf,C:\Users\WINDOWS\OneDrive\知识库\智库信息爬虫\国际主要科技智库观点演变_研判\03_证据底稿\原文PDF\C-ATL-564749.pdf,C:\Users\WINDOWS\OneDrive\知识库\智库信息爬虫\国际主要科技智库观点演变_研判\03_证据底稿\文本\C-ATL-564749.txt,C:\Users\WINDOWS\OneDrive\知识库\智库信息爬虫\国际主要科技智库观点演变_研判\03_证据底稿\切片\C-ATL-564749.md,1837807,329903382ab0b54c50dfba69c5c392f4f912e0b2c4f0d1b7f61c0f00eb4ac821,21,91225,官方PDF已保存并校验,,2026-08-22
C-ATL-546678,546678,2022-09-14,W3,正式研究报告,Dragon tails: Preserving international cybersecurity research,作者/项目正式研究,网络安全与数字治理,官方科技议题分类；GeoTech或Cyber项目归属；标题或摘要科技关键词,"A quantitative study on whether legal context can impact the supply of vulnerability research with detrimental effects for cybersecurity writ large through the coordinated vulnerability disclosure process (CVD), using recent regulations in China as a case study.",https://www.atlanticcouncil.org/in-depth-research-reports/report/preserving-international-cybersecurity-research/,https://www.atlanticcouncil.org/wp-content/uploads/2022/09/AC_DRAGON_TAILS_LAY4int091922.pdf,C:\Users\WINDOWS\OneDrive\知识库\智库信息爬虫\国际主要科技智库观点演变_研判\03_证据底稿\原文PDF\C-ATL-546678.pdf,C:\Users\WINDOWS\OneDrive\知识库\智库信息爬虫\国际主要科技智库观点演变_研判\03_证据底稿\文本\C-ATL-546678.txt,C:\Users\WINDOWS\OneDrive\知识库\智库信息爬虫\国际主要科技智库观点演变_研判\03_证据底稿\切片\C-ATL-546678.md,4333465,084cc8e3e25b2dd4315b986ed437ae7f7bcc3d119d3721f8327d10770c0d170c,44,119269,官方PDF已保存并校验,,2026-08-22
C-ATL-569240,569240,2022-09-27,W3,议题简报,"TTC, IPEF, and the road to an Indo-Pacific trade deal: A new model",作者/项目政策简报,技术供应链与出口管制,标题或摘要科技关键词,"The Biden administration’s “trade policy for the middle class” is taking shape. Exemplified by the TTC and IPEF, its is “beyond-the-border” issues, such as regulatory alignment and standard setting, attempts to improve supply chain resilience, and efforts to promote high labor and environmental standards. However, to achieve its strategic goals, the administration should consider adding traditional market access components.",https://www.atlanticcouncil.org/in-depth-research-reports/issue-brief/ttc-ipef-and-the-road-to-an-indo-pacific-trade-deal-a-new-model/,https://www.atlanticcouncil.org/wp-content/uploads/2022/09/TTC_IPEF_and_the_Road_to_an_Indo-Pacific_Trade_Deal___-.pdf,C:\Users\WINDOWS\OneDrive\知识库\智库信息爬虫\国际主要科技智库观点演变_研判\03_证据底稿\原文PDF\C-ATL-569240.pdf,C:\Users\WINDOWS\OneDrive\知识库\智库信息爬虫\国际主要科技智库观点演变_研判\03_证据底稿\文本\C-ATL-569240.txt,C:\Users\WINDOWS\OneDrive\知识库\智库信息爬虫\国际主要科技智库观点演变_研判\03_证据底稿\切片\C-ATL-569240.md,9382648,3f9ed30e2cbfe894dfdf07981eb61ff6d786ffc6802d82be2b45772e8e7afe8e,28,70255,官方PDF已保存并校验,,2026-08-22
C-ATL-576180,576180,2022-10-18,W3,议题简报,An allied strategy for China after the 20th Party Congress,作者/项目政策简报,综合科技竞争,官方科技议题分类,"Chinese president Xi Jinping secured a third term in power as general secretary, and China is likely to continue along a more assertive course in global affairs. The United States and its allies need an updated strategy to navigate this period of relations with China.",https://www.atlanticcouncil.org/in-depth-research-reports/issue-brief/an-allied-strategy-for-china-after-the-20th-party-congress/,,C:\Users\WINDOWS\OneDrive\知识库\智库信息爬虫\国际主要科技智库观点演变_研判\03_证据底稿\网页文本\C-ATL-576180.txt,C:\Users\WINDOWS\OneDrive\知识库\智库信息爬虫\国际主要科技智库观点演变_研判\03_证据底稿\网页文本\C-ATL-576180.txt,C:\Users\WINDOWS\OneDrive\知识库\智库信息爬虫\国际主要科技智库观点演变_研判\03_证据底稿\网页转写\C-ATL-576180.md,331717,4af1f0691cf3754f13e1565e0f366dd17817f73544bc88fa181de8918e4c51ff,0,29867,官方网页全文已保存,,2026-08-22
C-ATL-589599,589599,2022-11-28,W3,议题简报,How the Chinese government is financing its way to becoming a techno-superpower,作者/项目政策简报,综合科技竞争,官方科技议题分类,"Beijing is committed to becoming a state-led and self-sufficient techno-superpower. In doing so, the Chinese government is consolidating its influence in both the domestic market and overseas markets where Chinese firms are active, while simultaneously mobilizing public, private, and public-private investment vehicles to support these tech ambitions.",https://www.atlanticcouncil.org/in-depth-research-reports/issue-brief/how-the-chinese-government-is-financing-its-way-to-becoming-a-techno-superpower/,https://www.atlanticcouncil.org/wp-content/uploads/2022/11/Financing-Mechanisms-Underpinning-Chinas-Tech-Self-Reliance.pdf,C:\Users\WINDOWS\OneDrive\知识库\智库信息爬虫\国际主要科技智库观点演变_研判\03_证据底稿\原文PDF\C-ATL-589599.pdf,C:\Users\WINDOWS\OneDrive\知识库\智库信息爬虫\国际主要科技智库观点演变_研判\03_证据底稿\文本\C-ATL-589599.txt,C:\Users\WINDOWS\OneDrive\知识库\智库信息爬虫\国际主要科技智库观点演变_研判\03_证据底稿\切片\C-ATL-589599.md,253634,2088d064805ffe3aa3146df3a96528087d7169c7efd7acb9e09b7bc65e0b424a,9,34416,官方PDF已保存并校验,,2026-08-22
C-ATL-603166,603166,2023-01-20,W3,正式研究报告,China and the new globalization,作者/项目正式研究,综合科技竞争,官方科技议题分类,"The unitary globalized economy no longer exists. Driven in significant part by security considerations, a new and more diverse globalization is both required and being built. The transition is ongoing, and its final form is yet to be determined.",https://www.atlanticcouncil.org/in-depth-research-reports/report/china-and-the-new-globalization/,https://www.atlanticcouncil.org/wp-content/uploads/2023/02/China_and_the_New_Globalization_IB_Digital_v2-1.pdf,C:\Users\WINDOWS\OneDrive\知识库\智库信息爬虫\国际主要科技智库观点演变_研判\03_证据底稿\原文PDF\C-ATL-603166.pdf,C:\Users\WINDOWS\OneDrive\知识库\智库信息爬虫\国际主要科技智库观点演变_研判\03_证据底稿\文本\C-ATL-603166.txt,C:\Users\WINDOWS\OneDrive\知识库\智库信息爬虫\国际主要科技智库观点演变_研判\03_证据底稿\切片\C-ATL-603166.md,453914,28ec6489e460f4e0899e2eb02649a7858e1d3b5c0b13292985828cbc7f711dc6,25,118592,官方PDF已保存并校验,,2026-08-22
C-ATL-614190,614190,2023-02-23,W3,议题简报,United States–China semiconductor standoff: A supply chain under stress,作者/项目政策简报,人工智能、芯片与算力；技术供应链与出口管制,标题或摘要科技关键词,What are the implications of US semiconductor policy for global semiconductor supply chains and the competition for primacy in an industry critical to the economy and global security?,https://www.atlanticcouncil.org/in-depth-research-reports/issue-brief/united-states-china-semiconductor-standoff-a-supply-chain-under-stress/,https://www.atlanticcouncil.org/wp-content/uploads/2023/03/US-China-Semiconductor-Standoff.pdf,C:\Users\WINDOWS\OneDrive\知识库\智库信息爬虫\国际主要科技智库观点演变_研判\03_证据底稿\原文PDF\C-ATL-614190.pdf,C:\Users\WINDOWS\OneDrive\知识库\智库信息爬虫\国际主要科技智库观点演变_研判\03_证据底稿\文本\C-ATL-614190.txt,C:\Users\WINDOWS\OneDrive\知识库\智库信息爬虫\国际主要科技智库观点演变_研判\03_证据底稿\切片\C-ATL-614190.md,460743,583fff5b821a630df3171f1c05bcdf81d8ff9115267a4bb7999a4ed968b0f2b2,16,76044,官方PDF已保存并校验,,2026-08-22
C-ATL-621883,621883,2023-03-16,W3,正式研究报告,The future of NATO C4ISR: Assessment and recommendations after Madrid,作者/项目正式研究,综合科技竞争,官方科技议题分类,"Current C4ISR capabilities, concepts, policies, and processes do not meet all of the Alliance’s needs. While much has been done to improve NATO C4ISR over the past decade, much work remains.",https://www.atlanticcouncil.org/in-depth-research-reports/report/the-future-of-nato-c4isr-assessment-and-recommendations-after-madrid/,https://www.atlanticcouncil.org/wp-content/uploads/2023/03/The-future-of-NATO-C4ISR-Assessment-and-recommendations-after-Madrid.pdf,C:\Users\WINDOWS\OneDrive\知识库\智库信息爬虫\国际主要科技智库观点演变_研判\03_证据底稿\原文PDF\C-ATL-621883.pdf,C:\Users\WINDOWS\OneDrive\知识库\智库信息爬虫\国际主要科技智库观点演变_研判\03_证据底稿\文本\C-ATL-621883.txt,C:\Users\WINDOWS\OneDrive\知识库\智库信息爬虫\国际主要科技智库观点演变_研判\03_证据底稿\切片\C-ATL-621883.md,17548770,624bdbe74e511b5849130b74b71b41636509241af9aeca7dd3030fa5f20c6d5b,50,153143,官方PDF已保存并校验,,2026-08-22
C-ATL-633874,633874,2023-04-12,W3,正式研究报告,Atlantic Council Commission on Defense Innovation Adoption interim report,作者/项目正式研究,创新体系与产业政策,标题或摘要科技关键词,The DoD must accelerate defense innovation adoption from the leading edge of the private sector. This report has ten recommendations to do so.,https://www.atlanticcouncil.org/in-depth-research-reports/report/atlantic-council-commission-on-defense-innovation-adoption-interim-report/,https://www.atlanticcouncil.org/wp-content/uploads/2023/05/Commission-on-Defense-Innovation-Adoption-Interim-Report.pdf,C:\Users\WINDOWS\OneDrive\知识库\智库信息爬虫\国际主要科技智库观点演变_研判\03_证据底稿\原文PDF\C-ATL-633874.pdf,C:\Users\WINDOWS\OneDrive\知识库\智库信息爬虫\国际主要科技智库观点演变_研判\03_证据底稿\文本\C-ATL-633874.txt,C:\Users\WINDOWS\OneDrive\知识库\智库信息爬虫\国际主要科技智库观点演变_研判\03_证据底稿\切片\C-ATL-633874.md,2126875,b757b05256c1fc68be9c52888682f0c1320ebff515afd29f256df6ab1d19693a,32,80827,官方PDF已保存并校验,,2026-08-22
C-ATL-818066,818066,2023-05-15,W3,议题简报,What is driving the adoption of Chinese surveillance technology in Africa?,作者/项目政策简报,网络安全与数字治理,官方科技议题分类；GeoTech或Cyber项目归属；标题或摘要科技关键词,"When examining the proliferation of Chinese surveillance systems and cyber capabilities in Africa, research disproportionately focuses on the motivations and ambitions of the supplier. This perspective, while it highlights Chinese diplomatic ambitions and corporate opportunities, ignores local features that drive the adoption of Chinese surveillance tools.",https://www.atlanticcouncil.org/in-depth-research-reports/issue-brief/what-is-driving-the-adoption-of-chinese-surveillance-technology-in-africa/,,C:\Users\WINDOWS\OneDrive\知识库\智库信息爬虫\国际主要科技智库观点演变_研判\03_证据底稿\网页文本\C-ATL-818066.txt,C:\Users\WINDOWS\OneDrive\知识库\智库信息爬虫\国际主要科技智库观点演变_研判\03_证据底稿\网页文本\C-ATL-818066.txt,C:\Users\WINDOWS\OneDrive\知识库\智库信息爬虫\国际主要科技智库观点演变_研判\03_证据底稿\网页转写\C-ATL-818066.md,401140,7d57deb06c00ffbbd9cdf6113a8879f76c7559b5babc5e2afe66143886a83a64,0,60751,官方网页全文已保存,,2026-08-22
C-ATL-646204,646204,2023-05-30,W3,议题简报,China’s subsea-cable power in the Middle East and North Africa,作者/项目政策简报,网络安全与数字治理,官方科技议题分类,"Dale Aluf analyzes China’s campaign to make countries in the region more dependent on Chinese networks, while reducing its own dependence on foreign cables. China’s growing presence in the Middle East and North Africa’s cable industry is significant because Beijing has the power to shape the route of global internet traffic by determining when, where, and how to build cables.",https://www.atlanticcouncil.org/in-depth-research-reports/issue-brief/chinas-subsea-cable-power-in-the-middle-east-and-north-africa/,https://www.atlanticcouncil.org/wp-content/uploads/2023/05/ChinasGrowingInfluence_052423-1.pdf,C:\Users\WINDOWS\OneDrive\知识库\智库信息爬虫\国际主要科技智库观点演变_研判\03_证据底稿\原文PDF\C-ATL-646204.pdf,C:\Users\WINDOWS\OneDrive\知识库\智库信息爬虫\国际主要科技智库观点演变_研判\03_证据底稿\文本\C-ATL-646204.txt,C:\Users\WINDOWS\OneDrive\知识库\智库信息爬虫\国际主要科技智库观点演变_研判\03_证据底稿\切片\C-ATL-646204.md,830075,0fef001bf9841a32ae69d5af06d23388a92b56dd7fe01107d2a6990978ebb2e1,16,63203,官方PDF已保存并校验,,2026-08-22
C-ATL-655540,655540,2023-06-27,W3,Atlantic Council战略论文,Global Strategy 2023: Winning the tech race with China,作者/项目正式研究,创新体系与产业政策,官方科技议题分类；标题或摘要科技关键词,"The United States and the People’s Republic of China (PRC) are engaged in a strategic competition surrounding the development of key technologies. Both countries seek to out-compete the other to achieve first-mover advantage in breakthrough technologies, and to be the best country in terms of the commercial scaling of emerging and existing technologies.",https://www.atlanticcouncil.org/content-series/atlantic-council-strategy-paper-series/global-strategy-2023-winning-the-tech-race-with-china/,,C:\Users\WINDOWS\OneDrive\知识库\智库信息爬虫\国际主要科技智库观点演变_研判\03_证据底稿\网页文本\C-ATL-655540.txt,C:\Users\WINDOWS\OneDrive\知识库\智库信息爬虫\国际主要科技智库观点演变_研判\03_证据底稿\网页文本\C-ATL-655540.txt,C:\Users\WINDOWS\OneDrive\知识库\智库信息爬虫\国际主要科技智库观点演变_研判\03_证据底稿\网页转写\C-ATL-655540.md,493413,55aceb36ec956e4413b4bb68e7e9c3ff8003394cc1c2bc8c0485960d0ab51b3b,0,113910,官方网页全文已保存,,2026-08-22
C-ATL-660056,660056,2023-06-29,W3,议题简报,What policymakers need to know about artificial intelligence,作者/项目政策简报,人工智能、芯片与算力,官方科技议题分类；GeoTech或Cyber项目归属；标题或摘要科技关键词,"Behind the hype and fear lies a crucial truth—AI is designed to augment human intelligence, not replace it. This primer explains how developers strive to create systems that mimic human capabilities by finding patterns, making predictions, and generating meaningful and actionable insights using data generated by our information-rich world.",https://www.atlanticcouncil.org/in-depth-research-reports/issue-brief/what-policy-makers-need-to-know-about-artificial-intelligence/,,C:\Users\WINDOWS\OneDrive\知识库\智库信息爬虫\国际主要科技智库观点演变_研判\03_证据底稿\网页文本\C-ATL-660056.txt,C:\Users\WINDOWS\OneDrive\知识库\智库信息爬虫\国际主要科技智库观点演变_研判\03_证据底稿\网页文本\C-ATL-660056.txt,C:\Users\WINDOWS\OneDrive\知识库\智库信息爬虫\国际主要科技智库观点演变_研判\03_证据底稿\网页转写\C-ATL-660056.md,347187,7cd5b049513ce94df1d91fe71b5c58c9a0550ed8c9888b3948edcf2485eeb37b,0,41308,官方网页全文已保存,,2026-08-22
C-ATL-669055,669055,2023-08-02,W3,正式研究报告,Chinese discourse power: Capabilities and impact,作者/项目正式研究,综合科技竞争,官方科技议题分类,An examination of China’s online and offline channels for the dissemination of “discourse power” and the mechanisms of oversight on which such communications rely.,https://www.atlanticcouncil.org/in-depth-research-reports/report/chinese-discourse-power-capabilities-and-impact/,https://www.atlanticcouncil.org/wp-content/uploads/2023/08/Chinese-Discourse-Power-Capabilities-and-Impact-1.pdf,C:\Users\WINDOWS\OneDrive\知识库\智库信息爬虫\国际主要科技智库观点演变_研判\03_证据底稿\原文PDF\C-ATL-669055.pdf,C:\Users\WINDOWS\OneDrive\知识库\智库信息爬虫\国际主要科技智库观点演变_研判\03_证据底稿\文本\C-ATL-669055.txt,C:\Users\WINDOWS\OneDrive\知识库\智库信息爬虫\国际主要科技智库观点演变_研判\03_证据底稿\切片\C-ATL-669055.md,4152477,ffb851d2e95ca0236d7315fe73eac3a74ad1ac5856bf525ff7db1439fdf235ac,42,176672,官方PDF已保存并校验,,2026-08-22
C-ATL-677634,677634,2023-09-06,W3,正式研究报告,Sleight of hand: How China weaponizes software vulnerabilities,作者/项目正式研究,网络安全与数字治理,官方科技议题分类；GeoTech或Cyber项目归属,"China’s new vulnerability management system mandates reporting to MIIT within 48 hours, restricting pre-patch publication and POC code. This centralized approach contrasts with the US voluntary system, potentially aiding Chinese intelligence. MIIT shares data with the MSS, affecting voluntary databases as well. MSS also fund firms to provide vulnerabilities for their offensive potential.",https://www.atlanticcouncil.org/in-depth-research-reports/report/sleight-of-hand-how-china-weaponizes-software-vulnerability/,https://www.atlanticcouncil.org/wp-content/uploads/2022/09/AC_DRAGON_TAILS_LAY4_WEB3.pdf,C:\Users\WINDOWS\OneDrive\知识库\智库信息爬虫\国际主要科技智库观点演变_研判\03_证据底稿\原文PDF\C-ATL-677634.pdf,C:\Users\WINDOWS\OneDrive\知识库\智库信息爬虫\国际主要科技智库观点演变_研判\03_证据底稿\文本\C-ATL-677634.txt,C:\Users\WINDOWS\OneDrive\知识库\智库信息爬虫\国际主要科技智库观点演变_研判\03_证据底稿\切片\C-ATL-677634.md,4294184,cfce74db7ce46b0d12117b7f226d7e18bd1f2e6cf5636189b97f6b0d640a53bb,23,118722,官方PDF已保存并校验,,2026-08-22
C-ATL-687065,687065,2023-10-04,W3,正式研究报告,Running out of road: China Pathfinder 2023 annual scorecard,作者/项目正式研究,综合科技竞争,官方科技议题分类,The China Pathfinder project examines whether China’s economy is converging or diverging with the world’s leading open market economies.,https://www.atlanticcouncil.org/in-depth-research-reports/report/running-out-of-road-china-pathfinder-2023-annual-scorecard/,https://www.atlanticcouncil.org/wp-content/uploads/2023/10/Running-out-of-road-China-pathfinder-annual-scorecard-2023.pdf,C:\Users\WINDOWS\OneDrive\知识库\智库信息爬虫\国际主要科技智库观点演变_研判\03_证据底稿\原文PDF\C-ATL-687065.pdf,C:\Users\WINDOWS\OneDrive\知识库\智库信息爬虫\国际主要科技智库观点演变_研判\03_证据底稿\文本\C-ATL-687065.txt,C:\Users\WINDOWS\OneDrive\知识库\智库信息爬虫\国际主要科技智库观点演变_研判\03_证据底稿\切片\C-ATL-687065.md,12210667,550786ca3a3e43604f3554dac749c1888046d39274ba3828ba496cd5d9d2612d,70,165727,官方PDF已保存并校验,,2026-08-22
C-ATL-707988,707988,2023-12-04,W3,正式研究报告,Community watch: China’s vision for the future of the internet,作者/项目正式研究,网络安全与数字治理,官方科技议题分类；标题或摘要科技关键词,"In 2015, Beijing released Jointly Building a Community with a Shared Future in Cyberspace, a white paper outlining the CCP’s vision for the future of the internet. In the eight years since then, this vision has picked up steam outside of China, largely as the result of Beijing’s efforts to export these ideas to authoritarian countries.",https://www.atlanticcouncil.org/in-depth-research-reports/report/community-watch-chinas-vision-for-the-future-of-the-internet/,,C:\Users\WINDOWS\OneDrive\知识库\智库信息爬虫\国际主要科技智库观点演变_研判\03_证据底稿\网页文本\C-ATL-707988.txt,C:\Users\WINDOWS\OneDrive\知识库\智库信息爬虫\国际主要科技智库观点演变_研判\03_证据底稿\网页文本\C-ATL-707988.txt,C:\Users\WINDOWS\OneDrive\知识库\智库信息爬虫\国际主要科技智库观点演变_研判\03_证据底稿\网页转写\C-ATL-707988.md,412690,dc8d0b686575d194a3c9198939e3030b85c913bd0a864908c737e069a5da23b1,0,70881,官方网页全文已保存,,2026-08-22
C-ATL-722225,722225,2024-01-12,W3,Atlantic Council战略论文,"Welcome to 2034: What the world could look like in ten years, according to nearly 300 experts",作者/项目正式研究,人工智能、芯片与算力,标题或摘要科技关键词,"To survey the future, we polled global strategists and foresight practitioners on our most burning questions about the biggest drivers of change over the next decade. Check out their forecasts on everything from the likelihood of war over Taiwan to the future of AI.",https://www.atlanticcouncil.org/content-series/atlantic-council-strategy-paper-series/welcome-to-2034-what-the-world-could-look-like-in-ten-years-according-to-nearly-300-experts/,,C:\Users\WINDOWS\OneDrive\知识库\智库信息爬虫\国际主要科技智库观点演变_研判\03_证据底稿\网页文本\C-ATL-722225.txt,C:\Users\WINDOWS\OneDrive\知识库\智库信息爬虫\国际主要科技智库观点演变_研判\03_证据底稿\网页文本\C-ATL-722225.txt,C:\Users\WINDOWS\OneDrive\知识库\智库信息爬虫\国际主要科技智库观点演变_研判\03_证据底稿\网页转写\C-ATL-722225.md,247397,626f0b5a7ab55afffd350e6c1cdaf39fde702f94e146a76dc255c13385fa0c19,0,31082,官方网页全文已保存,,2026-08-22
C-ATL-721295,721295,2024-01-17,W3,Atlantic Council战略论文,The top risks and opportunities for 2024,作者/项目正式研究,综合科技竞争,官方科技议题分类,2023 was marked by war in the Middle East and in Europe. What else looms on the horizon? The Atlantic Council’s top experts brought their globe-spanning expertise to the task of forecasting the near future.,https://www.atlanticcouncil.org/content-series/atlantic-council-strategy-paper-series/the-top-risks-and-opportunities-for-2024/,,C:\Users\WINDOWS\OneDrive\知识库\智库信息爬虫\国际主要科技智库观点演变_研判\03_证据底稿\网页文本\C-ATL-721295.txt,C:\Users\WINDOWS\OneDrive\知识库\智库信息爬虫\国际主要科技智库观点演变_研判\03_证据底稿\网页文本\C-ATL-721295.txt,C:\Users\WINDOWS\OneDrive\知识库\智库信息爬虫\国际主要科技智库观点演变_研判\03_证据底稿\网页转写\C-ATL-721295.md,261820,0cc40b7870549530a14167670fc05ec51fe19b67c3efeea5cff7ad32339edce7,0,34650,官方网页全文已保存,,2026-08-22
C-ATL-729295,729295,2024-01-31,W3,议题简报,A US-South Korea alliance strategic memo on deterrence,作者/项目政策简报,综合科技竞争,标题或摘要科技关键词,"With North Korea’s rapidly advancing military technology, aggressive nuclear policy changes, and deepening ties with the PRC making deterrence on the Korean Peninsula increasingly more complex, this is how the US and South Korea can shore up cooperative deterrence and boost alliance resilience.",https://www.atlanticcouncil.org/in-depth-research-reports/issue-brief/a-us-south-korea-alliance-strategic-memo-on-deterrence/,,C:\Users\WINDOWS\OneDrive\知识库\智库信息爬虫\国际主要科技智库观点演变_研判\03_证据底稿\网页文本\C-ATL-729295.txt,C:\Users\WINDOWS\OneDrive\知识库\智库信息爬虫\国际主要科技智库观点演变_研判\03_证据底稿\网页文本\C-ATL-729295.txt,C:\Users\WINDOWS\OneDrive\知识库\智库信息爬虫\国际主要科技智库观点演变_研判\03_证据底稿\网页转写\C-ATL-729295.md,336908,85aa43e89e232bb2e5475e75c94fbfd3ef5771977326cbe38dd8e5176ef8abaf,0,28219,官方网页全文已保存,,2026-08-22
C-ATL-729616,729616,2024-01-31,W3,议题简报,A US-South Korea alliance strategic memo on countering Beijing’s economic coercion,作者/项目政策简报,技术供应链与出口管制,官方科技议题分类；标题或摘要科技关键词,"Economic interdependence of South Korea, United States, and other Indo-Pacific countries with China is enabling Beijing to pose threats to national security through economic coercion. To reduce these risks, Seoul and Washington should align strategies in advanced technologies, secure supply chains through trilateral cooperation with Japan, and reinforce the rules-based system in the Indo-Pacific.",https://www.atlanticcouncil.org/in-depth-research-reports/issue-brief/a-us-south-korea-alliance-strategic-memo-on-countering-beijings-economic-coercion/,,C:\Users\WINDOWS\OneDrive\知识库\智库信息爬虫\国际主要科技智库观点演变_研判\03_证据底稿\网页文本\C-ATL-729616.txt,C:\Users\WINDOWS\OneDrive\知识库\智库信息爬虫\国际主要科技智库观点演变_研判\03_证据底稿\网页文本\C-ATL-729616.txt,C:\Users\WINDOWS\OneDrive\知识库\智库信息爬虫\国际主要科技智库观点演变_研判\03_证据底稿\网页转写\C-ATL-729616.md,338413,e3daaee955b28988cea6f0744c514d6bd0c072c042e3b9b005e0a3fa7f6742eb,0,24684,官方网页全文已保存,,2026-08-22
C-ATL-726550,726550,2024-02-12,W3,Atlantic Council战略论文,A strategy to counter malign Chinese and Russian influence in Latin America and the Caribbean,作者/项目正式研究,综合科技竞争,官方科技议题分类,"As strategic competition with China and Russia continues to intensify, the United States and its allies need a strategy for countering the malign influence of authoritarian rivals in the Western Hemisphere. This Atlantic Council Strategy Paper proposes a path forward for the United States and its allies to do that.",https://www.atlanticcouncil.org/content-series/atlantic-council-strategy-paper-series/a-strategy-to-counter-malign-chinese-and-russian-influence-in-latin-america-and-the-caribbean/,https://www.atlanticcouncil.org/wp-content/uploads/2024/10/A-strategy-to-counter-malign-Chinese-and-Russian-influence-in-Latin-America-and-the-Caribbean.pdf,C:\Users\WINDOWS\OneDrive\知识库\智库信息爬虫\国际主要科技智库观点演变_研判\03_证据底稿\原文PDF\C-ATL-726550.pdf,C:\Users\WINDOWS\OneDrive\知识库\智库信息爬虫\国际主要科技智库观点演变_研判\03_证据底稿\文本\C-ATL-726550.txt,C:\Users\WINDOWS\OneDrive\知识库\智库信息爬虫\国际主要科技智库观点演变_研判\03_证据底稿\切片\C-ATL-726550.md,4530159,574c3641e1a09f6baaf087cc97004588b90f9b4a858b6f1f717047ebb1f8d1a2,28,119858,官方PDF已保存并校验,,2026-08-22
C-ATL-726580,726580,2024-02-12,W3,Atlantic Council战略论文,The competition for influence in the Americas is now online,作者/项目正式研究,网络安全与数字治理,官方科技议题分类；标题或摘要科技关键词,"China is expanding its footprint in Latin America and the Caribbeans’s emerging technology and critical infrastructure arenas, while Russia is engaging in foreign influence operations via the cyber domain. These challenges require a proactive stance by the United States.",https://www.atlanticcouncil.org/in-depth-research-reports/issue-brief/the-competition-for-influence-in-the-americas-is-now-online/,,C:\Users\WINDOWS\OneDrive\知识库\智库信息爬虫\国际主要科技智库观点演变_研判\03_证据底稿\网页文本\C-ATL-726580.txt,C:\Users\WINDOWS\OneDrive\知识库\智库信息爬虫\国际主要科技智库观点演变_研判\03_证据底稿\网页文本\C-ATL-726580.txt,C:\Users\WINDOWS\OneDrive\知识库\智库信息爬虫\国际主要科技智库观点演变_研判\03_证据底稿\网页转写\C-ATL-726580.md,344853,0bfb8e196068e5ac10150936deb3abfcd87d6bebfe490013cdc428ec4d233e4d,0,33622,官方网页全文已保存,,2026-08-22
C-ATL-730612,730612,2024-03-14,W3,议题简报,Leveraging generative artificial intelligence to outcompete strategic rivals,作者/项目政策简报,人工智能、芯片与算力,官方科技议题分类；标题或摘要科技关键词,The United States and its allies must leverage generative artificial intelligence to outcompete strategic rivals.,https://www.atlanticcouncil.org/in-depth-research-reports/issue-brief/leveraging-generative-artificial-intelligence-to-outcompete-strategic-rivals/,https://www.atlanticcouncil.org/wp-content/uploads/2022/11/Chinese-Discourse-Power-Ambitions-and-Reality-in-the-Digital-Domain.pdf,C:\Users\WINDOWS\OneDrive\知识库\智库信息爬虫\国际主要科技智库观点演变_研判\03_证据底稿\原文PDF\C-ATL-555866.pdf,C:\Users\WINDOWS\OneDrive\知识库\智库信息爬虫\国际主要科技智库观点演变_研判\03_证据底稿\文本\C-ATL-555866.txt,C:\Users\WINDOWS\OneDrive\知识库\智库信息爬虫\国际主要科技智库观点演变_研判\03_证据底稿\切片\C-ATL-555866.md,2644330,c7a2ae9444e78043031690b19b3fa1ffa1f5d371eb08387c5ffa02b8518d2637,21,164807,关联既有官方PDF,,2026-08-22
C-ATL-765127,765127,2024-05-15,W3,议题简报,China Pathfinder: Q1 2024 update,作者/项目政策简报,创新体系与产业政策,标题或摘要科技关键词,"In the first quarter of 2024, Beijing pushed forward with a flurry of efforts to support a faltering stock market, ramp up exports to make up for domestic demand, and double-down on high-tech sectors with subsidies and other innovation funding.",https://www.atlanticcouncil.org/in-depth-research-reports/issue-brief/china-pathfinder-q1-2024-update/,https://www.atlanticcouncil.org/wp-content/uploads/2024/05/ChinaPathfinder_Q1_2024_Update.pdf,C:\Users\WINDOWS\OneDrive\知识库\智库信息爬虫\国际主要科技智库观点演变_研判\03_证据底稿\原文PDF\C-ATL-765127.pdf,C:\Users\WINDOWS\OneDrive\知识库\智库信息爬虫\国际主要科技智库观点演变_研判\03_证据底稿\文本\C-ATL-765127.txt,C:\Users\WINDOWS\OneDrive\知识库\智库信息爬虫\国际主要科技智库观点演变_研判\03_证据底稿\切片\C-ATL-765127.md,269082,28e79389be21f26c71e1234b463226c09b60af95e1dc38806172e04efa93c17b,5,27599,官方PDF已保存并校验,,2026-08-22
C-ATL-771570,771570,2024-06-13,W3,正式研究报告,A Global South with Chinese characteristics,作者/项目正式研究,综合科技竞争,标题或摘要科技关键词,"The Chinese Ministry of Commerce has sponsored training programs overseas on trade, information security technologies, and more. Beijing uses these training programs to make a case for its authoritarian capitalism. Is it working?",https://www.atlanticcouncil.org/in-depth-research-reports/report/a-global-south-with-chinese-characteristics/,https://www.atlanticcouncil.org/wp-content/uploads/2024/06/Seminar-on-national-governance-for-presidential-advisers-of-developing-countries.pdf,C:\Users\WINDOWS\OneDrive\知识库\智库信息爬虫\国际主要科技智库观点演变_研判\03_证据底稿\原文PDF\C-ATL-771570.pdf,C:\Users\WINDOWS\OneDrive\知识库\智库信息爬虫\国际主要科技智库观点演变_研判\03_证据底稿\文本\C-ATL-771570.txt,C:\Users\WINDOWS\OneDrive\知识库\智库信息爬虫\国际主要科技智库观点演变_研判\03_证据底稿\切片\C-ATL-771570.md,321988,ad94fe25a32bc973bd7389ea83a084bc992ba73de33d356b326b6b6a4e3e29a8,5,9463,官方PDF已保存并校验,,2026-08-22
C-ATL-763606,763606,2024-06-25,W3,议题简报,A global strategy to secure UAS supply chains,作者/项目政策简报,技术供应链与出口管制；国防、航天与无人系统,官方科技议题分类；标题或摘要科技关键词,"China exercises substantial control over the commercial drone market, which poses a security challenge for the United States and its allies and partners. What strategy will help the United States and its allies and partners counter China’s drone-market dominance?",https://www.atlanticcouncil.org/in-depth-research-reports/issue-brief/a-global-strategy-to-secure-uas-supply-chains/,https://www.atlanticcouncil.org/wp-content/uploads/2022/09/Alternative-Battery-Chemistries-and-Diversifying-Clean-Energy-Supply-Chains.pdf,C:\Users\WINDOWS\OneDrive\知识库\智库信息爬虫\国际主要科技智库观点演变_研判\03_证据底稿\原文PDF\C-ATL-564749.pdf,C:\Users\WINDOWS\OneDrive\知识库\智库信息爬虫\国际主要科技智库观点演变_研判\03_证据底稿\文本\C-ATL-564749.txt,C:\Users\WINDOWS\OneDrive\知识库\智库信息爬虫\国际主要科技智库观点演变_研判\03_证据底稿\切片\C-ATL-564749.md,1837807,329903382ab0b54c50dfba69c5c392f4f912e0b2c4f0d1b7f61c0f00eb4ac821,21,91225,关联既有官方PDF,,2026-08-22
C-ATL-776535,776535,2024-07-02,W3,正式研究报告,Strengthening Taiwan’s resiliency,作者/项目正式研究,网络安全与数字治理,官方科技议题分类；标题或摘要科技关键词,"Resilience is a nation’s ability to understand, address, respond to, and recover from any type of national security risk. Given the scale of risk Taiwan faces from mainland China, domestic resilience should be front and center in Taiwan’s national security strategy, encompassing areas such as cybersecurity, energy security, and defense resilience.",https://www.atlanticcouncil.org/in-depth-research-reports/report/strengthening-taiwans-resiliency/,https://www.atlanticcouncil.org/wp-content/uploads/2024/07/Toward-resilience-An-action-plan-for-Taiwan-in-the-face-of-PRC-aggression.pdf,C:\Users\WINDOWS\OneDrive\知识库\智库信息爬虫\国际主要科技智库观点演变_研判\03_证据底稿\原文PDF\C-ATL-776535.pdf,C:\Users\WINDOWS\OneDrive\知识库\智库信息爬虫\国际主要科技智库观点演变_研判\03_证据底稿\文本\C-ATL-776535.txt,C:\Users\WINDOWS\OneDrive\知识库\智库信息爬虫\国际主要科技智库观点演变_研判\03_证据底稿\切片\C-ATL-776535.md,2420273,13490a8cbe618a8e8167d2c82afa0bb75bc28cfac717ba9296c4a9aba4e0a621,28,105065,官方PDF已保存并校验,,2026-08-22
C-ATL-782361,782361,2024-07-30,W3,议题简报,Effective US government strategies to address China’s information influence,作者/项目政策简报,综合科技竞争,官方科技议题分类,"To mount the most effective response to Chinese influence and the threat it poses to democratic interests at home and on the international stage, the United States should develop a global information strategy, one that reflects the interconnected nature of regulatory, industrial, and diplomatic policies with regard to the information domain.",https://www.atlanticcouncil.org/in-depth-research-reports/issue-brief/effective-us-government-strategies-to-address-chinas-information-influence/,https://www.atlanticcouncil.org/wp-content/uploads/2024/07/Chinas-Weaponization-of-the-Global-Information-Environment.pdf,C:\Users\WINDOWS\OneDrive\知识库\智库信息爬虫\国际主要科技智库观点演变_研判\03_证据底稿\原文PDF\C-ATL-782361.pdf,C:\Users\WINDOWS\OneDrive\知识库\智库信息爬虫\国际主要科技智库观点演变_研判\03_证据底稿\文本\C-ATL-782361.txt,C:\Users\WINDOWS\OneDrive\知识库\智库信息爬虫\国际主要科技智库观点演变_研判\03_证据底稿\切片\C-ATL-782361.md,1770277,336c27302cd9e0b41820019c11e1a9c09eb582737c7f0e3a0c07cd325669d7bc,16,66179,官方PDF已保存并校验,,2026-08-22
C-ATL-787800,787800,2024-09-04,W3,正式研究报告,Forging the 5G future: Strategic imperatives for the US and its allies,作者/项目正式研究,技术供应链与出口管制,官方科技议题分类；标题或摘要科技关键词,"5G technology is a critical pillar of U.S. national security, economic prosperity, and geopolitical influence in the twenty-first century.",https://www.atlanticcouncil.org/in-depth-research-reports/report/forging-the-5g-future-strategic-imperatives-for-the-us-and-its-allies/,,C:\Users\WINDOWS\OneDrive\知识库\智库信息爬虫\国际主要科技智库观点演变_研判\03_证据底稿\网页文本\C-ATL-787800.txt,C:\Users\WINDOWS\OneDrive\知识库\智库信息爬虫\国际主要科技智库观点演变_研判\03_证据底稿\网页文本\C-ATL-787800.txt,C:\Users\WINDOWS\OneDrive\知识库\智库信息爬虫\国际主要科技智库观点演变_研判\03_证据底稿\网页转写\C-ATL-787800.md,456206,03e48ec1022b377948658049adab2d23239f3e7da312fc8c3a49882fef78e92d,0,87542,官方网页全文已保存,,2026-08-22
C-ATL-786928,786928,2024-09-09,W3,正式研究报告,Sharing the post carbon economy means building a resilient EV supply chain,作者/项目正式研究,技术供应链与出口管制；创新体系与产业政策,标题或摘要科技关键词,"In this report Sarah Bauerle Danzman advances the policy discussion by compiling trade, investment, and EV industrial policy data across the G20, and offers six recommendations to the G20 to build a resilient EV supply chain.",https://www.atlanticcouncil.org/in-depth-research-reports/report/sharing-the-post-carbon-economy-means-building-a-resilient-ev-supply-chain/,,C:\Users\WINDOWS\OneDrive\知识库\智库信息爬虫\国际主要科技智库观点演变_研判\03_证据底稿\网页文本\C-ATL-786928.txt,C:\Users\WINDOWS\OneDrive\知识库\智库信息爬虫\国际主要科技智库观点演变_研判\03_证据底稿\网页文本\C-ATL-786928.txt,C:\Users\WINDOWS\OneDrive\知识库\智库信息爬虫\国际主要科技智库观点演变_研判\03_证据底稿\网页转写\C-ATL-786928.md,387559,95ef50165c8ab9ffd858f6b61eea4d76f92f3d861d9b021404ca3112eb9e3c75,0,62534,官方网页全文已保存,,2026-08-22
C-ATL-792027,792027,2024-09-23,W3,议题简报,Expanding the US-Japan economic security partnership: Engaging allies and partners,作者/项目政策简报,综合科技竞争,官方科技议题分类,Economic security has emerged as a national security priority in Tokyo and Washington as both confront challenges posed by China’s civil-military fusion and economic coercion. The alignment of Tokyo and Washington on strategic views of China and the convergence of their economic security priorities has created a new era of alliance cooperation on these issues.,https://www.atlanticcouncil.org/in-depth-research-reports/issue-brief/expanding-the-us-japan-economic-security-partnership-engaging-allies-and-partners/,,C:\Users\WINDOWS\OneDrive\知识库\智库信息爬虫\国际主要科技智库观点演变_研判\03_证据底稿\网页文本\C-ATL-792027.txt,C:\Users\WINDOWS\OneDrive\知识库\智库信息爬虫\国际主要科技智库观点演变_研判\03_证据底稿\网页文本\C-ATL-792027.txt,C:\Users\WINDOWS\OneDrive\知识库\智库信息爬虫\国际主要科技智库观点演变_研判\03_证据底稿\网页转写\C-ATL-792027.md,314871,fdac17b2a4d528d989f7b6105c2200e5d7d8690fbcfa8c16379dee1e07440524,0,13486,官方网页全文已保存,,2026-08-22
C-ATL-798483,798483,2024-10-09,W3,正式研究报告,End of the line: The cost of faltering reforms,作者/项目正式研究,综合科技竞争,官方科技议题分类,The China Pathfinder project examines whether China’s economy is converging or diverging with the world’s leading open market economies.,https://www.atlanticcouncil.org/in-depth-research-reports/report/end-of-the-line-the-cost-of-faltering-reforms/,https://www.atlanticcouncil.org/wp-content/uploads/2024/10/China-Pathfinder-2024.pdf,C:\Users\WINDOWS\OneDrive\知识库\智库信息爬虫\国际主要科技智库观点演变_研判\03_证据底稿\原文PDF\C-ATL-798483.pdf,C:\Users\WINDOWS\OneDrive\知识库\智库信息爬虫\国际主要科技智库观点演变_研判\03_证据底稿\文本\C-ATL-798483.txt,C:\Users\WINDOWS\OneDrive\知识库\智库信息爬虫\国际主要科技智库观点演变_研判\03_证据底稿\切片\C-ATL-798483.md,14930881,e1132b694e2bdaeb51063d7a90bdb4b9d08d41d8669f33d14357d50a5d4210fa,72,181823,官方PDF已保存并校验,,2026-08-22
C-ATL-799964,799964,2024-10-18,W3,正式研究报告,Capture the (red) flag: An inside look into China’s hacking contest ecosystem,作者/项目正式研究,综合科技竞争,官方科技议题分类,"China has built the world’s most comprehensive ecosystem for capture-the-flag (CTF) competitions—the predominant form of hacking competitions, which range from team-versus-team play to Jeopardy-style knowledge challenges.",https://www.atlanticcouncil.org/in-depth-research-reports/report/capture-the-red-flag-an-inside-look-into-chinas-hacking-contest-ecosystem/,,C:\Users\WINDOWS\OneDrive\知识库\智库信息爬虫\国际主要科技智库观点演变_研判\03_证据底稿\网页文本\C-ATL-799964.txt,C:\Users\WINDOWS\OneDrive\知识库\智库信息爬虫\国际主要科技智库观点演变_研判\03_证据底稿\网页文本\C-ATL-799964.txt,C:\Users\WINDOWS\OneDrive\知识库\智库信息爬虫\国际主要科技智库观点演变_研判\03_证据底稿\网页转写\C-ATL-799964.md,497473,87f960e7957c41c37f1f0b61efbeaeeaed78baf6bf247cef9a90525bba2e411b,0,104947,官方网页全文已保存,,2026-08-22
C-ATL-820069,820069,2025-02-12,W3,Atlantic Council战略论文,The Global Foresight 2025 survey: Full results,作者/项目正式研究,综合科技竞争,官方科技议题分类,"In the fall of 2024 after the outcome of the US presidential election, the Atlantic Council’s Scowcroft Center for Strategy and Security surveyed the future, asking leading global strategists and foresight practitioners around the world to answer our most burning questions about the biggest drivers of change over the next ten years. Here are the full results.",https://www.atlanticcouncil.org/content-series/atlantic-council-strategy-paper-series/the-global-foresight-2025-survey-full-results/,,C:\Users\WINDOWS\OneDrive\知识库\智库信息爬虫\国际主要科技智库观点演变_研判\03_证据底稿\网页文本\C-ATL-820069.txt,C:\Users\WINDOWS\OneDrive\知识库\智库信息爬虫\国际主要科技智库观点演变_研判\03_证据底稿\网页文本\C-ATL-820069.txt,C:\Users\WINDOWS\OneDrive\知识库\智库信息爬虫\国际主要科技智库观点演变_研判\03_证据底稿\网页转写\C-ATL-820069.md,199039,1a5d72afb4c52290fb32ba566d5885f4d70aceece562dea59c2a02123233c62d,0,3118,官方网页全文已保存,,2026-08-22
C-ATL-821601,821601,2025-02-12,W3,Atlantic Council战略论文,"Welcome to 2035: What the world could look like in ten years, according to more than 350 experts",作者/项目正式研究,综合科技竞争,官方科技议题分类,"In the fall of 2024 after the outcome of the US presidential election, the Atlantic Council’s Scowcroft Center for Strategy and Security surveyed the future, asking leading global strategists and foresight practitioners around the world to answer our most burning questions about the biggest drivers of change over the next ten years. Here are the full results.",https://www.atlanticcouncil.org/content-series/atlantic-council-strategy-paper-series/welcome-to-2035/,,C:\Users\WINDOWS\OneDrive\知识库\智库信息爬虫\国际主要科技智库观点演变_研判\03_证据底稿\网页文本\C-ATL-821601.txt,C:\Users\WINDOWS\OneDrive\知识库\智库信息爬虫\国际主要科技智库观点演变_研判\03_证据底稿\网页文本\C-ATL-821601.txt,C:\Users\WINDOWS\OneDrive\知识库\智库信息爬虫\国际主要科技智库观点演变_研判\03_证据底稿\网页转写\C-ATL-821601.md,296484,d259249f3ab0f859bb99fd5ba48895851d3e258d3333e6cf9474fb2e2c5a8073,0,47696,官方网页全文已保存,,2026-08-22
C-ATL-821694,821694,2025-02-12,W3,Atlantic Council战略论文,Three worlds in 2035: Imagining scenarios for how the world could be transformed over the next decade,作者/项目正式研究,综合科技竞争,官方科技议题分类,2024 was marked by increased climate shocks and collaboration of autocratic adversaries. What will the world look like in the next decade? The Atlantic Council’s top experts brought their globe-spanning expertise to the task of forecasting three different scenarios for the future.,https://www.atlanticcouncil.org/content-series/atlantic-council-strategy-paper-series/three-worlds-in-2035/,,C:\Users\WINDOWS\OneDrive\知识库\智库信息爬虫\国际主要科技智库观点演变_研判\03_证据底稿\网页文本\C-ATL-821694.txt,C:\Users\WINDOWS\OneDrive\知识库\智库信息爬虫\国际主要科技智库观点演变_研判\03_证据底稿\网页文本\C-ATL-821694.txt,C:\Users\WINDOWS\OneDrive\知识库\智库信息爬虫\国际主要科技智库观点演变_研判\03_证据底稿\网页转写\C-ATL-821694.md,264123,f7dce28ca2cf42d57b1cb7e3f8706b53a449b1fdff9dbd86c01ecce701f40454,0,41604,官方网页全文已保存,,2026-08-22
C-ATL-833987,833987,2025-03-21,W3,议题简报,"To win the AI race, the US needs an all-of-the-above energy strategy",作者/项目政策简报,人工智能、芯片与算力,官方科技议题分类；标题或摘要科技关键词,"To ensure US AI leadership, the United States must harness all forms of energy, allow a level playing field, and remove red tape constraining the buildout of critical enablers, especially transmission lines and grid enhancing technologies.",https://www.atlanticcouncil.org/in-depth-research-reports/issue-brief/to-win-the-ai-race-the-us-needs-an-all-of-the-above-energy-strategy/,https://www.atlanticcouncil.org/wp-content/uploads/2025/03/To-win-the-AI-race-the-US-needs-an-all-of-the-above-energy-strategy.pdf,C:\Users\WINDOWS\OneDrive\知识库\智库信息爬虫\国际主要科技智库观点演变_研判\03_证据底稿\原文PDF\C-ATL-833987.pdf,C:\Users\WINDOWS\OneDrive\知识库\智库信息爬虫\国际主要科技智库观点演变_研判\03_证据底稿\文本\C-ATL-833987.txt,C:\Users\WINDOWS\OneDrive\知识库\智库信息爬虫\国际主要科技智库观点演变_研判\03_证据底稿\切片\C-ATL-833987.md,578172,12d66f4ef9ac48f5953930a07eed844647071751995315cf3bb752feaf7aec70,9,37397,官方PDF已保存并校验,,2026-08-22
C-ATL-835739,835739,2025-03-27,W3,议题简报,Canada needs an economic statecraft strategy to address its vulnerabilities,作者/项目政策简报,综合科技竞争,官方科技议题分类,"To address threats from Russia and China and reduce trade overdependence on the United States, Canada’s federal government will need to consolidate economic power and devise an economic statecraft strategy that will leverage Canada’s economic tools to mitigate economic threats and vulnerabilities.",https://www.atlanticcouncil.org/in-depth-research-reports/issue-brief/canada-needs-an-economic-statecraft-strategy-to-address-its-vulnerabilities/,,C:\Users\WINDOWS\OneDrive\知识库\智库信息爬虫\国际主要科技智库观点演变_研判\03_证据底稿\网页文本\C-ATL-835739.txt,C:\Users\WINDOWS\OneDrive\知识库\智库信息爬虫\国际主要科技智库观点演变_研判\03_证据底稿\网页文本\C-ATL-835739.txt,C:\Users\WINDOWS\OneDrive\知识库\智库信息爬虫\国际主要科技智库观点演变_研判\03_证据底稿\网页转写\C-ATL-835739.md,314516,fedf62785a00ac7e4db37e1e126d89188641596351bdd7216f40a4cefb04f5f7,0,45685,官方网页全文已保存,,2026-08-22
C-ATL-840674,840674,2025-04-16,W3,正式研究报告,Navigating the US-PRC tech competition in the Global South,作者/项目正式研究,综合科技竞争,官方科技议题分类,A landscape report analyzing China’s strategic tech engagements with the Global South and how the US can compete.,https://www.atlanticcouncil.org/in-depth-research-reports/report/navigating-the-us-prc-tech-competition-in-the-global-south/,,C:\Users\WINDOWS\OneDrive\知识库\智库信息爬虫\国际主要科技智库观点演变_研判\03_证据底稿\网页文本\C-ATL-840674.txt,C:\Users\WINDOWS\OneDrive\知识库\智库信息爬虫\国际主要科技智库观点演变_研判\03_证据底稿\网页文本\C-ATL-840674.txt,C:\Users\WINDOWS\OneDrive\知识库\智库信息爬虫\国际主要科技智库观点演变_研判\03_证据底稿\网页转写\C-ATL-840674.md,393884,d60f21156e2c6d372deba5dae5a9264265fa988dc52d787310283d9d063ea8f5,0,58844,官方网页全文已保存,,2026-08-22
C-ATL-842387,842387,2025-04-24,W3,议题简报,"Defending Taiwan means mobilizing society, not just the military",作者/项目政策简报,综合科技竞争,官方科技议题分类,"Taiwan is under unprecedented pressure from the People’s Republic of China (PRC), facing coordinated threats on multiple fronts.",https://www.atlanticcouncil.org/in-depth-research-reports/issue-brief/defending-taiwan-means-mobilizing-society-not-just-the-military/,https://www.atlanticcouncil.org/wp-content/uploads/2024/07/Toward-resilience-An-action-plan-for-Taiwan-in-the-face-of-PRC-aggression.pdf,C:\Users\WINDOWS\OneDrive\知识库\智库信息爬虫\国际主要科技智库观点演变_研判\03_证据底稿\原文PDF\C-ATL-776535.pdf,C:\Users\WINDOWS\OneDrive\知识库\智库信息爬虫\国际主要科技智库观点演变_研判\03_证据底稿\文本\C-ATL-776535.txt,C:\Users\WINDOWS\OneDrive\知识库\智库信息爬虫\国际主要科技智库观点演变_研判\03_证据底稿\切片\C-ATL-776535.md,2420273,13490a8cbe618a8e8167d2c82afa0bb75bc28cfac717ba9296c4a9aba4e0a621,28,105065,关联既有官方PDF,,2026-08-22
C-ATL-848735,848735,2025-06-11,W3,议题简报,Reprogramming the future: The specialized semiconductors reshaping the global supply chain,作者/项目政策简报,人工智能、芯片与算力；技术供应链与出口管制,官方科技议题分类；GeoTech或Cyber项目归属；标题或摘要科技关键词,"Within three years, Chinese investments in a critical and specialized type of semiconductor—field-programmable gate arrays (FPGAs)—are likely to drive many US firms out of the market. To counter this, the United States will need to significantly increase its own investment efforts.",https://www.atlanticcouncil.org/in-depth-research-reports/issue-brief/reprogramming-the-future-the-specialized-semiconductors-reshaping-the-global-supply-chain/,,C:\Users\WINDOWS\OneDrive\知识库\智库信息爬虫\国际主要科技智库观点演变_研判\03_证据底稿\网页文本\C-ATL-848735.txt,C:\Users\WINDOWS\OneDrive\知识库\智库信息爬虫\国际主要科技智库观点演变_研判\03_证据底稿\网页文本\C-ATL-848735.txt,C:\Users\WINDOWS\OneDrive\知识库\智库信息爬虫\国际主要科技智库观点演变_研判\03_证据底稿\网页转写\C-ATL-848735.md,382234,f9b20769ea51d0730d14dab709da6a9579a4d7997e453149ce47545ba7efee5a,0,41982,官方网页全文已保存,,2026-08-22
C-ATL-851573,851573,2025-06-13,W3,议题简报,Mapping China’s strategy for rare earths dominance,作者/项目政策简报,技术供应链与出口管制,标题或摘要科技关键词,China has built a commanding monopoly over rare earths.,https://www.atlanticcouncil.org/in-depth-research-reports/issue-brief/mapping-chinas-strategy-for-rare-earths-dominance/,https://www.atlanticcouncil.org/wp-content/uploads/2025/06/Mapping-Chinas-strategy-for-rare-earths-dominance.pdf,C:\Users\WINDOWS\OneDrive\知识库\智库信息爬虫\国际主要科技智库观点演变_研判\03_证据底稿\原文PDF\C-ATL-851573.pdf,C:\Users\WINDOWS\OneDrive\知识库\智库信息爬虫\国际主要科技智库观点演变_研判\03_证据底稿\文本\C-ATL-851573.txt,C:\Users\WINDOWS\OneDrive\知识库\智库信息爬虫\国际主要科技智库观点演变_研判\03_证据底稿\切片\C-ATL-851573.md,8995046,5585f006b13dcdfce9e29c29e20456421799ba4fd458685d6727de74c32781a5,44,171206,官方PDF已保存并校验,,2026-08-22
C-ATL-823804,823804,2025-06-25,W3,正式研究报告,Crash (exploit) and burn: Securing the offensive cyber supply chain to counter China in cyberspace,作者/项目正式研究,网络安全与数字治理；技术供应链与出口管制,官方科技议题分类；GeoTech或Cyber项目归属；标题或摘要科技关键词,"If the United States wishes to compete in cyberspace, it must compete against China to secure its offensive cyber supply chain.",https://www.atlanticcouncil.org/in-depth-research-reports/report/crash-exploit-and-burn/,https://www.atlanticcouncil.org/wp-content/uploads/2025/06/Crash-exploit-and-burn_DeSombre-Bernsen.pdf,C:\Users\WINDOWS\OneDrive\知识库\智库信息爬虫\国际主要科技智库观点演变_研判\03_证据底稿\原文PDF\C-ATL-823804.pdf,C:\Users\WINDOWS\OneDrive\知识库\智库信息爬虫\国际主要科技智库观点演变_研判\03_证据底稿\文本\C-ATL-823804.txt,C:\Users\WINDOWS\OneDrive\知识库\智库信息爬虫\国际主要科技智库观点演变_研判\03_证据底稿\切片\C-ATL-823804.md,1015531,aee7172833b86d139f7f774af3b7b14906e4d3ec0eef19ae817b431909e897c3,44,187384,官方PDF已保存并校验,,2026-08-22
C-ATL-860637,860637,2025-07-30,W3,正式研究报告,"To secure reprogrammable chips, the US must address supply chain risks",作者/项目正式研究,人工智能、芯片与算力；技术供应链与出口管制,官方科技议题分类；GeoTech或Cyber项目归属；标题或摘要科技关键词,"This policy brief analyzes the FPGA supply chain for US firms and the trade-offs these companies make among risks to cost, availability, and security; assesses how those trade-offs will change given a shifting global environment; and recommends policy interventions for the US government.",https://www.atlanticcouncil.org/in-depth-research-reports/report/to-secure-reprogrammable-chips-the-us-must-address-supply-chain-risks/,https://www.atlanticcouncil.org/wp-content/uploads/2025/07/Securing-Silicon-Pathway.pdf,C:\Users\WINDOWS\OneDrive\知识库\智库信息爬虫\国际主要科技智库观点演变_研判\03_证据底稿\原文PDF\C-ATL-860637.pdf,C:\Users\WINDOWS\OneDrive\知识库\智库信息爬虫\国际主要科技智库观点演变_研判\03_证据底稿\文本\C-ATL-860637.txt,C:\Users\WINDOWS\OneDrive\知识库\智库信息爬虫\国际主要科技智库观点演变_研判\03_证据底稿\切片\C-ATL-860637.md,10100275,135abe0b63ca933b46c640565f0f364e2d95dd5e9623697cd2f4664ba5607f4a,28,87729,官方PDF已保存并校验,,2026-08-22
C-ATL-863070,863070,2025-07-30,W3,正式研究报告,The journey of reprogrammable semiconductors through their supply chain,作者/项目正式研究,人工智能、芯片与算力；技术供应链与出口管制,官方科技议题分类；GeoTech或Cyber项目归属；标题或摘要科技关键词,This interactive offers a concise overview of the nuances that make the FPGA supply chain uniquely challenging.,https://www.atlanticcouncil.org/in-depth-research-reports/report/the-journey-of-reprogrammable-semiconductors-through-their-supply-chain/,,C:\Users\WINDOWS\OneDrive\知识库\智库信息爬虫\国际主要科技智库观点演变_研判\03_证据底稿\网页文本\C-ATL-863070.txt,C:\Users\WINDOWS\OneDrive\知识库\智库信息爬虫\国际主要科技智库观点演变_研判\03_证据底稿\网页文本\C-ATL-863070.txt,C:\Users\WINDOWS\OneDrive\知识库\智库信息爬虫\国际主要科技智库观点演变_研判\03_证据底稿\网页转写\C-ATL-863070.md,237531,71deed78d7e9847c5e76da7332225b44237babbe0560a4b5a0c5ee2ae402c1b8,0,13587,官方网页全文已保存,,2026-08-22
C-ATL-880143,880143,2025-11-10,W3,正式研究报告,Is Europe waking up to the China challenge? How geopolitics are reshaping EU and transatlantic strategy,作者/项目正式研究,综合科技竞争,官方科技议题分类,"China’s rising global ambitions challenge both US and European interests. By examining the EU’s gradual shift toward “de-risking” and gaps in transatlantic policy, this report offers insights for developing a more coherent and coordinated strategy to address Beijing’s economic and security challenges.",https://www.atlanticcouncil.org/in-depth-research-reports/report/is-europe-waking-up-to-the-china-challenge-how-geopolitics-are-reshaping-eu-and-transatlantic-strategy/,,C:\Users\WINDOWS\OneDrive\知识库\智库信息爬虫\国际主要科技智库观点演变_研判\03_证据底稿\网页文本\C-ATL-880143.txt,C:\Users\WINDOWS\OneDrive\知识库\智库信息爬虫\国际主要科技智库观点演变_研判\03_证据底稿\网页文本\C-ATL-880143.txt,C:\Users\WINDOWS\OneDrive\知识库\智库信息爬虫\国际主要科技智库观点演变_研判\03_证据底稿\网页转写\C-ATL-880143.md,337403,bfe5cf8656e48e0fc9ed2736e2054276b6f734d4845ea210a946947682becc15,0,19048,官方网页全文已保存,,2026-08-22
C-ATL-881558,881558,2025-11-10,W3,正式研究报告,Lithuania’s policy on China: An unlikely EU trailblazer,作者/项目正式研究,综合科技竞争,官方科技议题分类,"Lithuania’s defiance of Chinese pressure has made it a policy innovator in the EU, showing how a small state can strengthen collective resilience. Its firm stance on Taiwan and push for European unity have anchored the EU’s shift toward de-risking and closer transatlantic coordination.",https://www.atlanticcouncil.org/in-depth-research-reports/report/lithuanias-policy-on-china-an-unlikely-eu-trailblazer/,,C:\Users\WINDOWS\OneDrive\知识库\智库信息爬虫\国际主要科技智库观点演变_研判\03_证据底稿\网页文本\C-ATL-881558.txt,C:\Users\WINDOWS\OneDrive\知识库\智库信息爬虫\国际主要科技智库观点演变_研判\03_证据底稿\网页文本\C-ATL-881558.txt,C:\Users\WINDOWS\OneDrive\知识库\智库信息爬虫\国际主要科技智库观点演变_研判\03_证据底稿\网页转写\C-ATL-881558.md,351405,23fad39ae36e1277e33aa9fe169520defbb8e9513648dc5abaf07589a27f22db,0,32485,官方网页全文已保存,,2026-08-22
C-ATL-881664,881664,2025-11-10,W3,正式研究报告,Italy’s policy on China: The Belt and Road gamble and its aftermath,作者/项目正式研究,综合科技竞争,官方科技议题分类,"From the Silk Road to the Belt and Road Initiative, Italy’s relationship with China has shifted from early enthusiasm to cautious recalibration. Once Europe’s gateway for Beijing’s ambitions, Rome now frames its China policy around transatlantic solidarity, balancing economic opportunity with strategic prudence.",https://www.atlanticcouncil.org/in-depth-research-reports/report/italys-policy-on-china-the-belt-and-road-gamble-and-its-aftermath/,,C:\Users\WINDOWS\OneDrive\知识库\智库信息爬虫\国际主要科技智库观点演变_研判\03_证据底稿\网页文本\C-ATL-881664.txt,C:\Users\WINDOWS\OneDrive\知识库\智库信息爬虫\国际主要科技智库观点演变_研判\03_证据底稿\网页文本\C-ATL-881664.txt,C:\Users\WINDOWS\OneDrive\知识库\智库信息爬虫\国际主要科技智库观点演变_研判\03_证据底稿\网页转写\C-ATL-881664.md,280598,90fd3e6f0f56a52c99b0f0448cd250dd628da8adb98f50e0b01dedabd7dca95f,0,38374,官方网页全文已保存,,2026-08-22
C-ATL-881692,881692,2025-11-10,W3,正式研究报告,Germany’s policy on China: From win-win to strategic competition,作者/项目正式研究,综合科技竞争,官方科技议题分类,"Germany’s China policy has shifted from economic optimism to cautious competition—balancing trade interests with mounting security concerns. Once built on deep interdependence, Berlin now prioritizes “de-risking” and resilience in its approach to Beijing.",https://www.atlanticcouncil.org/in-depth-research-reports/report/germanys-policy-on-china-from-win-win-to-strategic-competition/,,C:\Users\WINDOWS\OneDrive\知识库\智库信息爬虫\国际主要科技智库观点演变_研判\03_证据底稿\网页文本\C-ATL-881692.txt,C:\Users\WINDOWS\OneDrive\知识库\智库信息爬虫\国际主要科技智库观点演变_研判\03_证据底稿\网页文本\C-ATL-881692.txt,C:\Users\WINDOWS\OneDrive\知识库\智库信息爬虫\国际主要科技智库观点演变_研判\03_证据底稿\网页转写\C-ATL-881692.md,382716,0e50f98dbbf16f5130bb9eec9888b6382b15da4854f814bcab7ec3216226fc2a,0,50213,官方网页全文已保存,,2026-08-22
C-ATL-881876,881876,2025-11-10,W3,正式研究报告,Hungary’s policy on China: Doing Beijing’s bidding,作者/项目正式研究,综合科技竞争,官方科技议题分类,"Under Prime Minister Viktor Orbán, Hungary has emerged as China’s closest ally within the EU, aligning its foreign policy with Beijing’s global agenda and repeatedly obstructing EU efforts to counter Chinese influence.",https://www.atlanticcouncil.org/in-depth-research-reports/report/hungarys-policy-on-china-doing-beijings-bidding/,,C:\Users\WINDOWS\OneDrive\知识库\智库信息爬虫\国际主要科技智库观点演变_研判\03_证据底稿\网页文本\C-ATL-881876.txt,C:\Users\WINDOWS\OneDrive\知识库\智库信息爬虫\国际主要科技智库观点演变_研判\03_证据底稿\网页文本\C-ATL-881876.txt,C:\Users\WINDOWS\OneDrive\知识库\智库信息爬虫\国际主要科技智库观点演变_研判\03_证据底稿\网页转写\C-ATL-881876.md,371111,d75962559705dd2b1458daa7e481adb9de8752456e7d68eb643ba44a8c6aaf12,0,41340,官方网页全文已保存,,2026-08-22
C-ATL-881896,881896,2025-11-10,W3,正式研究报告,Czechia’s policy on China: Swinging between engagement and de-risking,作者/项目正式研究,综合科技竞争,官方科技议题分类,"Although Czechia emerged as one of the EU’s early hawks and whistleblowers on China, its overall stance has shifted markedly over the past two decades—oscillating between engagement and balancing, with the fluctuations largely driven by domestic political divisions and sustained Chinese influence efforts.",https://www.atlanticcouncil.org/in-depth-research-reports/report/czechias-policy-on-china-swinging-between-partnership-and-de-risking/,,C:\Users\WINDOWS\OneDrive\知识库\智库信息爬虫\国际主要科技智库观点演变_研判\03_证据底稿\网页文本\C-ATL-881896.txt,C:\Users\WINDOWS\OneDrive\知识库\智库信息爬虫\国际主要科技智库观点演变_研判\03_证据底稿\网页文本\C-ATL-881896.txt,C:\Users\WINDOWS\OneDrive\知识库\智库信息爬虫\国际主要科技智库观点演变_研判\03_证据底稿\网页转写\C-ATL-881896.md,362220,33d2448b522301b3ee12c6103d60819fd778188e4d52b92d71b3e8afd14b994a,0,42540,官方网页全文已保存,,2026-08-22
C-ATL-882365,882365,2025-11-10,W3,正式研究报告,The European Commission’s role in steering Europe’s strategic outlook,作者/项目正式研究,综合科技竞争,官方科技议题分类,"Over the past decade, the European Commission has led the EU’s pivot toward balancing and “de-risking” China. Trade and investment have been at the heart of this strategy, not only because of the Commission’s authority in these domains, but also because they are the primary channels through which China challenges Europe’s economic and political interests.",https://www.atlanticcouncil.org/in-depth-research-reports/report/the-european-commissions-role-in-steering-europes-strategic-outlook/,,C:\Users\WINDOWS\OneDrive\知识库\智库信息爬虫\国际主要科技智库观点演变_研判\03_证据底稿\网页文本\C-ATL-882365.txt,C:\Users\WINDOWS\OneDrive\知识库\智库信息爬虫\国际主要科技智库观点演变_研判\03_证据底稿\网页文本\C-ATL-882365.txt,C:\Users\WINDOWS\OneDrive\知识库\智库信息爬虫\国际主要科技智库观点演变_研判\03_证据底稿\网页转写\C-ATL-882365.md,391570,a74d6a2c138dd0ff75d4496df8954b5b7e342b8a380e0227698176ff4a2f4246,0,54022,官方网页全文已保存,,2026-08-22
C-ATL-882418,882418,2025-11-10,W3,正式研究报告,The geopolitical trends shaping the EU’s policies on China,作者/项目正式研究,综合科技竞争,官方科技议题分类；标题或摘要科技关键词,"European policies on China are shaped by four major geopolitical trends: intensifying US-China competition, uncertainty about sustained US engagement in Europe and globally, China’s support for Russia’s war on Ukraine, and Beijing’s growing economic and technological challenge to the EU.",https://www.atlanticcouncil.org/in-depth-research-reports/report/the-geopolitical-trends-shaping-the-eus-policies-on-china/,,C:\Users\WINDOWS\OneDrive\知识库\智库信息爬虫\国际主要科技智库观点演变_研判\03_证据底稿\网页文本\C-ATL-882418.txt,C:\Users\WINDOWS\OneDrive\知识库\智库信息爬虫\国际主要科技智库观点演变_研判\03_证据底稿\网页文本\C-ATL-882418.txt,C:\Users\WINDOWS\OneDrive\知识库\智库信息爬虫\国际主要科技智库观点演变_研判\03_证据底稿\网页转写\C-ATL-882418.md,341129,e83bfb587da01ee7c80b798bb83705e3ad772d481270c14854f1e80a634265d6,0,29116,官方网页全文已保存,,2026-08-22
C-ATL-882792,882792,2025-11-10,W3,正式研究报告,France’s policy on China: Strategic autonomy and less naïveté,作者/项目正式研究,综合科技竞争,官方科技议题分类,"Over the last decade, France’s long-standing engagement with China has transformed into a more nuanced and cautious dynamic, reflecting a growing emphasis on balancing. This shift is guided by France’s pursuit of strategic autonomy, its effort to “de-risk” economic and security ties, and the broader geopolitical realities unfolding in the Indo-Pacific.",https://www.atlanticcouncil.org/in-depth-research-reports/report/frances-policy-on-china-strategic-autonomy-and-less-naivete/,,C:\Users\WINDOWS\OneDrive\知识库\智库信息爬虫\国际主要科技智库观点演变_研判\03_证据底稿\网页文本\C-ATL-882792.txt,C:\Users\WINDOWS\OneDrive\知识库\智库信息爬虫\国际主要科技智库观点演变_研判\03_证据底稿\网页文本\C-ATL-882792.txt,C:\Users\WINDOWS\OneDrive\知识库\智库信息爬虫\国际主要科技智库观点演变_研判\03_证据底稿\网页转写\C-ATL-882792.md,365197,830ab087c3e1f69bd1beed8f9e275a1b07219304a9b161b2f5df5345a224f620,0,39652,官方网页全文已保存,,2026-08-22
C-ATL-883361,883361,2025-11-10,W3,正式研究报告,Poland’s policy on China: From partnership to skepticism,作者/项目正式研究,综合科技竞争,官方科技议题分类,"Despite its traditionally transatlantic orientation, Poland pursued an engagement policy toward China until the late 2010s. However, unmet economic promises and Beijing’s alignment with Moscow following Russia’s invasion of Ukraine shifted Warsaw’s view of China from economic partner to systemic challenger.",https://www.atlanticcouncil.org/in-depth-research-reports/report/polands-policy-on-china-from-partnership-to-skepticism/,,C:\Users\WINDOWS\OneDrive\知识库\智库信息爬虫\国际主要科技智库观点演变_研判\03_证据底稿\网页文本\C-ATL-883361.txt,C:\Users\WINDOWS\OneDrive\知识库\智库信息爬虫\国际主要科技智库观点演变_研判\03_证据底稿\网页文本\C-ATL-883361.txt,C:\Users\WINDOWS\OneDrive\知识库\智库信息爬虫\国际主要科技智库观点演变_研判\03_证据底稿\网页转写\C-ATL-883361.md,356062,aa73ee8b2c363cc20af03a4b9e2f51eef04dec33b21f45b3ebf19e1c0079e4ea,0,38004,官方网页全文已保存,,2026-08-22
C-ATL-884104,884104,2025-11-10,W3,正式研究报告,Convergence and divergence in US and EU policies on China,作者/项目正式研究,综合科技竞争,官方科技议题分类,Where have US and EU polices on China drifted apart—and where do they converge? Identifying areas of conflict and alignment can help decision-makers on both sides of the Atlantic develop strategies to strengthen cooperation and more effectively counter China’s political and economic influence.,https://www.atlanticcouncil.org/in-depth-research-reports/report/convergence-and-divergence-in-us-and-eu-policies-on-china/,,C:\Users\WINDOWS\OneDrive\知识库\智库信息爬虫\国际主要科技智库观点演变_研判\03_证据底稿\网页文本\C-ATL-884104.txt,C:\Users\WINDOWS\OneDrive\知识库\智库信息爬虫\国际主要科技智库观点演变_研判\03_证据底稿\网页文本\C-ATL-884104.txt,C:\Users\WINDOWS\OneDrive\知识库\智库信息爬虫\国际主要科技智库观点演变_研判\03_证据底稿\网页转写\C-ATL-884104.md,321136,87cea062c4cc4875c3e116f501d5ade20fb8c81705f5411b98afe13d1af9e4fc,0,12923,官方网页全文已保存,,2026-08-22
C-ATL-884162,884162,2025-11-10,W3,正式研究报告,"How Europe deals with China in trade, technology, and security",作者/项目正式研究,综合科技竞争,官方科技议题分类；标题或摘要科技关键词,"The EU’s approach to China is increasingly converging around “de-risking,” though progress remains uneven. While powerful member states set the overall direction, smaller ones drive change—and outliers slow collective action. Whether the EU can turn this patchwork into a unified strategy will define its China policy in the years ahead.",https://www.atlanticcouncil.org/in-depth-research-reports/report/how-europe-deals-with-china-in-trade-technology-and-security/,,C:\Users\WINDOWS\OneDrive\知识库\智库信息爬虫\国际主要科技智库观点演变_研判\03_证据底稿\网页文本\C-ATL-884162.txt,C:\Users\WINDOWS\OneDrive\知识库\智库信息爬虫\国际主要科技智库观点演变_研判\03_证据底稿\网页文本\C-ATL-884162.txt,C:\Users\WINDOWS\OneDrive\知识库\智库信息爬虫\国际主要科技智库观点演变_研判\03_证据底稿\网页转写\C-ATL-884162.md,331481,4af8399fbdc07faa0f57e875d0ae29c2a6b4cb4119d3c97feac565728843c088,0,26499,官方网页全文已保存,,2026-08-22
C-ATL-884581,884581,2025-11-10,W3,正式研究报告,Recommendations for coordinating US-EU policy,作者/项目正式研究,技术供应链与出口管制,官方科技议题分类；标题或摘要科技关键词,"To effectively counter China, the United States should prioritize closer coordination with the EU in key areas: economic security, supply chains, anti-coercion, and strategic investment. Joint efforts on trade and investment, technology, and security will be crucial to ensure aligned US-EU action.",https://www.atlanticcouncil.org/in-depth-research-reports/report/recommendations-for-coordinating-us-eu-policy/,,C:\Users\WINDOWS\OneDrive\知识库\智库信息爬虫\国际主要科技智库观点演变_研判\03_证据底稿\网页文本\C-ATL-884581.txt,C:\Users\WINDOWS\OneDrive\知识库\智库信息爬虫\国际主要科技智库观点演变_研判\03_证据底稿\网页文本\C-ATL-884581.txt,C:\Users\WINDOWS\OneDrive\知识库\智库信息爬虫\国际主要科技智库观点演变_研判\03_证据底稿\网页转写\C-ATL-884581.md,355971,561cbcaf9aee290131d2ad9634166179858201de0c7078c6cfaf09b13d22c3ed,0,39865,官方网页全文已保存,,2026-08-22
C-ATL-902623,902623,2026-02-10,W3,Atlantic Council战略论文,Global Foresight 2036,作者/项目正式研究,人工智能、芯片与算力,官方科技议题分类；标题或摘要科技关键词,"In this year’s Global Foresight edition, our experts share findings from our survey of geostrategists on how human affairs could unfold over the next decade. Our scholars spot “snow leopards” that could have major unexpected impacts over the next decade. And our tech experts put AI’s forecasting ability to the test.",https://www.atlanticcouncil.org/content-series/atlantic-council-strategy-paper-series/global-foresight-2036/,https://www.atlanticcouncil.org/wp-content/uploads/2026/04/Global-Foresight-2036.pdf,C:\Users\WINDOWS\OneDrive\知识库\智库信息爬虫\国际主要科技智库观点演变_研判\03_证据底稿\原文PDF\C-ATL-902623.pdf,C:\Users\WINDOWS\OneDrive\知识库\智库信息爬虫\国际主要科技智库观点演变_研判\03_证据底稿\文本\C-ATL-902623.txt,C:\Users\WINDOWS\OneDrive\知识库\智库信息爬虫\国际主要科技智库观点演变_研判\03_证据底稿\切片\C-ATL-902623.md,17366610,48b5d2eb8bebeb30ca558fe1c5bdc5054ebbcbfb55e520ca58145a7ab945eb9e,76,135892,官方PDF已保存并校验,,2026-08-22
C-ATL-902628,902628,2026-02-10,W3,Atlantic Council战略论文,"Welcome to 2036: What the world could look like in ten years, according to nearly 450 experts",作者/项目正式研究,综合科技竞争,官方科技议题分类,We polled geostrategists and foresight practitioners on our most burning questions about the biggest drivers of change over the next decade. Check out their forecasts on everything from the future of NATO to the rise of cryptocurrency.,https://www.atlanticcouncil.org/content-series/atlantic-council-strategy-paper-series/welcome-to-2036/,,C:\Users\WINDOWS\OneDrive\知识库\智库信息爬虫\国际主要科技智库观点演变_研判\03_证据底稿\网页文本\C-ATL-902628.txt,C:\Users\WINDOWS\OneDrive\知识库\智库信息爬虫\国际主要科技智库观点演变_研判\03_证据底稿\网页文本\C-ATL-902628.txt,C:\Users\WINDOWS\OneDrive\知识库\智库信息爬虫\国际主要科技智库观点演变_研判\03_证据底稿\网页转写\C-ATL-902628.md,308270,9302f4002ed6cd5c6309c01d492a8d03e793a413be579dfd96bb7ae28f97a110,0,54375,官方网页全文已保存,,2026-08-22
C-ATL-902633,902633,2026-02-10,W3,Atlantic Council战略论文,The Global Foresight 2036 survey: Full results,作者/项目正式研究,综合科技竞争,官方科技议题分类,"In the fall of 2025, the Atlantic Council’s Scowcroft Center for Strategy and Security surveyed the future, asking leading geostrategists and foresight experts around the world to answer our most burning questions about the biggest drivers of change over the next ten years. Here are the full results.",https://www.atlanticcouncil.org/content-series/atlantic-council-strategy-paper-series/the-global-foresight-2036-survey-full-results/,,C:\Users\WINDOWS\OneDrive\知识库\智库信息爬虫\国际主要科技智库观点演变_研判\03_证据底稿\网页文本\C-ATL-902633.txt,C:\Users\WINDOWS\OneDrive\知识库\智库信息爬虫\国际主要科技智库观点演变_研判\03_证据底稿\网页文本\C-ATL-902633.txt,C:\Users\WINDOWS\OneDrive\知识库\智库信息爬虫\国际主要科技智库观点演变_研判\03_证据底稿\网页转写\C-ATL-902633.md,201220,c73a234b934d676de20ac9ede9f2a65ccdf382893f213400502a5f1c22fd74b1,0,2837,官方网页全文已保存,,2026-08-22
C-ATL-925101,925101,2026-05-28,W3,议题简报,Information fires: Building C-C5ISRT advantage in competition,作者/项目政策简报,人工智能、芯片与算力；网络安全与数字治理,标题或摘要科技关键词,"Countering adversary command, control, communications, computers, cyber, intelligence, surveillance, reconnaissance, and targeting (C5ISRT) has emerged as a critical operational priority.",https://www.atlanticcouncil.org/in-depth-research-reports/issue-brief/information-fires-building-c-c5isrt-advantage-in-competition/,https://www.atlanticcouncil.org/wp-content/uploads/2026/05/information-fires-building-a-c-c5isrt-advantage-in-competition.pdf,C:\Users\WINDOWS\OneDrive\知识库\智库信息爬虫\国际主要科技智库观点演变_研判\03_证据底稿\原文PDF\C-ATL-925101.pdf,C:\Users\WINDOWS\OneDrive\知识库\智库信息爬虫\国际主要科技智库观点演变_研判\03_证据底稿\文本\C-ATL-925101.txt,C:\Users\WINDOWS\OneDrive\知识库\智库信息爬虫\国际主要科技智库观点演变_研判\03_证据底稿\切片\C-ATL-925101.md,360900,a3f61f1c27c4268b0fc1030149cf814d1c5d9d598359f0873c098a497efc8b71,10,47151,官方PDF已保存并校验,,2026-08-22
C-ATL-928724,928724,2026-06-11,W3,议题简报,"To stop Chinese dual-use battery dominance, the United States and South Korea need to team up",作者/项目政策简报,技术供应链与出口管制,官方科技议题分类；标题或摘要科技关键词,"Should China establish a global monopoly across battery supply chains, the military, strategic, and commercial implications for the US-ROK alliance will be profound.",https://www.atlanticcouncil.org/in-depth-research-reports/issue-brief/to-stop-chinese-dual-use-battery-dominance-the-united-states-and-south-korea-need-to-team-up/,,C:\Users\WINDOWS\OneDrive\知识库\智库信息爬虫\国际主要科技智库观点演变_研判\03_证据底稿\网页文本\C-ATL-928724.txt,C:\Users\WINDOWS\OneDrive\知识库\智库信息爬虫\国际主要科技智库观点演变_研判\03_证据底稿\网页文本\C-ATL-928724.txt,C:\Users\WINDOWS\OneDrive\知识库\智库信息爬虫\国际主要科技智库观点演变_研判\03_证据底稿\网页转写\C-ATL-928724.md,340339,f4fd3f3399cbc414157e05c181e29288ab0a8ab62221807aa9323748e6491206,0,25732,官方网页全文已保存,,2026-08-22
C-ATL-927439,927439,2026-06-16,W3,正式研究报告,Financing the end of the digital divide,作者/项目正式研究,网络安全与数字治理,官方科技议题分类；标题或摘要科技关键词,"Digital connectivity has become a strategic geopolitical contest shaping the future of the global internet. This report examines China’s global digital infrastructure investments and the ways that the United States and its allies can leverage blended finance, partnerships, and policy to close the digital divide while offering a credible alternative to China’s expanding digital influence.",https://www.atlanticcouncil.org/in-depth-research-reports/report/financing-the-end-of-the-digital-divide/,https://www.atlanticcouncil.org/wp-content/uploads/2026/06/financing-the-future-of-connectivity.pdf,C:\Users\WINDOWS\OneDrive\知识库\智库信息爬虫\国际主要科技智库观点演变_研判\03_证据底稿\原文PDF\C-ATL-927439.pdf,C:\Users\WINDOWS\OneDrive\知识库\智库信息爬虫\国际主要科技智库观点演变_研判\03_证据底稿\文本\C-ATL-927439.txt,C:\Users\WINDOWS\OneDrive\知识库\智库信息爬虫\国际主要科技智库观点演变_研判\03_证据底稿\切片\C-ATL-927439.md,1349923,220f9e3492ed969c78f58c0f6ed72106bf86ea6de1d831cf970ab0bb25751640,24,97779,官方PDF已保存并校验,,2026-08-22
C-ATL-929513,929513,2026-06-23,W3,正式研究报告,Balancing openness and control: Cross-border health data and AI governance in China,作者/项目正式研究,人工智能、芯片与算力,官方科技议题分类；GeoTech或Cyber项目归属；标题或摘要科技关键词,"In China, health data is no longer just a medical resource—it is a strategic asset at the center of AI competition.",https://www.atlanticcouncil.org/in-depth-research-reports/report/balancing-openness-and-control-cross-border-health-data-and-ai-governance-in-china/,https://www.atlanticcouncil.org/wp-content/uploads/2026/06/cross-border-health-data-ai-governance-china.pdf,C:\Users\WINDOWS\OneDrive\知识库\智库信息爬虫\国际主要科技智库观点演变_研判\03_证据底稿\原文PDF\C-ATL-929513.pdf,C:\Users\WINDOWS\OneDrive\知识库\智库信息爬虫\国际主要科技智库观点演变_研判\03_证据底稿\文本\C-ATL-929513.txt,C:\Users\WINDOWS\OneDrive\知识库\智库信息爬虫\国际主要科技智库观点演变_研判\03_证据底稿\切片\C-ATL-929513.md,639509,83934ff5ba3b582942b177af7cad930beacc8742875bd9ed824c583655d37d98,38,184047,官方PDF已保存并校验,,2026-08-22
