主题标签,中国关联层级,观察窗,材料类型,材料数
人工智能、芯片与算力,区域技术基线,W2,NBR研究报告,1
人工智能、芯片与算力,区域技术基线,W3,NBR圆桌论文,1
人工智能、芯片与算力,区域技术基线,W3,NBR政策简报,9
人工智能、芯片与算力,区域技术基线,W3,NBR评论,4
人工智能、芯片与算力,含中国比较的印太技术材料,W1,NBR政策证词,1
人工智能、芯片与算力,含中国比较的印太技术材料,W1,NBR研究报告,1
人工智能、芯片与算力,含中国比较的印太技术材料,W2,NBR研究报告,1
人工智能、芯片与算力,含中国比较的印太技术材料,W2,NBR访谈,1
人工智能、芯片与算力,含中国比较的印太技术材料,W2,NBR评论,7
人工智能、芯片与算力,含中国比较的印太技术材料,W3,NBR政策简报,6
人工智能、芯片与算力,含中国比较的印太技术材料,W3,NBR政策证词,1
人工智能、芯片与算力,含中国比较的印太技术材料,W3,NBR研究报告,7
人工智能、芯片与算力,含中国比较的印太技术材料,W3,NBR论文,1
人工智能、芯片与算力,含中国比较的印太技术材料,W3,NBR访谈,3
人工智能、芯片与算力,含中国比较的印太技术材料,W3,NBR评论,2
人工智能、芯片与算力,直接涉华科技,W2,NBR背景材料,1
人工智能、芯片与算力,直接涉华科技,W2,NBR访谈,1
人工智能、芯片与算力,直接涉华科技,W2,NBR评论,1
人工智能、芯片与算力,直接涉华科技,W3,NBR政策简报,1
人工智能、芯片与算力,直接涉华科技,W3,NBR研究报告,3
人工智能、芯片与算力,直接涉华科技,W3,NBR背景材料,1
人工智能、芯片与算力,直接涉华科技,W3,NBR访谈,4
人工智能、芯片与算力,直接涉华科技,W3,NBR评论,1
创新体系、标准与知识产权,区域技术基线,W2,NBR研究报告,3
创新体系、标准与知识产权,区域技术基线,W2,NBR背景材料,1
创新体系、标准与知识产权,区域技术基线,W3,NBR圆桌论文,1
创新体系、标准与知识产权,区域技术基线,W3,NBR政策简报,10
创新体系、标准与知识产权,区域技术基线,W3,NBR访谈,2
创新体系、标准与知识产权,区域技术基线,W3,NBR评论,3
创新体系、标准与知识产权,含中国比较的印太技术材料,W1,NBR政策意见,2
创新体系、标准与知识产权,含中国比较的印太技术材料,W1,NBR政策证词,1
创新体系、标准与知识产权,含中国比较的印太技术材料,W1,NBR研究报告,1
创新体系、标准与知识产权,含中国比较的印太技术材料,W1,NBR评论,3
创新体系、标准与知识产权,含中国比较的印太技术材料,W2,NBR政策简报,1
创新体系、标准与知识产权,含中国比较的印太技术材料,W2,NBR研究报告,1
创新体系、标准与知识产权,含中国比较的印太技术材料,W2,NBR访谈,2
创新体系、标准与知识产权,含中国比较的印太技术材料,W2,NBR评论,14
创新体系、标准与知识产权,含中国比较的印太技术材料,W3,NBR圆桌论文,1
创新体系、标准与知识产权,含中国比较的印太技术材料,W3,NBR政策简报,5
创新体系、标准与知识产权,含中国比较的印太技术材料,W3,NBR政策证词,1
创新体系、标准与知识产权,含中国比较的印太技术材料,W3,NBR研究报告,7
创新体系、标准与知识产权,含中国比较的印太技术材料,W3,NBR论文,1
创新体系、标准与知识产权,含中国比较的印太技术材料,W3,NBR访谈,3
创新体系、标准与知识产权,含中国比较的印太技术材料,W3,NBR评论,2
创新体系、标准与知识产权,直接涉华科技,W2,NBR研究报告,2
创新体系、标准与知识产权,直接涉华科技,W2,NBR背景材料,1
创新体系、标准与知识产权,直接涉华科技,W2,NBR访谈,2
创新体系、标准与知识产权,直接涉华科技,W2,NBR评论,3
创新体系、标准与知识产权,直接涉华科技,W3,NBR政策简报,2
创新体系、标准与知识产权,直接涉华科技,W3,NBR研究报告,3
创新体系、标准与知识产权,直接涉华科技,W3,NBR背景材料,1
创新体系、标准与知识产权,直接涉华科技,W3,NBR访谈,4
创新体系、标准与知识产权,直接涉华科技,W3,NBR评论,1
技术供应链与出口管制,区域技术基线,W2,NBR研究报告,1
技术供应链与出口管制,区域技术基线,W3,NBR圆桌论文,1
技术供应链与出口管制,区域技术基线,W3,NBR政策简报,5
技术供应链与出口管制,区域技术基线,W3,NBR评论,3
技术供应链与出口管制,含中国比较的印太技术材料,W1,NBR政策意见,2
技术供应链与出口管制,含中国比较的印太技术材料,W1,NBR评论,1
技术供应链与出口管制,含中国比较的印太技术材料,W2,NBR政策简报,1
技术供应链与出口管制,含中国比较的印太技术材料,W2,NBR研究报告,1
技术供应链与出口管制,含中国比较的印太技术材料,W2,NBR访谈,2
技术供应链与出口管制,含中国比较的印太技术材料,W2,NBR评论,11
技术供应链与出口管制,含中国比较的印太技术材料,W3,NBR圆桌论文,1
技术供应链与出口管制,含中国比较的印太技术材料,W3,NBR政策简报,5
技术供应链与出口管制,含中国比较的印太技术材料,W3,NBR政策证词,1
技术供应链与出口管制,含中国比较的印太技术材料,W3,NBR研究报告,7
技术供应链与出口管制,含中国比较的印太技术材料,W3,NBR论文,1
技术供应链与出口管制,含中国比较的印太技术材料,W3,NBR访谈,2
技术供应链与出口管制,含中国比较的印太技术材料,W3,NBR评论,3
技术供应链与出口管制,直接涉华科技,W2,NBR研究报告,1
技术供应链与出口管制,直接涉华科技,W2,NBR访谈,1
技术供应链与出口管制,直接涉华科技,W2,NBR评论,1
技术供应链与出口管制,直接涉华科技,W3,NBR政策简报,2
技术供应链与出口管制,直接涉华科技,W3,NBR研究报告,3
技术供应链与出口管制,直接涉华科技,W3,NBR背景材料,1
技术供应链与出口管制,直接涉华科技,W3,NBR访谈,3
技术地缘经济与区域合作,含中国比较的印太技术材料,W2,NBR评论,1
生物、量子及其他前沿技术,区域技术基线,W3,NBR政策简报,4
生物、量子及其他前沿技术,区域技术基线,W3,NBR评论,2
生物、量子及其他前沿技术,含中国比较的印太技术材料,W1,NBR研究报告,1
生物、量子及其他前沿技术,含中国比较的印太技术材料,W2,NBR研究报告,1
生物、量子及其他前沿技术,含中国比较的印太技术材料,W2,NBR评论,3
生物、量子及其他前沿技术,含中国比较的印太技术材料,W3,NBR政策简报,1
生物、量子及其他前沿技术,含中国比较的印太技术材料,W3,NBR研究报告,6
生物、量子及其他前沿技术,含中国比较的印太技术材料,W3,NBR论文,1
生物、量子及其他前沿技术,含中国比较的印太技术材料,W3,NBR访谈,1
生物、量子及其他前沿技术,直接涉华科技,W2,NBR访谈,1
生物、量子及其他前沿技术,直接涉华科技,W3,NBR政策简报,1
生物、量子及其他前沿技术,直接涉华科技,W3,NBR研究报告,3
生物、量子及其他前沿技术,直接涉华科技,W3,NBR背景材料,1
网络安全与数字治理,区域技术基线,W2,NBR研究报告,2
网络安全与数字治理,区域技术基线,W2,NBR背景材料,1
网络安全与数字治理,区域技术基线,W3,NBR政策简报,10
网络安全与数字治理,区域技术基线,W3,NBR访谈,2
网络安全与数字治理,区域技术基线,W3,NBR评论,4
网络安全与数字治理,含中国比较的印太技术材料,W1,NBR政策意见,2
网络安全与数字治理,含中国比较的印太技术材料,W1,NBR政策证词,1
网络安全与数字治理,含中国比较的印太技术材料,W1,NBR研究报告,1
网络安全与数字治理,含中国比较的印太技术材料,W1,NBR评论,2
网络安全与数字治理,含中国比较的印太技术材料,W2,NBR政策简报,1
网络安全与数字治理,含中国比较的印太技术材料,W2,NBR研究报告,1
网络安全与数字治理,含中国比较的印太技术材料,W2,NBR访谈,1
网络安全与数字治理,含中国比较的印太技术材料,W2,NBR评论,12
网络安全与数字治理,含中国比较的印太技术材料,W3,NBR圆桌论文,1
网络安全与数字治理,含中国比较的印太技术材料,W3,NBR政策简报,5
网络安全与数字治理,含中国比较的印太技术材料,W3,NBR政策证词,1
网络安全与数字治理,含中国比较的印太技术材料,W3,NBR研究报告,7
网络安全与数字治理,含中国比较的印太技术材料,W3,NBR论文,1
网络安全与数字治理,含中国比较的印太技术材料,W3,NBR访谈,3
网络安全与数字治理,含中国比较的印太技术材料,W3,NBR评论,3
网络安全与数字治理,直接涉华科技,W2,NBR背景材料,1
网络安全与数字治理,直接涉华科技,W2,NBR访谈,1
网络安全与数字治理,直接涉华科技,W2,NBR评论,3
网络安全与数字治理,直接涉华科技,W3,NBR政策简报,1
网络安全与数字治理,直接涉华科技,W3,NBR研究报告,3
网络安全与数字治理,直接涉华科技,W3,NBR背景材料,1
网络安全与数字治理,直接涉华科技,W3,NBR访谈,3
网络安全与数字治理,直接涉华科技,W3,NBR评论,1
