报告ID,发布日期,观察窗,报告名称,作者,资料角色,科技关联层级,主题标签,筛选依据,官方落地页,官方PDF,本地原始资产,本地文本,本地切片或转写,字节数,SHA256,PDF页数,提取文本字符数,本地状态,错误,获取日期
C-MERICS-367E4FA11C,2016-01-19,W1,Governance through information control,Kristin Shi-Kupfer；Hauke Gierow；Karsten Luc,作者/项目正式研究,核心科技直接材料,技术地缘经济与欧洲对华政策,MERICS官方sitemap正式报告；标题命中科技或技术地缘经济词族,https://merics.org/en/report/governance-through-information-control,https://merics.org/sites/default/files/2020-09/China_Monitor_No_26_Social_Media_EN.pdf,C:\Users\WINDOWS\OneDrive\知识库\智库信息爬虫\国际主要科技智库观点演变_研判\03_证据底稿\原文PDF\C-MERICS-367E4FA11C.pdf,C:\Users\WINDOWS\OneDrive\知识库\智库信息爬虫\国际主要科技智库观点演变_研判\03_证据底稿\文本\C-MERICS-367E4FA11C.txt,C:\Users\WINDOWS\OneDrive\知识库\智库信息爬虫\国际主要科技智库观点演变_研判\03_证据底稿\切片\C-MERICS-367E4FA11C.md,866049,b654ff5d100c0412ead3833aa042d0827f2ff788cce9dc8b23106097895bee95,10,26075,官方PDF已保存并校验,,2026-08-22
C-MERICS-9F7232BFA7,2016-05-18,W1,Information control 2.0,Nabil Alsabah,作者/项目正式研究,核心科技直接材料,网络安全、数据与数字治理；生物、量子、航天与绿色技术,MERICS官方sitemap正式报告；标题命中科技或技术地缘经济词族,https://merics.org/en/report/information-control-20,https://merics.org/sites/default/files/2020-05/MERICS_China_Monitor_32_Eng.pdf,C:\Users\WINDOWS\OneDrive\知识库\智库信息爬虫\国际主要科技智库观点演变_研判\03_证据底稿\原文PDF\C-MERICS-9F7232BFA7.pdf,C:\Users\WINDOWS\OneDrive\知识库\智库信息爬虫\国际主要科技智库观点演变_研判\03_证据底稿\文本\C-MERICS-9F7232BFA7.txt,C:\Users\WINDOWS\OneDrive\知识库\智库信息爬虫\国际主要科技智库观点演变_研判\03_证据底稿\切片\C-MERICS-9F7232BFA7.md,2523442,f22765d183787242c8ebf7925925ef8f7b29cb5acd89deb74bc4da94538b47a9,9,33512,官方PDF已保存并校验,,2026-08-22
E-MERICS-2016-MIC,2016-08-12,W1,Made in China 2025,Jost Wübbeke；Mirjam Meissner；Max J. Zenglein；Jaqueline Ives；Björn Conrad,作者/项目正式研究,核心科技直接材料,先进制造、机器人与交通技术,MERICS官方sitemap正式报告；标题命中科技或技术地缘经济词族,https://merics.org/en/report/made-china-2025,https://merics.org/sites/default/files/2020-04/Made%20in%20China%202025.pdf,C:\Users\WINDOWS\OneDrive\知识库\智库信息爬虫\国际主要科技智库观点演变_研判\03_证据底稿\原文PDF\E-MERICS-2016-MIC.pdf,C:\Users\WINDOWS\OneDrive\知识库\智库信息爬虫\国际主要科技智库观点演变_研判\03_证据底稿\文本\E-MERICS-2016-MIC.txt,C:\Users\WINDOWS\OneDrive\知识库\智库信息爬虫\国际主要科技智库观点演变_研判\03_证据底稿\切片\E-MERICS-2016-MIC.md,1289914,f2926bf52549c2986b4fe2bab7b3b5d6b1d202d73381e7db8a901a45b3217e90,76,220926,复用库内既有资产,,2026-08-22
C-MERICS-0C689F2146,2019-03-13,W2,Chinese telecommunication companies,Frank N. Pieke；Mareike Ohlberg；Katja Drinhausen,作者/项目正式研究,核心科技直接材料,网络安全、数据与数字治理,MERICS官方sitemap正式报告；标题命中科技或技术地缘经济词族,https://merics.org/en/report/chinese-telecommunication-companies,,C:\Users\WINDOWS\OneDrive\知识库\智库信息爬虫\国际主要科技智库观点演变_研判\03_证据底稿\网页文本\C-MERICS-0C689F2146.txt,C:\Users\WINDOWS\OneDrive\知识库\智库信息爬虫\国际主要科技智库观点演变_研判\03_证据底稿\网页文本\C-MERICS-0C689F2146.txt,C:\Users\WINDOWS\OneDrive\知识库\智库信息爬虫\国际主要科技智库观点演变_研判\03_证据底稿\网页转写\C-MERICS-0C689F2146.md,3259,dde9498729fd9e50b2e7a196729ba0959bec2b1190a9e8b5d4618b1fbae91f99,0,3169,官方网页全文已保存,,2026-08-22
E-MERICS-2019-DIGITAL,2019-04-08,W2,China's Digital Rise,Kristin Shi-Kupfer；Mareike Ohlberg,作者/项目正式研究,核心科技直接材料,人工智能、芯片与算力；网络安全、数据与数字治理；生物、量子、航天与绿色技术,MERICS官方sitemap正式报告；标题命中科技或技术地缘经济词族,https://merics.org/en/report/chinas-digital-rise,https://merics.org/sites/default/files/2020-05/MPOC_No.7_ChinasDigitalRise_web_final_1.pdf,C:\Users\WINDOWS\OneDrive\知识库\智库信息爬虫\国际主要科技智库观点演变_研判\03_证据底稿\原文PDF\E-MERICS-2019-DIGITAL.pdf,C:\Users\WINDOWS\OneDrive\知识库\智库信息爬虫\国际主要科技智库观点演变_研判\03_证据底稿\文本\E-MERICS-2019-DIGITAL.txt,C:\Users\WINDOWS\OneDrive\知识库\智库信息爬虫\国际主要科技智库观点演变_研判\03_证据底稿\切片\E-MERICS-2019-DIGITAL.md,2584761,04c8a48b397e7573d8e7a353cc79b4db091d2f78498b8e95b59f412868a39541,58,152833,复用库内既有资产,,2026-08-22
E-MERICS-2019-MIC,2019-07-02,W2,Evolving Made in China 2025,Max J. Zenglein；Anna Holzmann,作者/项目正式研究,核心科技直接材料,先进制造、机器人与交通技术,MERICS官方sitemap正式报告；标题命中科技或技术地缘经济词族,https://merics.org/en/report/evolving-made-china-2025,https://merics.org/sites/default/files/2020-04/MPOC_8_MadeinChina_2025_final_3.pdf,C:\Users\WINDOWS\OneDrive\知识库\智库信息爬虫\国际主要科技智库观点演变_研判\03_证据底稿\原文PDF\E-MERICS-2019-MIC.pdf,C:\Users\WINDOWS\OneDrive\知识库\智库信息爬虫\国际主要科技智库观点演变_研判\03_证据底稿\文本\E-MERICS-2019-MIC.txt,C:\Users\WINDOWS\OneDrive\知识库\智库信息爬虫\国际主要科技智库观点演变_研判\03_证据底稿\切片\E-MERICS-2019-MIC.md,3061166,629ce0b9bcde711dcbe44fa3494f9f824cce665cbd95e76c0cab42515a71eb7d,80,159329,复用库内既有资产,,2026-08-22
C-MERICS-565B130899,2020-03-18,W2,Export controls and the US-China tech war,Noah Barkin,作者/项目正式研究,科技产业与经济安全基线,供应链、技术管制与经济安全,MERICS官方sitemap正式报告；标题命中科技或技术地缘经济词族,https://merics.org/en/report/export-controls-and-us-china-tech-war,https://merics.org/sites/default/files/2020-04/merics_ChinaMonitor_US-CH-EU-Export%20Controls_en_final.pdf,C:\Users\WINDOWS\OneDrive\知识库\智库信息爬虫\国际主要科技智库观点演变_研判\03_证据底稿\原文PDF\C-MERICS-565B130899.pdf,C:\Users\WINDOWS\OneDrive\知识库\智库信息爬虫\国际主要科技智库观点演变_研判\03_证据底稿\文本\C-MERICS-565B130899.txt,C:\Users\WINDOWS\OneDrive\知识库\智库信息爬虫\国际主要科技智库观点演变_研判\03_证据底稿\切片\C-MERICS-565B130899.md,3608132,f7556b90b3975c921c67225d69e9d3bfabdd4dddc3b2f5f44828bc1b39073c80,10,36580,官方PDF已保存并校验,,2026-08-22
C-MERICS-13033CC87A,2020-05-29,W2,China’s digital platform economy: Assessing developments towards Industry 4.0,Rebecca Arcesati；Anna Holzmann；Kristin Shi-Kupfer；Kai von Carnap；Claudia Wessling,作者/项目正式研究,核心科技直接材料,网络安全、数据与数字治理；先进制造、机器人与交通技术,MERICS官方sitemap正式报告；标题命中科技或技术地缘经济词族,https://merics.org/en/report/chinas-digital-platform-economy-assessing-developments-towards-industry-40,https://merics.org/sites/default/files/2020-06/MERICSReportDigitalPlatformEconomyEN02.pdf,C:\Users\WINDOWS\OneDrive\知识库\智库信息爬虫\国际主要科技智库观点演变_研判\03_证据底稿\原文PDF\C-MERICS-13033CC87A.pdf,C:\Users\WINDOWS\OneDrive\知识库\智库信息爬虫\国际主要科技智库观点演变_研判\03_证据底稿\文本\C-MERICS-13033CC87A.txt,C:\Users\WINDOWS\OneDrive\知识库\智库信息爬虫\国际主要科技智库观点演变_研判\03_证据底稿\切片\C-MERICS-13033CC87A.md,1341449,0cc48ae3496feaaeec0e2da185299ce59d37c051cf51c1b13a70932465685274,63,164540,官方PDF已保存并校验,,2026-08-22
E-MERICS-2020-DECOUPLING,2020-08-20,W2,Resilience and decoupling in the era of great power competition,Torsten Riecke,作者/项目正式研究,科技产业与经济安全基线,供应链、技术管制与经济安全,MERICS官方sitemap正式报告；标题命中科技或技术地缘经济词族,https://merics.org/en/report/resilience-and-decoupling-era-great-power-competition,https://merics.org/sites/default/files/2020-08/Merics_ChinaMonitor_PowerCompetition.pdf,C:\Users\WINDOWS\OneDrive\知识库\智库信息爬虫\国际主要科技智库观点演变_研判\03_证据底稿\原文PDF\E-MERICS-2020-DECOUPLING.pdf,C:\Users\WINDOWS\OneDrive\知识库\智库信息爬虫\国际主要科技智库观点演变_研判\03_证据底稿\文本\E-MERICS-2020-DECOUPLING.txt,C:\Users\WINDOWS\OneDrive\知识库\智库信息爬虫\国际主要科技智库观点演变_研判\03_证据底稿\切片\E-MERICS-2020-DECOUPLING.md,423711,50626bb0c59a7a61c9d373f7fada0889454eecfce6aceb1112011ba5376dd7ca,11,41029,复用库内既有资产,,2026-08-22
C-MERICS-B0E59142CC,2020-11-17,W2,Mapping and recalibrating Europe’s economic interdependence with China,Max J. Zenglein,作者/项目正式研究,科技产业与经济安全基线,人工智能、芯片与算力；网络安全、数据与数字治理；先进制造、机器人与交通技术；生物、量子、航天与绿色技术；创新体系、科研与技术人才；供应链、技术管制与经济安全,MERICS官方sitemap正式报告；标题命中科技或技术地缘经济词族,https://merics.org/en/report/mapping-and-recalibrating-europes-economic-interdependence-china,https://merics.org/sites/default/files/2020-11/Merics%20ChinaMonitor_Mapping%20and%20recalibrating%20%281%29.pdf,C:\Users\WINDOWS\OneDrive\知识库\智库信息爬虫\国际主要科技智库观点演变_研判\03_证据底稿\原文PDF\C-MERICS-B0E59142CC.pdf,C:\Users\WINDOWS\OneDrive\知识库\智库信息爬虫\国际主要科技智库观点演变_研判\03_证据底稿\文本\C-MERICS-B0E59142CC.txt,C:\Users\WINDOWS\OneDrive\知识库\智库信息爬虫\国际主要科技智库观点演变_研判\03_证据底稿\切片\C-MERICS-B0E59142CC.md,2148332,e4211fdbd2ed0e5086d09988282f385ce2f0a77e8690a90b5f512687b90b3ceb,15,47327,官方PDF已保存并校验,,2026-08-22
E-MERICS-2021-DECOUPLING,2021-01-14,W2,Decoupling - Severed Ties and Patchwork Globalisation,Mikko Huotari；Jacob Gunter；Carl Hayward；Max J. Zenglein；John Lee；Rebecca Arcesati；Caroline Meinhardt；Ester Cañada Amela；Tom Groot Haar,作者/项目正式研究,科技产业与经济安全基线,人工智能、芯片与算力；网络安全、数据与数字治理；先进制造、机器人与交通技术；创新体系、科研与技术人才；供应链、技术管制与经济安全,MERICS官方sitemap正式报告；标题命中科技或技术地缘经济词族,https://merics.org/en/report/decoupling-severed-ties-and-patchwork-globalisation,https://merics.org/sites/default/files/2021-01/Decoupling_EN.pdf,C:\Users\WINDOWS\OneDrive\知识库\智库信息爬虫\国际主要科技智库观点演变_研判\03_证据底稿\原文PDF\E-MERICS-2021-DECOUPLING.pdf,C:\Users\WINDOWS\OneDrive\知识库\智库信息爬虫\国际主要科技智库观点演变_研判\03_证据底稿\文本\E-MERICS-2021-DECOUPLING.txt,C:\Users\WINDOWS\OneDrive\知识库\智库信息爬虫\国际主要科技智库观点演变_研判\03_证据底稿\切片\E-MERICS-2021-DECOUPLING.md,4339868,cdfa4c4010d58ab187c9759950334abf67cd86cec21f6b1c024c7b825dba911e,101,368221,复用库内既有资产,,2026-08-22
C-MERICS-7CC8BEDA8C,2021-03-26,W2,China sets hopes on blockchain to close cyber security gaps,Kai von Carnap,作者/项目正式研究,核心科技直接材料,网络安全、数据与数字治理；先进制造、机器人与交通技术；生物、量子、航天与绿色技术；创新体系、科研与技术人才；供应链、技术管制与经济安全,MERICS官方sitemap正式报告；标题命中科技或技术地缘经济词族,https://merics.org/en/report/china-sets-hopes-blockchain-close-cyber-security-gaps,https://merics.org/sites/default/files/2021-03/MERICS%20Primer%20Unchaining%20Blockchain%20in%20China%202021.pdf,C:\Users\WINDOWS\OneDrive\知识库\智库信息爬虫\国际主要科技智库观点演变_研判\03_证据底稿\原文PDF\C-MERICS-7CC8BEDA8C.pdf,C:\Users\WINDOWS\OneDrive\知识库\智库信息爬虫\国际主要科技智库观点演变_研判\03_证据底稿\文本\C-MERICS-7CC8BEDA8C.txt,C:\Users\WINDOWS\OneDrive\知识库\智库信息爬虫\国际主要科技智库观点演变_研判\03_证据底稿\切片\C-MERICS-7CC8BEDA8C.md,760190,ec9670b3c4ea31f9221e4f41ab927802442f7df555d0f1fc6b35fafcfe91dd23,10,18185,官方PDF已保存并校验,,2026-08-22
C-MERICS-90B299F015,2021-05-19,W2,China bets on open-source technologies to boost domestic innovation,Rebecca Arcesati；Caroline Meinhardt,作者/项目正式研究,核心科技直接材料,网络安全、数据与数字治理；先进制造、机器人与交通技术；创新体系、科研与技术人才,MERICS官方sitemap正式报告；标题命中科技或技术地缘经济词族,https://merics.org/en/report/china-bets-open-source-technologies-boost-domestic-innovation,https://merics.org/sites/default/files/2021-05/MERICS%20Primer%20Open%20Source%202021_0.pdf,C:\Users\WINDOWS\OneDrive\知识库\智库信息爬虫\国际主要科技智库观点演变_研判\03_证据底稿\原文PDF\C-MERICS-90B299F015.pdf,C:\Users\WINDOWS\OneDrive\知识库\智库信息爬虫\国际主要科技智库观点演变_研判\03_证据底稿\文本\C-MERICS-90B299F015.txt,C:\Users\WINDOWS\OneDrive\知识库\智库信息爬虫\国际主要科技智库观点演变_研判\03_证据底稿\切片\C-MERICS-90B299F015.md,519679,7537fa0304cedf3c2400f8e5e33f1cd7cc5a6f1ca696e2c5b24e9afa58e2bde0,11,22507,官方PDF已保存并校验,,2026-08-22
C-MERICS-C03FB77E81,2021-06-15,W2,"The CCP's next century: expanding economic control, digital governance and national security",Nis Grünberg；Katja Drinhausen；Mikko Huotari；John Lee；Helena Legarda,作者/项目正式研究,核心科技直接材料,网络安全、数据与数字治理,MERICS官方sitemap正式报告；标题命中科技或技术地缘经济词族,https://merics.org/en/report/ccps-next-century-expanding-economic-control-digital-governance-and-national-security,https://merics.org/sites/default/files/2021-07/MERICSPapersOnChinaCCP100_3_1.pdf,C:\Users\WINDOWS\OneDrive\知识库\智库信息爬虫\国际主要科技智库观点演变_研判\03_证据底稿\原文PDF\C-MERICS-C03FB77E81.pdf,C:\Users\WINDOWS\OneDrive\知识库\智库信息爬虫\国际主要科技智库观点演变_研判\03_证据底稿\文本\C-MERICS-C03FB77E81.txt,C:\Users\WINDOWS\OneDrive\知识库\智库信息爬虫\国际主要科技智库观点演变_研判\03_证据底稿\切片\C-MERICS-C03FB77E81.md,2570092,58eb5519fa04043c66cca0784b2046eff010819a1a4f1f841b7902486b39cb79,78,182504,官方PDF已保存并校验,,2026-08-22
C-MERICS-D5CD59BF14,2021-06-24,W2,The Connection of Everything: China and the Internet of Things,John Lee,作者/项目正式研究,核心科技直接材料,人工智能、芯片与算力；网络安全、数据与数字治理；先进制造、机器人与交通技术；生物、量子、航天与绿色技术；创新体系、科研与技术人才；供应链、技术管制与经济安全,MERICS官方sitemap正式报告；标题命中科技或技术地缘经济词族,https://merics.org/en/report/connection-everything-china-and-internet-things,https://merics.org/sites/default/files/2023-02/MericsChinaMonitor70InternetOfThings2.pdf,C:\Users\WINDOWS\OneDrive\知识库\智库信息爬虫\国际主要科技智库观点演变_研判\03_证据底稿\原文PDF\C-MERICS-D5CD59BF14.pdf,C:\Users\WINDOWS\OneDrive\知识库\智库信息爬虫\国际主要科技智库观点演变_研判\03_证据底稿\文本\C-MERICS-D5CD59BF14.txt,C:\Users\WINDOWS\OneDrive\知识库\智库信息爬虫\国际主要科技智库观点演变_研判\03_证据底稿\切片\C-MERICS-D5CD59BF14.md,212992,02af375e1e9a7cf8e064e5da1ed4057ec46ac38d69e4ebbf02aeaac81093457f,16,58660,官方PDF已保存并校验,,2026-08-22
C-MERICS-8A53E25339,2021-06-24,W2,"Lofty principles, conflicting incentives: AI ethics and governance in China",Rebecca Arcesati,作者/项目正式研究,核心科技直接材料,人工智能、芯片与算力；网络安全、数据与数字治理；先进制造、机器人与交通技术；生物、量子、航天与绿色技术；创新体系、科研与技术人才；供应链、技术管制与经济安全,MERICS官方sitemap正式报告；标题命中科技或技术地缘经济词族,https://merics.org/en/report/lofty-principles-conflicting-incentives-ai-ethics-and-governance-china,https://merics.org/sites/default/files/2023-02/MERICSChinaMonitor69AIEthics4.pdf,C:\Users\WINDOWS\OneDrive\知识库\智库信息爬虫\国际主要科技智库观点演变_研判\03_证据底稿\原文PDF\C-MERICS-8A53E25339.pdf,C:\Users\WINDOWS\OneDrive\知识库\智库信息爬虫\国际主要科技智库观点演变_研判\03_证据底稿\文本\C-MERICS-8A53E25339.txt,C:\Users\WINDOWS\OneDrive\知识库\智库信息爬虫\国际主要科技智库观点演变_研判\03_证据底稿\切片\C-MERICS-8A53E25339.md,521570,b5dc1a66e21978dd878930fde0c6e70bb1285b8bb5d81b672e0e1bf2fcaf22c2,20,75023,官方PDF已保存并校验,,2026-08-22
C-MERICS-FEE5C5B124,2021-06-30,W2,Mapping China’s semiconductor ecosystem in global context: Strategic dimensions and conclusions,John Lee；Jan-Peter Kleinhans,作者/项目正式研究,核心科技直接材料,人工智能、芯片与算力；先进制造、机器人与交通技术；创新体系、科研与技术人才；供应链、技术管制与经济安全,MERICS官方sitemap正式报告；标题命中科技或技术地缘经济词族,https://merics.org/en/report/mapping-chinas-semiconductor-ecosystem-global-context-strategic-dimensions-and-conclusions,https://merics.org/sites/default/files/2021-06/China%E2%80%99s%20Semiconductor%20Ecosystem_0.pdf,C:\Users\WINDOWS\OneDrive\知识库\智库信息爬虫\国际主要科技智库观点演变_研判\03_证据底稿\原文PDF\C-MERICS-FEE5C5B124.pdf,C:\Users\WINDOWS\OneDrive\知识库\智库信息爬虫\国际主要科技智库观点演变_研判\03_证据底稿\文本\C-MERICS-FEE5C5B124.txt,C:\Users\WINDOWS\OneDrive\知识库\智库信息爬虫\国际主要科技智库观点演变_研判\03_证据底稿\切片\C-MERICS-FEE5C5B124.md,2111187,19ff3f06d0d8a4c74632b00699b316b7d71203a5400b055226806e32bdbfdbc4,91,245450,官方PDF已保存并校验,,2026-08-22
C-MERICS-F2BD67D38E,2021-09-01,W2,In the driver's seat: China's electric vehicle makers target Europe,Gregor Williams (Sebastian),作者/项目正式研究,核心科技直接材料,人工智能、芯片与算力；网络安全、数据与数字治理；先进制造、机器人与交通技术；生物、量子、航天与绿色技术；创新体系、科研与技术人才；供应链、技术管制与经济安全,MERICS官方sitemap正式报告；标题命中科技或技术地缘经济词族,https://merics.org/en/report/drivers-seat-chinas-electric-vehicle-makers-target-europe,https://merics.org/sites/default/files/2023-02/MericsChinaMonitorAutomotiveindustry%2071_final2.pdf,C:\Users\WINDOWS\OneDrive\知识库\智库信息爬虫\国际主要科技智库观点演变_研判\03_证据底稿\原文PDF\C-MERICS-F2BD67D38E.pdf,C:\Users\WINDOWS\OneDrive\知识库\智库信息爬虫\国际主要科技智库观点演变_研判\03_证据底稿\文本\C-MERICS-F2BD67D38E.txt,C:\Users\WINDOWS\OneDrive\知识库\智库信息爬虫\国际主要科技智库观点演变_研判\03_证据底稿\切片\C-MERICS-F2BD67D38E.md,1539206,81822e39bb91068c14a1d03ff9dab97aefa6f8e5a8d4891f2ab898e8a891c720,24,59712,官方PDF已保存并校验,,2026-08-22
C-MERICS-B7A2EF119B,2021-12-08,W2,China's rise in semiconductors and Europe: Recommendations for policy makers,John Lee；Jan-Peter Kleinhans,作者/项目正式研究,核心科技直接材料,人工智能、芯片与算力；网络安全、数据与数字治理；先进制造、机器人与交通技术；创新体系、科研与技术人才；供应链、技术管制与经济安全,MERICS官方sitemap正式报告；标题命中科技或技术地缘经济词族,https://merics.org/en/report/chinas-rise-semiconductors-and-europe-recommendations-policy-makers,https://merics.org/sites/default/files/2021-12/MERICS%20SNV%20China%27s%20rise%20in%20semiconductors%20and%20Europe.pdf,C:\Users\WINDOWS\OneDrive\知识库\智库信息爬虫\国际主要科技智库观点演变_研判\03_证据底稿\原文PDF\C-MERICS-B7A2EF119B.pdf,C:\Users\WINDOWS\OneDrive\知识库\智库信息爬虫\国际主要科技智库观点演变_研判\03_证据底稿\文本\C-MERICS-B7A2EF119B.txt,C:\Users\WINDOWS\OneDrive\知识库\智库信息爬虫\国际主要科技智库观点演变_研判\03_证据底稿\切片\C-MERICS-B7A2EF119B.md,369221,0e61b4aa7a124c687356460fbb60a4efebbba07d67f64aaed7b8047dee5cb942,33,81940,官方PDF已保存并校验,,2026-08-22
C-MERICS-4C1E37B922,2022-03-17,W3,E-government and Covid-19: Digital China goes global,Rebecca Arcesati,作者/项目正式研究,核心科技直接材料,人工智能、芯片与算力；网络安全、数据与数字治理；先进制造、机器人与交通技术；生物、量子、航天与绿色技术；创新体系、科研与技术人才,MERICS官方sitemap正式报告；标题命中科技或技术地缘经济词族,https://merics.org/en/report/e-government-and-covid-19-digital-china-goes-global,https://merics.org/sites/default/files/2022-03/MERICS-Primer-Digital-Governance-2021_final.pdf,C:\Users\WINDOWS\OneDrive\知识库\智库信息爬虫\国际主要科技智库观点演变_研判\03_证据底稿\原文PDF\C-MERICS-4C1E37B922.pdf,C:\Users\WINDOWS\OneDrive\知识库\智库信息爬虫\国际主要科技智库观点演变_研判\03_证据底稿\文本\C-MERICS-4C1E37B922.txt,C:\Users\WINDOWS\OneDrive\知识库\智库信息爬虫\国际主要科技智库观点演变_研判\03_证据底稿\切片\C-MERICS-4C1E37B922.md,1468773,e07f711d19e7c9b9967d713b7e9ddb3c255f0285eae6b89ba0c4c205ac39be38,11,23960,官方PDF已保存并校验,,2026-08-22
C-MERICS-69315FFB02,2022-06-08,W3,"China’s innovation ecosystem: Right for many, but not for all",Jeroen Groenewegen-Lau；Jacob Gunter,作者/项目正式研究,核心科技直接材料,网络安全、数据与数字治理；先进制造、机器人与交通技术；创新体系、科研与技术人才,MERICS官方sitemap正式报告；标题命中科技或技术地缘经济词族,https://merics.org/en/report/chinas-innovation-ecosystem-right-many-not-all,https://merics.org/sites/default/files/2023-06/China%27s%20Innovation%20Ecosystem-Right%20for%20many%2C%20but%20not%20for%20all.pdf,C:\Users\WINDOWS\OneDrive\知识库\智库信息爬虫\国际主要科技智库观点演变_研判\03_证据底稿\原文PDF\C-MERICS-69315FFB02.pdf,C:\Users\WINDOWS\OneDrive\知识库\智库信息爬虫\国际主要科技智库观点演变_研判\03_证据底稿\文本\C-MERICS-69315FFB02.txt,C:\Users\WINDOWS\OneDrive\知识库\智库信息爬虫\国际主要科技智库观点演变_研判\03_证据底稿\切片\C-MERICS-69315FFB02.md,1013375,2afb9442e514bc7ccf482b015b4ddcd2753f756444efa5a846e77fdb7d7e928a,29,68093,官方PDF已保存并校验,,2026-08-22
C-MERICS-A625417EFE,2022-06-28,W3,"China’s nascent green hydrogen sector: How policy, research and business are forging a new industry",Alexander Brown；Nis Grünberg,作者/项目正式研究,核心科技直接材料,人工智能、芯片与算力；先进制造、机器人与交通技术；生物、量子、航天与绿色技术；创新体系、科研与技术人才；供应链、技术管制与经济安全,MERICS官方sitemap正式报告；标题命中科技或技术地缘经济词族,https://merics.org/en/report/chinas-nascent-green-hydrogen-sector-how-policy-research-and-business-are-forging-new,https://merics.org/sites/default/files/2023-02/MERICS_China_Monitor_No_77_Green-Hydrogen_EN_final.pdf,C:\Users\WINDOWS\OneDrive\知识库\智库信息爬虫\国际主要科技智库观点演变_研判\03_证据底稿\原文PDF\C-MERICS-A625417EFE.pdf,C:\Users\WINDOWS\OneDrive\知识库\智库信息爬虫\国际主要科技智库观点演变_研判\03_证据底稿\文本\C-MERICS-A625417EFE.txt,C:\Users\WINDOWS\OneDrive\知识库\智库信息爬虫\国际主要科技智库观点演变_研判\03_证据底稿\切片\C-MERICS-A625417EFE.md,2886247,b85e2dcbdf9345f85cad4773f45b36153b160e3663dc5dc741438ba31492129f,24,63815,官方PDF已保存并校验,,2026-08-22
C-MERICS-0DF61D12DE,2022-08-25,W3,Fasten your seatbelts: How to manage China’s economic coercion,Aya Adachi；Alexander Brown；Max J. Zenglein,作者/项目正式研究,科技产业与经济安全基线,人工智能、芯片与算力；网络安全、数据与数字治理；先进制造、机器人与交通技术；生物、量子、航天与绿色技术；创新体系、科研与技术人才；供应链、技术管制与经济安全,MERICS官方sitemap正式报告；标题命中科技或技术地缘经济词族,https://merics.org/en/report/fasten-your-seatbelts-how-manage-chinas-economic-coercion,https://merics.org/sites/default/files/2023-02/Merics_ChinaMonitor_EconomicCoercion_EN-4.pdf,C:\Users\WINDOWS\OneDrive\知识库\智库信息爬虫\国际主要科技智库观点演变_研判\03_证据底稿\原文PDF\C-MERICS-0DF61D12DE.pdf,C:\Users\WINDOWS\OneDrive\知识库\智库信息爬虫\国际主要科技智库观点演变_研判\03_证据底稿\文本\C-MERICS-0DF61D12DE.txt,C:\Users\WINDOWS\OneDrive\知识库\智库信息爬虫\国际主要科技智库观点演变_研判\03_证据底稿\切片\C-MERICS-0DF61D12DE.md,507092,b53d4d446c7b2b9974e33f867a763465a933cde476aa3a9b5bfb6f2dc324e669,17,46536,官方PDF已保存并校验,,2026-08-22
C-MERICS-488685D87B,2023-02-02,W3,Controlling the innovation chain,Jeroen Groenewegen-Lau；Michael Laha,作者/项目正式研究,核心科技直接材料,人工智能、芯片与算力；网络安全、数据与数字治理；先进制造、机器人与交通技术；生物、量子、航天与绿色技术；创新体系、科研与技术人才,MERICS官方sitemap正式报告；标题命中科技或技术地缘经济词族,https://merics.org/en/report/controlling-innovation-chain,https://merics.org/sites/default/files/2023-11/merics-report-controlling-the-innovation-chain.pdf,C:\Users\WINDOWS\OneDrive\知识库\智库信息爬虫\国际主要科技智库观点演变_研判\03_证据底稿\原文PDF\C-MERICS-488685D87B.pdf,C:\Users\WINDOWS\OneDrive\知识库\智库信息爬虫\国际主要科技智库观点演变_研判\03_证据底稿\文本\C-MERICS-488685D87B.txt,C:\Users\WINDOWS\OneDrive\知识库\智库信息爬虫\国际主要科技智库观点演变_研判\03_证据底稿\切片\C-MERICS-488685D87B.md,2656919,4e62a8a761361ebc0b88d9b3fda44a42e491ca8483753860921db5011f07004f,22,65111,官方PDF已保存并校验,,2026-08-22
C-MERICS-1A2FCB52EC,2023-02-22,W3,From opportunity to risk: The changing economic security policies vis-à-vis China,Francesca Ghiretti,作者/项目正式研究,科技产业与经济安全基线,人工智能、芯片与算力；网络安全、数据与数字治理；先进制造、机器人与交通技术；生物、量子、航天与绿色技术；创新体系、科研与技术人才；供应链、技术管制与经济安全,MERICS官方sitemap正式报告；标题命中科技或技术地缘经济词族,https://merics.org/en/report/opportunity-risk-changing-economic-security-policies-vis-vis-china,https://merics.org/sites/default/files/2023-02/merics-report-changing-economic-security-policies-2023.pdf,C:\Users\WINDOWS\OneDrive\知识库\智库信息爬虫\国际主要科技智库观点演变_研判\03_证据底稿\原文PDF\C-MERICS-1A2FCB52EC.pdf,C:\Users\WINDOWS\OneDrive\知识库\智库信息爬虫\国际主要科技智库观点演变_研判\03_证据底稿\文本\C-MERICS-1A2FCB52EC.txt,C:\Users\WINDOWS\OneDrive\知识库\智库信息爬虫\国际主要科技智库观点演变_研判\03_证据底稿\切片\C-MERICS-1A2FCB52EC.md,334399,9ce0439461b51fb722531c8ea61323cbce65d05c98562e2c0fdd0a514bcebf5c,12,21564,官方PDF已保存并校验,,2026-08-22
C-MERICS-11254A07DD,2023-04-21,W3,China's innovation system and the localization dilemma,Jacob Gunter；Jeroen Groenewegen-Lau,作者/项目正式研究,核心科技直接材料,创新体系、科研与技术人才,MERICS官方sitemap正式报告；标题命中科技或技术地缘经济词族,https://merics.org/en/report/chinas-innovation-system-and-localization-dilemma,https://merics.org/sites/default/files/2023-06/China%27s%20innovation%20ecosystem%20the%20localisation%20dilemma.pdf,C:\Users\WINDOWS\OneDrive\知识库\智库信息爬虫\国际主要科技智库观点演变_研判\03_证据底稿\原文PDF\C-MERICS-11254A07DD.pdf,C:\Users\WINDOWS\OneDrive\知识库\智库信息爬虫\国际主要科技智库观点演变_研判\03_证据底稿\文本\C-MERICS-11254A07DD.txt,C:\Users\WINDOWS\OneDrive\知识库\智库信息爬虫\国际主要科技智库观点演变_研判\03_证据底稿\切片\C-MERICS-11254A07DD.md,1201104,95311d4eaedc9d0db2393183824531db2b2f5dd0e68bf881fcfa604f6aeca768,36,78315,官方PDF已保存并校验,,2026-08-22
C-MERICS-9926655DB2,2023-05-09,W3,EV battery investments cushion drop to decade low: Chinese FDI in Europe 2022 Update,Agatha Kratz；Max J. Zenglein；Gregor Williams (Sebastian)；Mark Witzke,作者/项目正式研究,核心科技直接材料,人工智能、芯片与算力；网络安全、数据与数字治理；先进制造、机器人与交通技术；生物、量子、航天与绿色技术；供应链、技术管制与经济安全,MERICS官方sitemap正式报告；标题命中科技或技术地缘经济词族,https://merics.org/en/report/ev-battery-investments-cushion-drop-decade-low-chinese-fdi-europe-2022-update,https://merics.org/sites/default/files/2023-05/merics-rhodium-group-chinese-fdi-in-europe-2022%20%281%29.pdf,C:\Users\WINDOWS\OneDrive\知识库\智库信息爬虫\国际主要科技智库观点演变_研判\03_证据底稿\原文PDF\C-MERICS-9926655DB2.pdf,C:\Users\WINDOWS\OneDrive\知识库\智库信息爬虫\国际主要科技智库观点演变_研判\03_证据底稿\文本\C-MERICS-9926655DB2.txt,C:\Users\WINDOWS\OneDrive\知识库\智库信息爬虫\国际主要科技智库观点演变_研判\03_证据底稿\切片\C-MERICS-9926655DB2.md,1591865,c7601fa9214490cb401319349166e02e7aae9abf4de9c9ae664725b2b6dd905d,27,47271,官方PDF已保存并校验,,2026-08-22
C-MERICS-2CA6F6D975,2023-06-29,W3,"Updating the EU action plan on China: De-risk, engage, coordinate",François Chimits；Francesca Ghiretti；Grzegorz Stec,作者/项目正式研究,科技产业与经济安全基线,先进制造、机器人与交通技术；生物、量子、航天与绿色技术；创新体系、科研与技术人才；供应链、技术管制与经济安全,MERICS官方sitemap正式报告；标题命中科技或技术地缘经济词族,https://merics.org/en/report/updating-eu-action-plan-china-de-risk-engage-coordinate,https://merics.org/sites/default/files/2023-06/MERICS%20Report%20EU%20Action%20plan%202.0_0.pdf,C:\Users\WINDOWS\OneDrive\知识库\智库信息爬虫\国际主要科技智库观点演变_研判\03_证据底稿\原文PDF\C-MERICS-2CA6F6D975.pdf,C:\Users\WINDOWS\OneDrive\知识库\智库信息爬虫\国际主要科技智库观点演变_研判\03_证据底稿\文本\C-MERICS-2CA6F6D975.txt,C:\Users\WINDOWS\OneDrive\知识库\智库信息爬虫\国际主要科技智库观点演变_研判\03_证据底稿\切片\C-MERICS-2CA6F6D975.md,847252,505ccd64e6b93de1e893d06a687eb73871826c7a4c31bb50ef7353963db9bcb3,12,26980,官方PDF已保存并校验,,2026-08-22
C-MERICS-6DB880FFE2,2023-08-03,W3,"Accelerator state: How China fosters ""Little Giant"" companies",Alexander Brown；François Chimits；Gregor Williams (Sebastian),作者/项目正式研究,科技产业与经济安全基线,人工智能、芯片与算力；网络安全、数据与数字治理；先进制造、机器人与交通技术；生物、量子、航天与绿色技术；创新体系、科研与技术人才；供应链、技术管制与经济安全,MERICS官方sitemap正式报告；标题命中科技或技术地缘经济词族,https://merics.org/en/report/accelerator-state-how-china-fosters-little-giant-companies,https://merics.org/sites/default/files/2023-11/MERICS%20Report%20Accelerator%20State_final.pdf,C:\Users\WINDOWS\OneDrive\知识库\智库信息爬虫\国际主要科技智库观点演变_研判\03_证据底稿\原文PDF\C-MERICS-6DB880FFE2.pdf,C:\Users\WINDOWS\OneDrive\知识库\智库信息爬虫\国际主要科技智库观点演变_研判\03_证据底稿\文本\C-MERICS-6DB880FFE2.txt,C:\Users\WINDOWS\OneDrive\知识库\智库信息爬虫\国际主要科技智库观点演变_研判\03_证据底稿\切片\C-MERICS-6DB880FFE2.md,632369,c642016c45c31d86641f4cbe995230feb27d2c8bb915363fdb930b8390135e7c,24,74778,官方PDF已保存并校验,,2026-08-22
C-MERICS-420F869A46,2023-09-15,W3,Electric Shock: Interpreting China’s electric vehicle export boom,Ilaria Mazzocco；Gregor Williams (Sebastian),作者/项目正式研究,核心科技直接材料,网络安全、数据与数字治理；先进制造、机器人与交通技术,MERICS官方sitemap正式报告；标题命中科技或技术地缘经济词族,https://merics.org/en/report/electric-shock-interpreting-chinas-electric-vehicle-export-boom,,C:\Users\WINDOWS\OneDrive\知识库\智库信息爬虫\国际主要科技智库观点演变_研判\03_证据底稿\网页文本\C-MERICS-420F869A46.txt,C:\Users\WINDOWS\OneDrive\知识库\智库信息爬虫\国际主要科技智库观点演变_研判\03_证据底稿\网页文本\C-MERICS-420F869A46.txt,C:\Users\WINDOWS\OneDrive\知识库\智库信息爬虫\国际主要科技智库观点演变_研判\03_证据底稿\网页转写\C-MERICS-420F869A46.md,2170,9cace8e3f4daaa9dc5d95c239b6280c6faa212db9a45af131aebd593094f2700,0,2108,官方网页全文已保存,,2026-08-22
C-MERICS-01DB422043,2023-10-26,W3,The sky is the limit: China's rise as a transportation superpower challenges the EU,Max J. Zenglein；Gregor Williams (Sebastian),作者/项目正式研究,科技产业与经济安全基线,先进制造、机器人与交通技术；生物、量子、航天与绿色技术；创新体系、科研与技术人才；供应链、技术管制与经济安全,MERICS官方sitemap正式报告；标题命中科技或技术地缘经济词族,https://merics.org/en/report/sky-limit-chinas-rise-transportation-superpower-challenges-eu,https://merics.org/sites/default/files/2023-10/231024_Horizon_ECON_Policy_Brief.pdf,C:\Users\WINDOWS\OneDrive\知识库\智库信息爬虫\国际主要科技智库观点演变_研判\03_证据底稿\原文PDF\C-MERICS-01DB422043.pdf,C:\Users\WINDOWS\OneDrive\知识库\智库信息爬虫\国际主要科技智库观点演变_研判\03_证据底稿\文本\C-MERICS-01DB422043.txt,C:\Users\WINDOWS\OneDrive\知识库\智库信息爬虫\国际主要科技智库观点演变_研判\03_证据底稿\切片\C-MERICS-01DB422043.md,1869275,93f80484a12ec1c1a8f0151c89de494d080d73a149d1aca6b077126f97bd5291,25,45837,官方PDF已保存并校验,,2026-08-22
L-1429A64BC1,2023-11-16,W3,AI entanglements: Balancing risks and rewards of European-Chinese collaboration,Rebecca Arcesati；Wendy Chang；Antonia Hmaidi；Kai von Carnap,作者/项目正式研究,核心科技直接材料,人工智能、芯片与算力,MERICS官方sitemap正式报告；标题命中科技或技术地缘经济词族,https://merics.org/en/report/ai-entanglements-balancing-risks-and-rewards-european-chinese-collaboration,https://merics.org/sites/default/files/2024-02/MERICS%20Report%20AI%20Entanglement_Feb%202024_final.pdf,C:\Users\WINDOWS\OneDrive\知识库\智库信息爬虫\国际主要科技智库观点演变_研判\03_证据底稿\原文PDF\L-1429A64BC1.pdf,C:\Users\WINDOWS\OneDrive\知识库\智库信息爬虫\国际主要科技智库观点演变_研判\03_证据底稿\文本\L-1429A64BC1.txt,C:\Users\WINDOWS\OneDrive\知识库\智库信息爬虫\国际主要科技智库观点演变_研判\03_证据底稿\切片\L-1429A64BC1.md,2642203,547d399a5b7923eb3523ad10cfda52e99d642b9039a892f6919513a5ce2dfab2,35,109744,复用库内既有资产,,2026-08-22
L-027001A761,2023-11-20,W3,Investigating state support for China’s medical technology companies,Alexander Brown；François Chimits；Jeroen Groenewegen-Lau；Jacob Gunter；Gregor Williams (Sebastian),作者/项目正式研究,核心科技直接材料,先进制造、机器人与交通技术；生物、量子、航天与绿色技术；供应链、技术管制与经济安全,MERICS官方sitemap正式报告；标题命中科技或技术地缘经济词族,https://merics.org/en/report/investigating-state-support-chinas-medical-technology-companies,https://merics.org/sites/default/files/2023-11/MERICS_Report_MedTech%20State%20Support_November%202023_final.pdf,C:\Users\WINDOWS\OneDrive\知识库\智库信息爬虫\国际主要科技智库观点演变_研判\03_证据底稿\原文PDF\L-027001A761.pdf,C:\Users\WINDOWS\OneDrive\知识库\智库信息爬虫\国际主要科技智库观点演变_研判\03_证据底稿\文本\L-027001A761.txt,C:\Users\WINDOWS\OneDrive\知识库\智库信息爬虫\国际主要科技智库观点演变_研判\03_证据底稿\切片\L-027001A761.md,915247,17e47c2c7675dffb41686877689c76335b47a2fb5044ac23d5b0a87af183dc5a,58,130669,复用库内既有资产,,2026-08-22
C-MERICS-0829162960,2023-11-30,W3,Fragmenting cyberspace: The future of the internet in China,Kai von Carnap；Antonia Hmaidi；Rebecca Arcesati；Jeroen Groenewegen-Lau,作者/项目正式研究,核心科技直接材料,网络安全、数据与数字治理；生物、量子、航天与绿色技术,MERICS官方sitemap正式报告；标题命中科技或技术地缘经济词族,https://merics.org/en/report/fragmenting-cyberspace-future-internet-china,https://merics.org/sites/default/files/2023-12/MERICS%20Report_Future%20of%20the%20internet_final%20%281%29.pdf,C:\Users\WINDOWS\OneDrive\知识库\智库信息爬虫\国际主要科技智库观点演变_研判\03_证据底稿\原文PDF\C-MERICS-0829162960.pdf,C:\Users\WINDOWS\OneDrive\知识库\智库信息爬虫\国际主要科技智库观点演变_研判\03_证据底稿\文本\C-MERICS-0829162960.txt,C:\Users\WINDOWS\OneDrive\知识库\智库信息爬虫\国际主要科技智库观点演变_研判\03_证据底稿\切片\C-MERICS-0829162960.md,913498,c2986e5d54e0b28d82a17861a6f3993aaa0208c0caad38a8ad49d43bda678087,66,142208,官方PDF已保存并校验,,2026-08-22
L-53F144B9C0,2023-12-05,W3,China’s data management: Putting the party state in charge,Rebecca Arcesati；Jeroen Groenewegen-Lau,作者/项目正式研究,核心科技直接材料,网络安全、数据与数字治理,MERICS官方sitemap正式报告；标题命中科技或技术地缘经济词族,https://merics.org/en/report/chinas-data-management-putting-party-state-charge,https://merics.org/sites/default/files/2023-12/Chinas%20data%20management%20-%20MERICS%20-%20Hinrich%20Foundation%20-%20December%202023.pdf,C:\Users\WINDOWS\OneDrive\知识库\智库信息爬虫\国际主要科技智库观点演变_研判\03_证据底稿\原文PDF\L-53F144B9C0.pdf,C:\Users\WINDOWS\OneDrive\知识库\智库信息爬虫\国际主要科技智库观点演变_研判\03_证据底稿\文本\L-53F144B9C0.txt,C:\Users\WINDOWS\OneDrive\知识库\智库信息爬虫\国际主要科技智库观点演变_研判\03_证据底稿\切片\L-53F144B9C0.md,1940474,2af96b225340919d091b2d40fe8b20b11c76ff6003241bd8dca7ca59204e9550,18,44584,复用库内既有资产,,2026-08-22
C-MERICS-06162DF2B7,2024-02-02,W3,The world’s factory strikes back,Max J. Zenglein,作者/项目正式研究,科技产业与经济安全基线,先进制造、机器人与交通技术；供应链、技术管制与经济安全,MERICS官方sitemap正式报告；标题命中科技或技术地缘经济词族,https://merics.org/en/report/worlds-factory-strikes-back,https://merics.org/sites/default/files/2024-02/The%20worlds%20factory%20strikes%20back%20-%20MERICS%20-%20Hinrich%20Foundation%20-%20February%202024.pdf,C:\Users\WINDOWS\OneDrive\知识库\智库信息爬虫\国际主要科技智库观点演变_研判\03_证据底稿\原文PDF\C-MERICS-06162DF2B7.pdf,C:\Users\WINDOWS\OneDrive\知识库\智库信息爬虫\国际主要科技智库观点演变_研判\03_证据底稿\文本\C-MERICS-06162DF2B7.txt,C:\Users\WINDOWS\OneDrive\知识库\智库信息爬虫\国际主要科技智库观点演变_研判\03_证据底稿\切片\C-MERICS-06162DF2B7.md,2036449,f34cc8fa754b0410385c938e9c1f5d2fd761705dffbaadf9dcd30c4b9846981d,21,43127,官方PDF已保存并校验,,2026-08-22
L-BB6FCEB300,2024-03-05,W3,Whole-of-nation innovation:  Does China’s socialist system give it an edge in science  and technology?,Jeroen Groenewegen-Lau,作者/项目正式研究,核心科技直接材料,先进制造、机器人与交通技术；创新体系、科研与技术人才,MERICS官方sitemap正式报告；标题命中科技或技术地缘经济词族,https://merics.org/en/report/whole-nation-innovation-does-chinas-socialist-system-give-it-edge-science-and-technology,https://merics.org/sites/default/files/2024-03/Jeroen-Whole%20of%20Nation%20Innovation-02.24.24.pdf,C:\Users\WINDOWS\OneDrive\知识库\智库信息爬虫\国际主要科技智库观点演变_研判\03_证据底稿\原文PDF\L-BB6FCEB300.pdf,C:\Users\WINDOWS\OneDrive\知识库\智库信息爬虫\国际主要科技智库观点演变_研判\03_证据底稿\文本\L-BB6FCEB300.txt,C:\Users\WINDOWS\OneDrive\知识库\智库信息爬虫\国际主要科技智库观点演变_研判\03_证据底稿\切片\L-BB6FCEB300.md,264886,ea923a48b67650f25a252b30c65834256fd0bf65fd2778a6c2569bbab4eb3c3c,9,31578,复用库内既有资产,,2026-08-22
L-F74A052FEB,2024-04-09,W3,Huawei is quietly dominating China’s semiconductor supply chain,Antonia Hmaidi,作者/项目正式研究,核心科技直接材料,人工智能、芯片与算力；网络安全、数据与数字治理；供应链、技术管制与经济安全,MERICS官方sitemap正式报告；标题命中科技或技术地缘经济词族,https://merics.org/en/report/huawei-quietly-dominating-chinas-semiconductor-supply-chain,https://merics.org/sites/default/files/2024-04/Hmaidi-Huawei%20Supply%20Chain-04.05.24.pdf,C:\Users\WINDOWS\OneDrive\知识库\智库信息爬虫\国际主要科技智库观点演变_研判\03_证据底稿\原文PDF\L-F74A052FEB.pdf,C:\Users\WINDOWS\OneDrive\知识库\智库信息爬虫\国际主要科技智库观点演变_研判\03_证据底稿\文本\L-F74A052FEB.txt,C:\Users\WINDOWS\OneDrive\知识库\智库信息爬虫\国际主要科技智库观点演变_研判\03_证据底稿\切片\L-F74A052FEB.md,579517,920e7820b91af480048b85ae3f8abfb9761cd97e0592100aae0e22f154a81844,13,42203,复用库内既有资产,,2026-08-22
L-06662E3F92,2024-04-23,W3,Where China stands in the global race for talent,Jeroen Groenewegen-Lau；Antonia Hmaidi,作者/项目正式研究,核心科技直接材料,创新体系、科研与技术人才,MERICS官方sitemap正式报告；标题命中科技或技术地缘经济词族,https://merics.org/en/report/where-china-stands-global-race-talent,https://merics.org/sites/default/files/2024-04/WP%20-%20Where%20china%20stands%20in%20the%20global%20race%20for%20talent%20-%20MERICS%20-%20final.pdf,C:\Users\WINDOWS\OneDrive\知识库\智库信息爬虫\国际主要科技智库观点演变_研判\03_证据底稿\原文PDF\L-06662E3F92.pdf,C:\Users\WINDOWS\OneDrive\知识库\智库信息爬虫\国际主要科技智库观点演变_研判\03_证据底稿\文本\L-06662E3F92.txt,C:\Users\WINDOWS\OneDrive\知识库\智库信息爬虫\国际主要科技智库观点演变_研判\03_证据底稿\切片\L-06662E3F92.md,2769459,b8c470a825ba43e1ccae5b6d7575ef571f81ddfd828371c7876567cdd564d223,21,46961,复用库内既有资产,,2026-08-22
L-61C99BBDA7,2024-04-29,W3,The accelerator state: Small firms join the fray of China’s techno-industrial drive,Alexander Brown,作者/项目正式研究,核心科技直接材料,先进制造、机器人与交通技术；创新体系、科研与技术人才,MERICS官方sitemap正式报告；标题命中科技或技术地缘经济词族,https://merics.org/en/report/accelerator-state-small-firms-join-fray-chinas-techno-industrial-drive,https://merics.org/sites/default/files/2024-04/Brown-Accelerator%20State%20Robotics-03.05.24.pdf,C:\Users\WINDOWS\OneDrive\知识库\智库信息爬虫\国际主要科技智库观点演变_研判\03_证据底稿\原文PDF\L-61C99BBDA7.pdf,C:\Users\WINDOWS\OneDrive\知识库\智库信息爬虫\国际主要科技智库观点演变_研判\03_证据底稿\文本\L-61C99BBDA7.txt,C:\Users\WINDOWS\OneDrive\知识库\智库信息爬虫\国际主要科技智库观点演变_研判\03_证据底稿\切片\L-61C99BBDA7.md,181848,a220ae5d3ae79d110bd5fb17dac4454c4b3235d690df3af3984abcec8cc6c1c8,11,27910,复用库内既有资产,,2026-08-22
L-B9A158F303,2024-05-02,W3,China’s AI development model in an era of technological deglobalization,Rebecca Arcesati,作者/项目正式研究,核心科技直接材料,人工智能、芯片与算力；创新体系、科研与技术人才,MERICS官方sitemap正式报告；标题命中科技或技术地缘经济词族,https://merics.org/en/report/chinas-ai-development-model-era-technological-deglobalization,https://merics.org/sites/default/files/2024-05/Arcesati-China%20AI%20Development-04.25.24.pdf,C:\Users\WINDOWS\OneDrive\知识库\智库信息爬虫\国际主要科技智库观点演变_研判\03_证据底稿\原文PDF\L-B9A158F303.pdf,C:\Users\WINDOWS\OneDrive\知识库\智库信息爬虫\国际主要科技智库观点演变_研判\03_证据底稿\文本\L-B9A158F303.txt,C:\Users\WINDOWS\OneDrive\知识库\智库信息爬虫\国际主要科技智库观点演变_研判\03_证据底稿\切片\L-B9A158F303.md,447721,613014d2dc1f8d677867b943df849266a3af8804939533aac37e645af8cd4dad,14,43947,复用库内既有资产,,2026-08-22
C-MERICS-3E9D1F50F6,2024-07-01,W3,National Perspectives on Europe’s de-risking from China,Bernhard Bartsch；François Chimits；Alexander Davey；Claudia Wessling,作者/项目正式研究,科技产业与经济安全基线,供应链、技术管制与经济安全,MERICS官方sitemap正式报告；标题命中科技或技术地缘经济词族,https://merics.org/en/report/national-perspectives-europes-de-risking-china,https://merics.org/sites/default/files/2024-06/ETNC%202024_National%20Perspectives%20on%20Europe%E2%80%99s%20De-risking%20from%20China_FINAL_low.pdf,C:\Users\WINDOWS\OneDrive\知识库\智库信息爬虫\国际主要科技智库观点演变_研判\03_证据底稿\原文PDF\C-MERICS-3E9D1F50F6.pdf,C:\Users\WINDOWS\OneDrive\知识库\智库信息爬虫\国际主要科技智库观点演变_研判\03_证据底稿\文本\C-MERICS-3E9D1F50F6.txt,C:\Users\WINDOWS\OneDrive\知识库\智库信息爬虫\国际主要科技智库观点演变_研判\03_证据底稿\切片\C-MERICS-3E9D1F50F6.md,5259760,848a03027aaf6ad372771de83d5f9996069d16bcb6555798787bd019977a500d,166,533778,官方PDF已保存并校验,,2026-08-22
L-5DD1239AFE,2024-08-08,W3,Keeping value chains at home,Rebecca Arcesati；François Chimits；Antonia Hmaidi,作者/项目正式研究,科技产业与经济安全基线,人工智能、芯片与算力；网络安全、数据与数字治理；先进制造、机器人与交通技术；生物、量子、航天与绿色技术；创新体系、科研与技术人才；供应链、技术管制与经济安全,MERICS官方sitemap正式报告；标题命中科技或技术地缘经济词族,https://merics.org/en/report/keeping-value-chains-home,https://merics.org/sites/default/files/2024-08/MERICS%20Report_Export%20controls_August%202024_0.pdf,C:\Users\WINDOWS\OneDrive\知识库\智库信息爬虫\国际主要科技智库观点演变_研判\03_证据底稿\原文PDF\L-5DD1239AFE.pdf,C:\Users\WINDOWS\OneDrive\知识库\智库信息爬虫\国际主要科技智库观点演变_研判\03_证据底稿\文本\L-5DD1239AFE.txt,C:\Users\WINDOWS\OneDrive\知识库\智库信息爬虫\国际主要科技智库观点演变_研判\03_证据底稿\切片\L-5DD1239AFE.md,1462483,e18a09616c29cbbe8d7a1afde9a82944c8e1f3b2ff1507bccf098eab8af0bbfe,19,59755,复用库内既有资产,,2026-08-22
C-MERICS-2067EE9619,2024-10-01,W3,Growing asymmetry: Mapping the import dependencies in EU and US trade with China,François Chimits,作者/项目正式研究,科技产业与经济安全基线,供应链、技术管制与经济安全,MERICS官方sitemap正式报告；标题命中科技或技术地缘经济词族,https://merics.org/en/report/growing-asymmetry-mapping-import-dependencies-eu-and-us-trade-china,https://merics.org/sites/default/files/2024-10/241001%20MERICS%20Report%20Growing%20Asymmetry_Final%20%281%29.pdf,C:\Users\WINDOWS\OneDrive\知识库\智库信息爬虫\国际主要科技智库观点演变_研判\03_证据底稿\原文PDF\C-MERICS-2067EE9619.pdf,C:\Users\WINDOWS\OneDrive\知识库\智库信息爬虫\国际主要科技智库观点演变_研判\03_证据底稿\文本\C-MERICS-2067EE9619.txt,C:\Users\WINDOWS\OneDrive\知识库\智库信息爬虫\国际主要科技智库观点演变_研判\03_证据底稿\切片\C-MERICS-2067EE9619.md,1384066,31cc0fb60de1816e6cdf516c1a773af10500e7b62e6048c96c73b914b13d57ce,17,29517,官方PDF已保存并校验,,2026-08-22
C-MERICS-F38BF4477E,2024-10-31,W3,The Europe-China Resilience Audit: Insights for advancing European resilience,Grzegorz Stec；Helena Legarda,作者/项目正式研究,科技产业与经济安全基线,供应链、技术管制与经济安全,MERICS官方sitemap正式报告；标题命中科技或技术地缘经济词族,https://merics.org/en/report/europe-china-resilience-audit-insights-advancing-eu-resilience,https://merics.org/sites/default/files/2025-01/MERICS%20Report%20The%20Europe-China%20Resilience%20Audit_October%202024.pdf,C:\Users\WINDOWS\OneDrive\知识库\智库信息爬虫\国际主要科技智库观点演变_研判\03_证据底稿\原文PDF\C-MERICS-F38BF4477E.pdf,C:\Users\WINDOWS\OneDrive\知识库\智库信息爬虫\国际主要科技智库观点演变_研判\03_证据底稿\文本\C-MERICS-F38BF4477E.txt,C:\Users\WINDOWS\OneDrive\知识库\智库信息爬虫\国际主要科技智库观点演变_研判\03_证据底稿\切片\C-MERICS-F38BF4477E.md,9810865,3ea89df28505bfe14cd540650dd0bcd19726b2a2902d409bd5d38957927e467a,48,44336,官方PDF已保存并校验,,2026-08-22
C-MERICS-5FE1C9C248,2024-10-31,W3,Profiling European countries' resilience towards China,,作者/项目正式研究,科技产业与经济安全基线,供应链、技术管制与经济安全,MERICS官方sitemap正式报告；标题命中科技或技术地缘经济词族,https://merics.org/en/report/profiling-european-countries-resilience-towards-china,https://merics.org/sites/default/files/2024-06/ETNC%202024_National%20Perspectives%20on%20Europe%E2%80%99s%20De-risking%20from%20China_FINAL_low.pdf,C:\Users\WINDOWS\OneDrive\知识库\智库信息爬虫\国际主要科技智库观点演变_研判\03_证据底稿\原文PDF\C-MERICS-3E9D1F50F6.pdf,C:\Users\WINDOWS\OneDrive\知识库\智库信息爬虫\国际主要科技智库观点演变_研判\03_证据底稿\文本\C-MERICS-3E9D1F50F6.txt,C:\Users\WINDOWS\OneDrive\知识库\智库信息爬虫\国际主要科技智库观点演变_研判\03_证据底稿\切片\C-MERICS-3E9D1F50F6.md,5259760,848a03027aaf6ad372771de83d5f9996069d16bcb6555798787bd019977a500d,166,533778,关联既有官方PDF,,2026-08-22
C-MERICS-66DBCAA414,2024-11-21,W3,China is the world’s factory – but less integrated  into the global economy than the US and Japan,François Chimits,作者/项目正式研究,科技产业与经济安全基线,技术地缘经济与欧洲对华政策,MERICS官方sitemap正式报告；标题命中科技或技术地缘经济词族,https://merics.org/en/report/china-worlds-factory-less-integrated-global-economy-us-and-japan,https://merics.org/sites/default/files/%5Bdate%3Acustom%3AY%5D-%5Bdate%3Acustom%3Am%5D/MERICS%20Report%20China%20Global%20Integration_November%202024.pdf,C:\Users\WINDOWS\OneDrive\知识库\智库信息爬虫\国际主要科技智库观点演变_研判\03_证据底稿\原文PDF\C-MERICS-66DBCAA414.pdf,C:\Users\WINDOWS\OneDrive\知识库\智库信息爬虫\国际主要科技智库观点演变_研判\03_证据底稿\文本\C-MERICS-66DBCAA414.txt,C:\Users\WINDOWS\OneDrive\知识库\智库信息爬虫\国际主要科技智库观点演变_研判\03_证据底稿\切片\C-MERICS-66DBCAA414.md,2376506,1e07c90173b42575d88f1938326994e64247077398c7b56900361d114a01bd5b,23,36862,官方PDF已保存并校验,,2026-08-22
L-3C974B43E3,2024-12-12,W3,China’s long view on quantum tech has the US and EU playing catch-up,Antonia Hmaidi；Jeroen Groenewegen-Lau,作者/项目正式研究,核心科技直接材料,生物、量子、航天与绿色技术,MERICS官方sitemap正式报告；标题命中科技或技术地缘经济词族,https://merics.org/en/report/chinas-long-view-quantum-tech-has-us-and-eu-playing-catch,https://merics.org/sites/default/files/2024-12/MERICS%20China%20Tech%20Observatory%20Quantum%20Report%202024.pdf,C:\Users\WINDOWS\OneDrive\知识库\智库信息爬虫\国际主要科技智库观点演变_研判\03_证据底稿\原文PDF\L-3C974B43E3.pdf,C:\Users\WINDOWS\OneDrive\知识库\智库信息爬虫\国际主要科技智库观点演变_研判\03_证据底稿\文本\L-3C974B43E3.txt,C:\Users\WINDOWS\OneDrive\知识库\智库信息爬虫\国际主要科技智库观点演变_研判\03_证据底稿\切片\L-3C974B43E3.md,2039990,32c95806d5bef70fba3c9e490989c8d76615179ba849bc14cad2432c363c15ea,20,51200,复用库内既有资产,,2026-08-22
C-MERICS-09B0D46381,2025-04-01,W3,Beyond overcapacity: Chinese-style modernization and the clash of economic models,Jacob Gunter；Alexander Brown；François Chimits；Antonia Hmaidi；Abigaël Vasselier；Max J. Zenglein,作者/项目正式研究,科技产业与经济安全基线,供应链、技术管制与经济安全,MERICS官方sitemap正式报告；标题命中科技或技术地缘经济词族,https://merics.org/en/report/beyond-overcapacity-chinese-style-modernization-and-clash-economic-models,https://merics.org/sites/default/files/2025-04/MERICS%20Report%20Overcapacities_2025%20final.pdf,C:\Users\WINDOWS\OneDrive\知识库\智库信息爬虫\国际主要科技智库观点演变_研判\03_证据底稿\原文PDF\C-MERICS-09B0D46381.pdf,C:\Users\WINDOWS\OneDrive\知识库\智库信息爬虫\国际主要科技智库观点演变_研判\03_证据底稿\文本\C-MERICS-09B0D46381.txt,C:\Users\WINDOWS\OneDrive\知识库\智库信息爬虫\国际主要科技智库观点演变_研判\03_证据底稿\切片\C-MERICS-09B0D46381.md,1350090,5ac6d2635177805e29371685884aec7b441ebb88d9c4d31c030ef418634fdab4,28,68585,官方PDF已保存并校验,,2026-08-22
C-MERICS-29FE461F7E,2025-04-24,W3,"Lab leader, market ascender: China's rise in biotechnology",Alexander Brown；Jeroen Groenewegen-Lau,作者/项目正式研究,核心科技直接材料,生物、量子、航天与绿色技术；创新体系、科研与技术人才,MERICS官方sitemap正式报告；标题命中科技或技术地缘经济词族,https://merics.org/en/report/lab-leader-market-ascender-chinas-rise-biotechnology,https://merics.org/sites/default/files/2026-02/MERICS%20Report%20Biotech_02-2026.pdf,C:\Users\WINDOWS\OneDrive\知识库\智库信息爬虫\国际主要科技智库观点演变_研判\03_证据底稿\原文PDF\C-MERICS-29FE461F7E.pdf,C:\Users\WINDOWS\OneDrive\知识库\智库信息爬虫\国际主要科技智库观点演变_研判\03_证据底稿\文本\C-MERICS-29FE461F7E.txt,C:\Users\WINDOWS\OneDrive\知识库\智库信息爬虫\国际主要科技智库观点演变_研判\03_证据底稿\切片\C-MERICS-29FE461F7E.md,728796,512700b4e927239bea3f14841af413b6f76b23eb7c9eebf9d8b23a7f8c8c4edf,28,87262,官方PDF已保存并校验,,2026-08-22
L-91429813C1,2025-06-24,W3,The trade-offs of innovating in China in times of global technology rivalry,Jeroen Groenewegen-Lau；Jacob Gunter,作者/项目正式研究,核心科技直接材料,先进制造、机器人与交通技术；创新体系、科研与技术人才,MERICS官方sitemap正式报告；标题命中科技或技术地缘经济词族,https://merics.org/en/report/trade-offs-innovating-china-times-global-technology-rivalry,https://merics.org/sites/default/files/2025-06/MERICS%20Innovation%20Report_250619_WEB_1.pdf,C:\Users\WINDOWS\OneDrive\知识库\智库信息爬虫\国际主要科技智库观点演变_研判\03_证据底稿\原文PDF\L-91429813C1.pdf,C:\Users\WINDOWS\OneDrive\知识库\智库信息爬虫\国际主要科技智库观点演变_研判\03_证据底稿\文本\L-91429813C1.txt,C:\Users\WINDOWS\OneDrive\知识库\智库信息爬虫\国际主要科技智库观点演变_研判\03_证据底稿\切片\L-91429813C1.md,460401,aa89ca2b1ffd5164a8c17dc113f74ef97ddf66fb18c94da9fc0f3ba4c9e2a29c,20,47949,复用库内既有资产,,2026-08-22
L-0058448186,2025-06-26,W3,Quest for strategic autonomy? Europe grapples with the US-China rivalry,Bernhard Bartsch；Alexander Davey；Claudia Wessling,作者/项目正式研究,科技产业与经济安全基线,创新体系、科研与技术人才；供应链、技术管制与经济安全,MERICS官方sitemap正式报告；标题命中科技或技术地缘经济词族,https://merics.org/en/report/quest-strategic-autonomy-europe-grapples-us-china-rivalry,https://merics.org/sites/default/files/2025-06/ETNC%20Report%202025%20Quest-for-strategic-autonomy-europe-grapples-with-the-us-china-rivalry.pdf,C:\Users\WINDOWS\OneDrive\知识库\智库信息爬虫\国际主要科技智库观点演变_研判\03_证据底稿\原文PDF\L-0058448186.pdf,C:\Users\WINDOWS\OneDrive\知识库\智库信息爬虫\国际主要科技智库观点演变_研判\03_证据底稿\文本\L-0058448186.txt,C:\Users\WINDOWS\OneDrive\知识库\智库信息爬虫\国际主要科技智库观点演变_研判\03_证据底稿\切片\L-0058448186.md,2856576,38d42940a83da962ee68f9fa5cfcdccb0c3c8e9298bd80f009fe68b2070cd99a,268,595373,复用库内既有资产,,2026-08-22
L-A62A2C0008,2025-07-22,W3,China’s drive toward self-reliance in artificial intelligence: from chips to large language models,Wendy Chang；Rebecca Arcesati；Antonia Hmaidi,作者/项目正式研究,核心科技直接材料,人工智能、芯片与算力；供应链、技术管制与经济安全,MERICS官方sitemap正式报告；标题命中科技或技术地缘经济词族,https://merics.org/en/report/chinas-drive-toward-self-reliance-artificial-intelligence-chips-large-language-models,https://merics.org/sites/default/files/2025-07/MERICS%20Report-AI_Stack_final.pdf,C:\Users\WINDOWS\OneDrive\知识库\智库信息爬虫\国际主要科技智库观点演变_研判\03_证据底稿\原文PDF\L-A62A2C0008.pdf,C:\Users\WINDOWS\OneDrive\知识库\智库信息爬虫\国际主要科技智库观点演变_研判\03_证据底稿\文本\L-A62A2C0008.txt,C:\Users\WINDOWS\OneDrive\知识库\智库信息爬虫\国际主要科技智库观点演变_研判\03_证据底稿\切片\L-A62A2C0008.md,1072013,b1edfafbd060ed4a3a0d7278ba1efd03bb91d000c9e0e5f8d4462ed93dada30c,28,79798,复用库内既有资产,,2026-08-22
C-MERICS-21DF118F78,2025-10-22,W3,"The Arctic, outer space and influence-building: China and Russia join forces to expand in new strategic frontiers",Helena Legarda,作者/项目正式研究,核心科技直接材料,生物、量子、航天与绿色技术,MERICS官方sitemap正式报告；标题命中科技或技术地缘经济词族,https://merics.org/en/report/arctic-outer-space-and-influence-building-china-and-russia-join-forces-expand-new-strategic,https://merics.org/sites/default/files/2025-10/MERICS_Policy%20brief_China%27s%20strategic%20new%20frontiers_final.pdf,C:\Users\WINDOWS\OneDrive\知识库\智库信息爬虫\国际主要科技智库观点演变_研判\03_证据底稿\原文PDF\C-MERICS-21DF118F78.pdf,C:\Users\WINDOWS\OneDrive\知识库\智库信息爬虫\国际主要科技智库观点演变_研判\03_证据底稿\文本\C-MERICS-21DF118F78.txt,C:\Users\WINDOWS\OneDrive\知识库\智库信息爬虫\国际主要科技智库观点演变_研判\03_证据底稿\切片\C-MERICS-21DF118F78.md,1541110,8994c13582d3f4526a278170db84ef439ff0f0fe7091b589ebd0adef3602d93f,22,45384,官方PDF已保存并校验,,2026-08-22
C-MERICS-FE5FE24631,2025-10-29,W3,Member states’ resilience efforts fall short of looming challenges: Europe-China Resilience Audit Update 2025,Grzegorz Stec,作者/项目正式研究,科技产业与经济安全基线,供应链、技术管制与经济安全,MERICS官方sitemap正式报告；标题命中科技或技术地缘经济词族,https://merics.org/en/report/member-states-resilience-efforts-fall-short-looming-challenges-europe-china-resilience-audit,,C:\Users\WINDOWS\OneDrive\知识库\智库信息爬虫\国际主要科技智库观点演变_研判\03_证据底稿\网页文本\C-MERICS-FE5FE24631.txt,C:\Users\WINDOWS\OneDrive\知识库\智库信息爬虫\国际主要科技智库观点演变_研判\03_证据底稿\网页文本\C-MERICS-FE5FE24631.txt,C:\Users\WINDOWS\OneDrive\知识库\智库信息爬虫\国际主要科技智库观点演变_研判\03_证据底稿\网页转写\C-MERICS-FE5FE24631.md,26398,890a40a2372b965ce78142f8c1e7993450a1239c6162f31c78b1c437240eb4cf,0,26056,官方网页全文已保存,,2026-08-22
C-MERICS-A30A8395C5,2025-10-29,W3,Profiling European countries' resilience towards China - 2025 Update,Esther Goreichy；Grzegorz Stec；Abigaël Vasselier,作者/项目正式研究,科技产业与经济安全基线,供应链、技术管制与经济安全,MERICS官方sitemap正式报告；标题命中科技或技术地缘经济词族,https://merics.org/en/report/profiling-european-countries-resilience-towards-china-2025-update,,C:\Users\WINDOWS\OneDrive\知识库\智库信息爬虫\国际主要科技智库观点演变_研判\03_证据底稿\网页文本\C-MERICS-A30A8395C5.txt,C:\Users\WINDOWS\OneDrive\知识库\智库信息爬虫\国际主要科技智库观点演变_研判\03_证据底稿\网页文本\C-MERICS-A30A8395C5.txt,C:\Users\WINDOWS\OneDrive\知识库\智库信息爬虫\国际主要科技智库观点演变_研判\03_证据底稿\网页转写\C-MERICS-A30A8395C5.md,48188,dc0aec3dc14a9cb1fe7532ee8584ce237cb192011033044380676c9f49831473,0,47492,官方网页全文已保存,,2026-08-22
L-A223A5C505,2026-02-11,W3,Orbital geopolitics: China's dual-use space internet,Altynay Junusova；Rebecca Arcesati；Antonia Hmaidi,作者/项目正式研究,核心科技直接材料,人工智能、芯片与算力；网络安全、数据与数字治理；先进制造、机器人与交通技术；生物、量子、航天与绿色技术；创新体系、科研与技术人才；供应链、技术管制与经济安全,MERICS官方sitemap正式报告；标题命中科技或技术地缘经济词族,https://merics.org/en/report/orbital-geopolitics-chinas-dual-use-space-internet,https://merics.org/sites/default/files/2026-02/MERICS%20CTO%20Report%20Low%20earth%20orbit%20final.pdf,C:\Users\WINDOWS\OneDrive\知识库\智库信息爬虫\国际主要科技智库观点演变_研判\03_证据底稿\原文PDF\L-A223A5C505.pdf,C:\Users\WINDOWS\OneDrive\知识库\智库信息爬虫\国际主要科技智库观点演变_研判\03_证据底稿\文本\L-A223A5C505.txt,C:\Users\WINDOWS\OneDrive\知识库\智库信息爬虫\国际主要科技智库观点演变_研判\03_证据底稿\切片\L-A223A5C505.md,2039100,347b629c23b216247ccb671ec89060b37055dee675abece0b154c89f8ee10cb3,28,77906,复用库内既有资产,,2026-08-22
L-6AD2965D20,2026-04-30,W3,Embodied AI: China’s ambitious path to transform its robotics industry,Wendy Chang；Rebecca Arcesati；Altynay Junusova,作者/项目正式研究,核心科技直接材料,人工智能、芯片与算力；先进制造、机器人与交通技术,MERICS官方sitemap正式报告；标题命中科技或技术地缘经济词族,https://merics.org/en/report/embodied-ai-chinas-ambitious-path-transform-its-robotics-industry,https://merics.org/sites/default/files/2026-04/MER-RZ-Report-Embodied-AI-260422-Web.pdf,C:\Users\WINDOWS\OneDrive\知识库\智库信息爬虫\国际主要科技智库观点演变_研判\03_证据底稿\原文PDF\L-6AD2965D20.pdf,C:\Users\WINDOWS\OneDrive\知识库\智库信息爬虫\国际主要科技智库观点演变_研判\03_证据底稿\文本\L-6AD2965D20.txt,C:\Users\WINDOWS\OneDrive\知识库\智库信息爬虫\国际主要科技智库观点演变_研判\03_证据底稿\切片\L-6AD2965D20.md,949697,76097a308a9a8fb5c8f348456a201b8966530c2d68464bf27e4f12dd9ebbe583,22,59724,复用库内既有资产,,2026-08-22
L-A5F166E167,2026-06-30,W3,"EU: Shepherded by Brussels, Europe awakens to Chinese technology",Rebecca Arcesati,作者/项目正式研究,核心科技直接材料,供应链、技术管制与经济安全,MERICS官方sitemap正式报告；标题命中科技或技术地缘经济词族,https://merics.org/en/report/eu-shepherded-brussels-europe-awakens-chinese-technology,https://merics.org/sites/default/files/2026-07/MERICS%2BETNC_Report_2026_WEB%20%281%29.pdf,C:\Users\WINDOWS\OneDrive\知识库\智库信息爬虫\国际主要科技智库观点演变_研判\03_证据底稿\原文PDF\L-6107A40D28.pdf,C:\Users\WINDOWS\OneDrive\知识库\智库信息爬虫\国际主要科技智库观点演变_研判\03_证据底稿\文本\L-6107A40D28.txt,C:\Users\WINDOWS\OneDrive\知识库\智库信息爬虫\国际主要科技智库观点演变_研判\03_证据底稿\切片\L-6107A40D28.md,4138991,93d3bece83a7e8e7276904615a74e57de10b5011d813a0de36a48e36acf49199,196,571094,复用库内既有资产,,2026-08-22
C-MERICS-75D77CEFB2,2026-06-30,W3,Fragmented Europe: Dealing with China as a technology and innovation power,Bernhard Bartsch；Claudia Wessling；Rebecca Arcesati；Alexander Davey；Aurelio Insisa,作者/项目正式研究,核心科技直接材料,生物、量子、航天与绿色技术；创新体系、科研与技术人才；供应链、技术管制与经济安全,MERICS官方sitemap正式报告；标题命中科技或技术地缘经济词族,https://merics.org/en/report/fragmented-europe-dealing-china-technology-and-innovation-power,https://merics.org/sites/default/files/2026-07/MERICS%2BETNC_Report_2026_WEB%20%281%29.pdf,C:\Users\WINDOWS\OneDrive\知识库\智库信息爬虫\国际主要科技智库观点演变_研判\03_证据底稿\原文PDF\L-6107A40D28.pdf,C:\Users\WINDOWS\OneDrive\知识库\智库信息爬虫\国际主要科技智库观点演变_研判\03_证据底稿\文本\L-6107A40D28.txt,C:\Users\WINDOWS\OneDrive\知识库\智库信息爬虫\国际主要科技智库观点演变_研判\03_证据底稿\切片\L-6107A40D28.md,4138991,93d3bece83a7e8e7276904615a74e57de10b5011d813a0de36a48e36acf49199,196,571094,关联既有官方PDF,,2026-08-22
L-6107A40D28,2026-06-30,W3,Ireland: Interlocking factors shape the approach to China in science-tech innovation,Alexander Davey,作者/项目正式研究,核心科技直接材料,创新体系、科研与技术人才,MERICS官方sitemap正式报告；标题命中科技或技术地缘经济词族,https://merics.org/en/report/ireland-interlocking-factors-shape-approach-china-science-tech-innovation,https://merics.org/sites/default/files/2026-07/MERICS%2BETNC_Report_2026_WEB%20%281%29.pdf,C:\Users\WINDOWS\OneDrive\知识库\智库信息爬虫\国际主要科技智库观点演变_研判\03_证据底稿\原文PDF\L-6107A40D28.pdf,C:\Users\WINDOWS\OneDrive\知识库\智库信息爬虫\国际主要科技智库观点演变_研判\03_证据底稿\文本\L-6107A40D28.txt,C:\Users\WINDOWS\OneDrive\知识库\智库信息爬虫\国际主要科技智库观点演变_研判\03_证据底稿\切片\L-6107A40D28.md,4138991,93d3bece83a7e8e7276904615a74e57de10b5011d813a0de36a48e36acf49199,196,571094,复用库内既有资产,,2026-08-22
C-MERICS-EF97E60BCB,2026-06-30,W3,"Italy: Biopharma, automotive and telecoms sectors are facing China’s technological power",Aurelio Insisa,作者/项目正式研究,核心科技直接材料,先进制造、机器人与交通技术；生物、量子、航天与绿色技术,MERICS官方sitemap正式报告；标题命中科技或技术地缘经济词族,https://merics.org/en/report/italy-biopharma-automotive-and-telecoms-sectors-are-facing-chinas-technological-power,https://merics.org/sites/default/files/2026-07/MERICS%2BETNC_Report_2026_WEB%20%281%29.pdf,C:\Users\WINDOWS\OneDrive\知识库\智库信息爬虫\国际主要科技智库观点演变_研判\03_证据底稿\原文PDF\L-6107A40D28.pdf,C:\Users\WINDOWS\OneDrive\知识库\智库信息爬虫\国际主要科技智库观点演变_研判\03_证据底稿\文本\L-6107A40D28.txt,C:\Users\WINDOWS\OneDrive\知识库\智库信息爬虫\国际主要科技智库观点演变_研判\03_证据底稿\切片\L-6107A40D28.md,4138991,93d3bece83a7e8e7276904615a74e57de10b5011d813a0de36a48e36acf49199,196,571094,关联既有官方PDF,,2026-08-22
