主题标签,科技关联层级,报告ID,发布日期,观察窗,报告名称,资料角色,本地原始资产,本地文本,官方落地页,本地状态
欧洲科技产业与经济安全政策,核心科技直接材料,C-BRUEGEL-16EDCF0FA3,2016-12-07,W1,Policy and Politics in the Era of the Industrial Internet: How the Digital Transformation Will Change the Political Arena,作者/项目正式研究,C:\Users\WINDOWS\OneDrive\知识库\智库信息爬虫\国际主要科技智库观点演变_研判\03_证据底稿\网页文本\C-BRUEGEL-16EDCF0FA3.txt,C:\Users\WINDOWS\OneDrive\知识库\智库信息爬虫\国际主要科技智库观点演变_研判\03_证据底稿\网页文本\C-BRUEGEL-16EDCF0FA3.txt,https://www.bruegel.org/report/policy-and-politics-era-industrial-internet-how-digital-transformation-will-change-political,官方网页全文已保存
芯片、关键技术与科研创新,核心科技直接材料,C-BRUEGEL-F301443862,2017-07-04,W1,The challenge of China’s rise as a science and technology powerhouse,作者/项目正式研究,C:\Users\WINDOWS\OneDrive\知识库\智库信息爬虫\国际主要科技智库观点演变_研判\03_证据底稿\原文PDF\C-BRUEGEL-F301443862.pdf,C:\Users\WINDOWS\OneDrive\知识库\智库信息爬虫\国际主要科技智库观点演变_研判\03_证据底稿\文本\C-BRUEGEL-F301443862.txt,https://www.bruegel.org/policy-brief/challenge-chinas-rise-science-and-technology-powerhouse,官方PDF已保存并校验
中国科技能力与中欧竞争合作,核心科技直接材料,C-BRUEGEL-F301443862,2017-07-04,W1,The challenge of China’s rise as a science and technology powerhouse,作者/项目正式研究,C:\Users\WINDOWS\OneDrive\知识库\智库信息爬虫\国际主要科技智库观点演变_研判\03_证据底稿\原文PDF\C-BRUEGEL-F301443862.pdf,C:\Users\WINDOWS\OneDrive\知识库\智库信息爬虫\国际主要科技智库观点演变_研判\03_证据底稿\文本\C-BRUEGEL-F301443862.txt,https://www.bruegel.org/policy-brief/challenge-chinas-rise-science-and-technology-powerhouse,官方PDF已保存并校验
芯片、关键技术与科研创新,核心科技直接材料,C-BRUEGEL-0C9F1A846B,2017-10-02,W1,An innovation deficit behind Europe’s overall productivity slowdown?,作者/项目正式研究,C:\Users\WINDOWS\OneDrive\知识库\智库信息爬虫\国际主要科技智库观点演变_研判\03_证据底稿\网页文本\C-BRUEGEL-0C9F1A846B.txt,C:\Users\WINDOWS\OneDrive\知识库\智库信息爬虫\国际主要科技智库观点演变_研判\03_证据底稿\网页文本\C-BRUEGEL-0C9F1A846B.txt,https://www.bruegel.org/report/innovation-deficit-behind-europes-overall-productivity-slowdown,官方网页全文已保存
机器人、自动化与技术就业,核心科技直接材料,C-BRUEGEL-A895B41E41,2018-04-18,W1,The impact of industrial robots on EU employment and wages: A local labour market approach,作者/项目正式研究,C:\Users\WINDOWS\OneDrive\知识库\智库信息爬虫\国际主要科技智库观点演变_研判\03_证据底稿\原文PDF\C-BRUEGEL-A895B41E41.pdf,C:\Users\WINDOWS\OneDrive\知识库\智库信息爬虫\国际主要科技智库观点演变_研判\03_证据底稿\文本\C-BRUEGEL-A895B41E41.txt,https://www.bruegel.org/working-paper/impact-industrial-robots-eu-employment-and-wages-local-labour-market-approach,官方PDF已保存并校验
人工智能、算力与数字技术,核心科技直接材料,C-BRUEGEL-28FF66A1D4,2018-05-17,W1,How big is China’s digital economy?,作者/项目正式研究,C:\Users\WINDOWS\OneDrive\知识库\智库信息爬虫\国际主要科技智库观点演变_研判\03_证据底稿\原文PDF\C-BRUEGEL-28FF66A1D4.pdf,C:\Users\WINDOWS\OneDrive\知识库\智库信息爬虫\国际主要科技智库观点演变_研判\03_证据底稿\文本\C-BRUEGEL-28FF66A1D4.txt,https://www.bruegel.org/working-paper/how-big-chinas-digital-economy,官方PDF已保存并校验
中国科技能力与中欧竞争合作,核心科技直接材料,C-BRUEGEL-28FF66A1D4,2018-05-17,W1,How big is China’s digital economy?,作者/项目正式研究,C:\Users\WINDOWS\OneDrive\知识库\智库信息爬虫\国际主要科技智库观点演变_研判\03_证据底稿\原文PDF\C-BRUEGEL-28FF66A1D4.pdf,C:\Users\WINDOWS\OneDrive\知识库\智库信息爬虫\国际主要科技智库观点演变_研判\03_证据底稿\文本\C-BRUEGEL-28FF66A1D4.txt,https://www.bruegel.org/working-paper/how-big-chinas-digital-economy,官方PDF已保存并校验
芯片、关键技术与科研创新,核心科技直接材料,C-BRUEGEL-1797DCFDC2,2018-08-07,W1,Export and patent specialization in low carbon technologies,作者/项目正式研究,C:\Users\WINDOWS\OneDrive\知识库\智库信息爬虫\国际主要科技智库观点演变_研判\03_证据底稿\网页文本\C-BRUEGEL-1797DCFDC2.txt,C:\Users\WINDOWS\OneDrive\知识库\智库信息爬虫\国际主要科技智库观点演变_研判\03_证据底稿\网页文本\C-BRUEGEL-1797DCFDC2.txt,https://www.bruegel.org/report/export-and-patent-specialization-low-carbon-technologies,官方网页全文已保存
清洁技术、能源与绿色产业,核心科技直接材料,C-BRUEGEL-1797DCFDC2,2018-08-07,W1,Export and patent specialization in low carbon technologies,作者/项目正式研究,C:\Users\WINDOWS\OneDrive\知识库\智库信息爬虫\国际主要科技智库观点演变_研判\03_证据底稿\网页文本\C-BRUEGEL-1797DCFDC2.txt,C:\Users\WINDOWS\OneDrive\知识库\智库信息爬虫\国际主要科技智库观点演变_研判\03_证据底稿\网页文本\C-BRUEGEL-1797DCFDC2.txt,https://www.bruegel.org/report/export-and-patent-specialization-low-carbon-technologies,官方网页全文已保存
清洁技术、能源与绿色产业,核心科技直接材料,C-BRUEGEL-55838288A1,2018-10-03,W1,The impact of global decarbonisation policies and technological improvements on oil and gas producing countries in the Middle East and North Africa,作者/项目正式研究,C:\Users\WINDOWS\OneDrive\知识库\智库信息爬虫\国际主要科技智库观点演变_研判\03_证据底稿\网页文本\C-BRUEGEL-55838288A1.txt,C:\Users\WINDOWS\OneDrive\知识库\智库信息爬虫\国际主要科技智库观点演变_研判\03_证据底稿\网页文本\C-BRUEGEL-55838288A1.txt,https://www.bruegel.org/report/impact-global-decarbonisation-policies-and-technological-improvements-oil-and-gas-producing,官方网页全文已保存
清洁技术、能源与绿色产业,科技产业与经济安全基线,C-BRUEGEL-B389F75D31,2018-12-20,W1,Is the European automotive industry ready for the global electric vehicle revolution?,作者/项目正式研究,C:\Users\WINDOWS\OneDrive\知识库\智库信息爬虫\国际主要科技智库观点演变_研判\03_证据底稿\原文PDF\C-BRUEGEL-B389F75D31.pdf,C:\Users\WINDOWS\OneDrive\知识库\智库信息爬虫\国际主要科技智库观点演变_研判\03_证据底稿\文本\C-BRUEGEL-B389F75D31.txt,https://www.bruegel.org/policy-brief/european-automotive-industry-ready-global-electric-vehicle-revolution,官方PDF已保存并校验
欧洲科技产业与经济安全政策,核心科技直接材料,C-BRUEGEL-5C765C33B5,2019-09-12,W2,Hybrid and cybersecurity threats and the European Union’s financial system,作者/项目正式研究,C:\Users\WINDOWS\OneDrive\知识库\智库信息爬虫\国际主要科技智库观点演变_研判\03_证据底稿\原文PDF\C-BRUEGEL-5C765C33B5.pdf,C:\Users\WINDOWS\OneDrive\知识库\智库信息爬虫\国际主要科技智库观点演变_研判\03_证据底稿\文本\C-BRUEGEL-5C765C33B5.txt,https://www.bruegel.org/policy-brief/hybrid-and-cybersecurity-threats-and-european-unions-financial-system,官方PDF已保存并校验
人工智能、算力与数字技术,核心科技直接材料,C-BRUEGEL-7E330CE417,2019-12-11,W2,Bridging the divide: new evidence about firms and digitalisation,作者/项目正式研究,C:\Users\WINDOWS\OneDrive\知识库\智库信息爬虫\国际主要科技智库观点演变_研判\03_证据底稿\原文PDF\C-BRUEGEL-7E330CE417.pdf,C:\Users\WINDOWS\OneDrive\知识库\智库信息爬虫\国际主要科技智库观点演变_研判\03_证据底稿\文本\C-BRUEGEL-7E330CE417.txt,https://www.bruegel.org/policy-brief/bridging-divide-new-evidence-about-firms-and-digitalisation,官方PDF已保存并校验
欧洲科技产业与经济安全政策,核心科技直接材料,C-BRUEGEL-80BF6143DA,2020-02-06,W2,From climate change to cyber attacks: Incipient financial-stability risks for the euro area,作者/项目正式研究,C:\Users\WINDOWS\OneDrive\知识库\智库信息爬虫\国际主要科技智库观点演变_研判\03_证据底稿\原文PDF\C-BRUEGEL-80BF6143DA.pdf,C:\Users\WINDOWS\OneDrive\知识库\智库信息爬虫\国际主要科技智库观点演变_研判\03_证据底稿\文本\C-BRUEGEL-80BF6143DA.txt,https://www.bruegel.org/policy-brief/climate-change-cyber-attacks-incipient-financial-stability-risks-euro-area,官方PDF已保存并校验
人工智能、算力与数字技术,核心科技直接材料,C-BRUEGEL-2ED891EDE7,2020-06-15,W2,"Occupational change, artificial intelligence and the geography of EU labour markets",作者/项目正式研究,C:\Users\WINDOWS\OneDrive\知识库\智库信息爬虫\国际主要科技智库观点演变_研判\03_证据底稿\原文PDF\C-BRUEGEL-2ED891EDE7.pdf,C:\Users\WINDOWS\OneDrive\知识库\智库信息爬虫\国际主要科技智库观点演变_研判\03_证据底稿\文本\C-BRUEGEL-2ED891EDE7.txt,https://www.bruegel.org/working-paper/occupational-change-artificial-intelligence-and-geography-eu-labour-markets,官方PDF已保存并校验
机器人、自动化与技术就业,核心科技直接材料,C-BRUEGEL-2ED891EDE7,2020-06-15,W2,"Occupational change, artificial intelligence and the geography of EU labour markets",作者/项目正式研究,C:\Users\WINDOWS\OneDrive\知识库\智库信息爬虫\国际主要科技智库观点演变_研判\03_证据底稿\原文PDF\C-BRUEGEL-2ED891EDE7.pdf,C:\Users\WINDOWS\OneDrive\知识库\智库信息爬虫\国际主要科技智库观点演变_研判\03_证据底稿\文本\C-BRUEGEL-2ED891EDE7.txt,https://www.bruegel.org/working-paper/occupational-change-artificial-intelligence-and-geography-eu-labour-markets,官方PDF已保存并校验
清洁技术、能源与绿色产业,核心科技直接材料,C-BRUEGEL-374D2192EC,2020-11-26,W2,Understanding the European Union’s regional potential in low-carbon technologies,作者/项目正式研究,C:\Users\WINDOWS\OneDrive\知识库\智库信息爬虫\国际主要科技智库观点演变_研判\03_证据底稿\原文PDF\C-BRUEGEL-374D2192EC.pdf,C:\Users\WINDOWS\OneDrive\知识库\智库信息爬虫\国际主要科技智库观点演变_研判\03_证据底稿\文本\C-BRUEGEL-374D2192EC.txt,https://www.bruegel.org/working-paper/understanding-european-unions-regional-potential-low-carbon-technologies,官方PDF已保存并校验
工业政策、产业能力与竞争力,科技产业与经济安全基线,C-BRUEGEL-891C4F2E3F,2020-12-17,W2,A green industrial policy for Europe,作者/项目正式研究,C:\Users\WINDOWS\OneDrive\知识库\智库信息爬虫\国际主要科技智库观点演变_研判\03_证据底稿\原文PDF\C-BRUEGEL-891C4F2E3F.pdf,C:\Users\WINDOWS\OneDrive\知识库\智库信息爬虫\国际主要科技智库观点演变_研判\03_证据底稿\文本\C-BRUEGEL-891C4F2E3F.txt,https://www.bruegel.org/blueprint/green-industrial-policy-europe,官方PDF已保存并校验
芯片、关键技术与科研创新,核心科技直接材料,C-BRUEGEL-BEF3CFF83F,2021-05-10,W2,Research and innovation policies and productivity growth,作者/项目正式研究,C:\Users\WINDOWS\OneDrive\知识库\智库信息爬虫\国际主要科技智库观点演变_研判\03_证据底稿\原文PDF\C-BRUEGEL-BEF3CFF83F.pdf,C:\Users\WINDOWS\OneDrive\知识库\智库信息爬虫\国际主要科技智库观点演变_研判\03_证据底稿\文本\C-BRUEGEL-BEF3CFF83F.txt,https://www.bruegel.org/working-paper/research-and-innovation-policies-and-productivity-growth,官方PDF已保存并校验
清洁技术、能源与绿色产业,核心科技直接材料,C-BRUEGEL-89AE02C0E4,2021-07-01,W2,Commercialisation contracts: European support for low-carbon technology deployment,作者/项目正式研究,C:\Users\WINDOWS\OneDrive\知识库\智库信息爬虫\国际主要科技智库观点演变_研判\03_证据底稿\原文PDF\C-BRUEGEL-89AE02C0E4.pdf,C:\Users\WINDOWS\OneDrive\知识库\智库信息爬虫\国际主要科技智库观点演变_研判\03_证据底稿\文本\C-BRUEGEL-89AE02C0E4.txt,https://www.bruegel.org/policy-brief/commercialisation-contracts-european-support-low-carbon-technology-deployment,官方PDF已保存并校验
芯片、关键技术与科研创新,核心科技直接材料,S-BR-2021-01,2021-07-15,W2,A new direction for the European Union’s half-hearted semiconductor strategy,作者/项目正式研究,C:\Users\WINDOWS\OneDrive\知识库\智库信息爬虫\国际主要科技智库观点演变_研判\03_证据底稿\原文PDF\S-BR-2021-01.pdf,C:\Users\WINDOWS\OneDrive\知识库\智库信息爬虫\国际主要科技智库观点演变_研判\03_证据底稿\文本\S-BR-2021-01.txt,https://www.bruegel.org/policy-brief/new-direction-european-unions-half-hearted-semiconductor-strategy,复用库内既有资产
人工智能、算力与数字技术,核心科技直接材料,C-BRUEGEL-E2AFF05D1C,2021-11-17,W2,Biometric technologies at work: a proposed use-based taxonomy,作者/项目正式研究,C:\Users\WINDOWS\OneDrive\知识库\智库信息爬虫\国际主要科技智库观点演变_研判\03_证据底稿\原文PDF\C-BRUEGEL-E2AFF05D1C.pdf,C:\Users\WINDOWS\OneDrive\知识库\智库信息爬虫\国际主要科技智库观点演变_研判\03_证据底稿\文本\C-BRUEGEL-E2AFF05D1C.txt,https://www.bruegel.org/policy-brief/biometric-technologies-work-proposed-use-based-taxonomy,官方PDF已保存并校验
人工智能、算力与数字技术,核心科技直接材料,C-BRUEGEL-ACC6129DA5,2021-11-30,W2,What is holding back artificial intelligence adoption in Europe?,作者/项目正式研究,C:\Users\WINDOWS\OneDrive\知识库\智库信息爬虫\国际主要科技智库观点演变_研判\03_证据底稿\原文PDF\C-BRUEGEL-ACC6129DA5.pdf,C:\Users\WINDOWS\OneDrive\知识库\智库信息爬虫\国际主要科技智库观点演变_研判\03_证据底稿\文本\C-BRUEGEL-ACC6129DA5.txt,https://www.bruegel.org/policy-brief/what-holding-back-artificial-intelligence-adoption-europe,官方PDF已保存并校验
人工智能、算力与数字技术,核心科技直接材料,C-BRUEGEL-CF42C48F87,2021-12-16,W2,Market power and artificial intelligence work on online labour markets,作者/项目正式研究,C:\Users\WINDOWS\OneDrive\知识库\智库信息爬虫\国际主要科技智库观点演变_研判\03_证据底稿\原文PDF\C-BRUEGEL-CF42C48F87.pdf,C:\Users\WINDOWS\OneDrive\知识库\智库信息爬虫\国际主要科技智库观点演变_研判\03_证据底稿\文本\C-BRUEGEL-CF42C48F87.txt,https://www.bruegel.org/working-paper/market-power-and-artificial-intelligence-work-online-labour-markets,官方PDF已保存并校验
机器人、自动化与技术就业,核心科技直接材料,C-BRUEGEL-CF42C48F87,2021-12-16,W2,Market power and artificial intelligence work on online labour markets,作者/项目正式研究,C:\Users\WINDOWS\OneDrive\知识库\智库信息爬虫\国际主要科技智库观点演变_研判\03_证据底稿\原文PDF\C-BRUEGEL-CF42C48F87.pdf,C:\Users\WINDOWS\OneDrive\知识库\智库信息爬虫\国际主要科技智库观点演变_研判\03_证据底稿\文本\C-BRUEGEL-CF42C48F87.txt,https://www.bruegel.org/working-paper/market-power-and-artificial-intelligence-work-online-labour-markets,官方PDF已保存并校验
人工智能、算力与数字技术,核心科技直接材料,C-BRUEGEL-A382B592F3,2022-07-26,W3,The impact of artificial intelligence on the nature and quality of jobs,作者/项目正式研究,C:\Users\WINDOWS\OneDrive\知识库\智库信息爬虫\国际主要科技智库观点演变_研判\03_证据底稿\网页文本\C-BRUEGEL-A382B592F3.txt,C:\Users\WINDOWS\OneDrive\知识库\智库信息爬虫\国际主要科技智库观点演变_研判\03_证据底稿\网页文本\C-BRUEGEL-A382B592F3.txt,https://www.bruegel.org/working-paper/impact-artificial-intelligence-nature-and-quality-jobs,官方网页全文已保存
机器人、自动化与技术就业,核心科技直接材料,C-BRUEGEL-A382B592F3,2022-07-26,W3,The impact of artificial intelligence on the nature and quality of jobs,作者/项目正式研究,C:\Users\WINDOWS\OneDrive\知识库\智库信息爬虫\国际主要科技智库观点演变_研判\03_证据底稿\网页文本\C-BRUEGEL-A382B592F3.txt,C:\Users\WINDOWS\OneDrive\知识库\智库信息爬虫\国际主要科技智库观点演变_研判\03_证据底稿\网页文本\C-BRUEGEL-A382B592F3.txt,https://www.bruegel.org/working-paper/impact-artificial-intelligence-nature-and-quality-jobs,官方网页全文已保存
人工智能、算力与数字技术,核心科技直接材料,C-BRUEGEL-F49B7A7228,2022-08-30,W3,A gender perspective on artificial intelligence and jobs: The vicious cycle of digital inequality,作者/项目正式研究,C:\Users\WINDOWS\OneDrive\知识库\智库信息爬虫\国际主要科技智库观点演变_研判\03_证据底稿\网页文本\C-BRUEGEL-F49B7A7228.txt,C:\Users\WINDOWS\OneDrive\知识库\智库信息爬虫\国际主要科技智库观点演变_研判\03_证据底稿\网页文本\C-BRUEGEL-F49B7A7228.txt,https://www.bruegel.org/working-paper/gender-perspective-artificial-intelligence-and-jobs-vicious-cycle-digital-inequality,官方网页全文已保存
机器人、自动化与技术就业,核心科技直接材料,C-BRUEGEL-F49B7A7228,2022-08-30,W3,A gender perspective on artificial intelligence and jobs: The vicious cycle of digital inequality,作者/项目正式研究,C:\Users\WINDOWS\OneDrive\知识库\智库信息爬虫\国际主要科技智库观点演变_研判\03_证据底稿\网页文本\C-BRUEGEL-F49B7A7228.txt,C:\Users\WINDOWS\OneDrive\知识库\智库信息爬虫\国际主要科技智库观点演变_研判\03_证据底稿\网页文本\C-BRUEGEL-F49B7A7228.txt,https://www.bruegel.org/working-paper/gender-perspective-artificial-intelligence-and-jobs-vicious-cycle-digital-inequality,官方网页全文已保存
芯片、关键技术与科研创新,核心科技直接材料,C-BRUEGEL-5A9EDA7B6D,2022-11-18,W3,Lessons for Europe from China’s quest for semiconductor self-reliance,作者/项目正式研究,C:\Users\WINDOWS\OneDrive\知识库\智库信息爬虫\国际主要科技智库观点演变_研判\03_证据底稿\原文PDF\C-BRUEGEL-5A9EDA7B6D.pdf,C:\Users\WINDOWS\OneDrive\知识库\智库信息爬虫\国际主要科技智库观点演变_研判\03_证据底稿\文本\C-BRUEGEL-5A9EDA7B6D.txt,https://www.bruegel.org/policy-brief/lessons-europe-chinas-quest-semiconductor-self-reliance,官方PDF已保存并校验
中国科技能力与中欧竞争合作,核心科技直接材料,C-BRUEGEL-5A9EDA7B6D,2022-11-18,W3,Lessons for Europe from China’s quest for semiconductor self-reliance,作者/项目正式研究,C:\Users\WINDOWS\OneDrive\知识库\智库信息爬虫\国际主要科技智库观点演变_研判\03_证据底稿\原文PDF\C-BRUEGEL-5A9EDA7B6D.pdf,C:\Users\WINDOWS\OneDrive\知识库\智库信息爬虫\国际主要科技智库观点演变_研判\03_证据底稿\文本\C-BRUEGEL-5A9EDA7B6D.txt,https://www.bruegel.org/policy-brief/lessons-europe-chinas-quest-semiconductor-self-reliance,官方PDF已保存并校验
欧洲科技产业与经济安全政策,核心科技直接材料,C-BRUEGEL-3A50B158F3,2022-12-12,W3,The European Health Data Space,作者/项目正式研究,C:\Users\WINDOWS\OneDrive\知识库\智库信息爬虫\国际主要科技智库观点演变_研判\03_证据底稿\网页文本\C-BRUEGEL-3A50B158F3.txt,C:\Users\WINDOWS\OneDrive\知识库\智库信息爬虫\国际主要科技智库观点演变_研判\03_证据底稿\网页文本\C-BRUEGEL-3A50B158F3.txt,https://www.bruegel.org/report/european-health-data-space,官方网页全文已保存
欧洲科技产业与经济安全政策,核心科技直接材料,C-BRUEGEL-7067A07E7D,2023-01-09,W3,Pro- and anti-competitive provisions in the proposed European Union Data Act,作者/项目正式研究,C:\Users\WINDOWS\OneDrive\知识库\智库信息爬虫\国际主要科技智库观点演变_研判\03_证据底稿\网页文本\C-BRUEGEL-7067A07E7D.txt,C:\Users\WINDOWS\OneDrive\知识库\智库信息爬虫\国际主要科技智库观点演变_研判\03_证据底稿\网页文本\C-BRUEGEL-7067A07E7D.txt,https://www.bruegel.org/working-paper/pro-and-anti-competitive-provisions-proposed-european-union-data-act,官方网页全文已保存
人工智能、算力与数字技术,核心科技直接材料,C-BRUEGEL-50E9D330BF,2023-01-23,W3,The hidden inequalities of digitalisation in the  post-pandemic context,作者/项目正式研究,C:\Users\WINDOWS\OneDrive\知识库\智库信息爬虫\国际主要科技智库观点演变_研判\03_证据底稿\网页文本\C-BRUEGEL-50E9D330BF.txt,C:\Users\WINDOWS\OneDrive\知识库\智库信息爬虫\国际主要科技智库观点演变_研判\03_证据底稿\网页文本\C-BRUEGEL-50E9D330BF.txt,https://www.bruegel.org/working-paper/hidden-inequalities-digitalisation-post-pandemic-context,官方网页全文已保存
机器人、自动化与技术就业,核心科技直接材料,C-BRUEGEL-50E9D330BF,2023-01-23,W3,The hidden inequalities of digitalisation in the  post-pandemic context,作者/项目正式研究,C:\Users\WINDOWS\OneDrive\知识库\智库信息爬虫\国际主要科技智库观点演变_研判\03_证据底稿\网页文本\C-BRUEGEL-50E9D330BF.txt,C:\Users\WINDOWS\OneDrive\知识库\智库信息爬虫\国际主要科技智库观点演变_研判\03_证据底稿\网页文本\C-BRUEGEL-50E9D330BF.txt,https://www.bruegel.org/working-paper/hidden-inequalities-digitalisation-post-pandemic-context,官方网页全文已保存
人工智能、算力与数字技术,核心科技直接材料,C-BRUEGEL-DA99B61B38,2023-03-09,W3,Artificial intelligence: how to get the most from the labour-productivity boost,作者/项目正式研究,C:\Users\WINDOWS\OneDrive\知识库\智库信息爬虫\国际主要科技智库观点演变_研判\03_证据底稿\原文PDF\C-BRUEGEL-DA99B61B38.pdf,C:\Users\WINDOWS\OneDrive\知识库\智库信息爬虫\国际主要科技智库观点演变_研判\03_证据底稿\文本\C-BRUEGEL-DA99B61B38.txt,https://www.bruegel.org/analysis/artificial-intelligence-how-get-most-labour-productivity-boost,官方PDF已保存并校验
机器人、自动化与技术就业,核心科技直接材料,C-BRUEGEL-DA99B61B38,2023-03-09,W3,Artificial intelligence: how to get the most from the labour-productivity boost,作者/项目正式研究,C:\Users\WINDOWS\OneDrive\知识库\智库信息爬虫\国际主要科技智库观点演变_研判\03_证据底稿\原文PDF\C-BRUEGEL-DA99B61B38.pdf,C:\Users\WINDOWS\OneDrive\知识库\智库信息爬虫\国际主要科技智库观点演变_研判\03_证据底稿\文本\C-BRUEGEL-DA99B61B38.txt,https://www.bruegel.org/analysis/artificial-intelligence-how-get-most-labour-productivity-boost,官方PDF已保存并校验
人工智能、算力与数字技术,核心科技直接材料,C-BRUEGEL-8A4E6A09F8,2023-03-14,W3,A high-level view of the impact of AI on the workforce,作者/项目正式研究,C:\Users\WINDOWS\OneDrive\知识库\智库信息爬虫\国际主要科技智库观点演变_研判\03_证据底稿\原文PDF\C-BRUEGEL-8A4E6A09F8.pdf,C:\Users\WINDOWS\OneDrive\知识库\智库信息爬虫\国际主要科技智库观点演变_研判\03_证据底稿\文本\C-BRUEGEL-8A4E6A09F8.txt,https://www.bruegel.org/analysis/high-level-view-impact-ai-workforce,官方PDF已保存并校验
机器人、自动化与技术就业,核心科技直接材料,C-BRUEGEL-8A4E6A09F8,2023-03-14,W3,A high-level view of the impact of AI on the workforce,作者/项目正式研究,C:\Users\WINDOWS\OneDrive\知识库\智库信息爬虫\国际主要科技智库观点演变_研判\03_证据底稿\原文PDF\C-BRUEGEL-8A4E6A09F8.pdf,C:\Users\WINDOWS\OneDrive\知识库\智库信息爬虫\国际主要科技智库观点演变_研判\03_证据底稿\文本\C-BRUEGEL-8A4E6A09F8.txt,https://www.bruegel.org/analysis/high-level-view-impact-ai-workforce,官方PDF已保存并校验
人工智能、算力与数字技术,核心科技直接材料,C-BRUEGEL-FF9A4EB37E,2023-03-16,W3,Artificial intelligence adoption in the public sector: a case study,作者/项目正式研究,C:\Users\WINDOWS\OneDrive\知识库\智库信息爬虫\国际主要科技智库观点演变_研判\03_证据底稿\网页文本\C-BRUEGEL-FF9A4EB37E.txt,C:\Users\WINDOWS\OneDrive\知识库\智库信息爬虫\国际主要科技智库观点演变_研判\03_证据底稿\网页文本\C-BRUEGEL-FF9A4EB37E.txt,https://www.bruegel.org/working-paper/artificial-intelligence-adoption-public-sector-case-study,官方网页全文已保存
人工智能、算力与数字技术,核心科技直接材料,C-BRUEGEL-0E69452490,2023-04-06,W3,China’s 2023 work report and what it means: an AI post-mortem,作者/项目正式研究,C:\Users\WINDOWS\OneDrive\知识库\智库信息爬虫\国际主要科技智库观点演变_研判\03_证据底稿\原文PDF\C-BRUEGEL-0E69452490.pdf,C:\Users\WINDOWS\OneDrive\知识库\智库信息爬虫\国际主要科技智库观点演变_研判\03_证据底稿\文本\C-BRUEGEL-0E69452490.txt,https://www.bruegel.org/analysis/chinas-2023-work-report-and-what-it-means-ai-post-mortem,官方PDF已保存并校验
中国科技能力与中欧竞争合作,核心科技直接材料,C-BRUEGEL-0E69452490,2023-04-06,W3,China’s 2023 work report and what it means: an AI post-mortem,作者/项目正式研究,C:\Users\WINDOWS\OneDrive\知识库\智库信息爬虫\国际主要科技智库观点演变_研判\03_证据底稿\原文PDF\C-BRUEGEL-0E69452490.pdf,C:\Users\WINDOWS\OneDrive\知识库\智库信息爬虫\国际主要科技智库观点演变_研判\03_证据底稿\文本\C-BRUEGEL-0E69452490.txt,https://www.bruegel.org/analysis/chinas-2023-work-report-and-what-it-means-ai-post-mortem,官方PDF已保存并校验
清洁技术、能源与绿色产业,核心科技直接材料,C-BRUEGEL-4F38CB199F,2023-05-17,W3,Cleantech manufacturing: where does Europe really stand?,作者/项目正式研究,C:\Users\WINDOWS\OneDrive\知识库\智库信息爬虫\国际主要科技智库观点演变_研判\03_证据底稿\原文PDF\C-BRUEGEL-4F38CB199F.pdf,C:\Users\WINDOWS\OneDrive\知识库\智库信息爬虫\国际主要科技智库观点演变_研判\03_证据底稿\文本\C-BRUEGEL-4F38CB199F.txt,https://www.bruegel.org/analysis/cleantech-manufacturing-where-does-europe-really-stand-0,官方PDF已保存并校验
供应链、技术管制与经济安全,科技产业与经济安全基线,C-BRUEGEL-E870E3ACD4,2023-06-18,W3,Resilience of Global Supply Chain: Facts and Implications,作者/项目正式研究,C:\Users\WINDOWS\OneDrive\知识库\智库信息爬虫\国际主要科技智库观点演变_研判\03_证据底稿\网页文本\C-BRUEGEL-E870E3ACD4.txt,C:\Users\WINDOWS\OneDrive\知识库\智库信息爬虫\国际主要科技智库观点演变_研判\03_证据底稿\网页文本\C-BRUEGEL-E870E3ACD4.txt,https://www.bruegel.org/report/resilience-global-supply-chain-facts-and-implications-0,官方网页全文已保存
供应链、技术管制与经济安全,科技产业与经济安全基线,C-BRUEGEL-D95DD06482,2023-06-27,W3,Resilience of Global Supply Chain: Facts and Implications,作者/项目正式研究,C:\Users\WINDOWS\OneDrive\知识库\智库信息爬虫\国际主要科技智库观点演变_研判\03_证据底稿\网页文本\C-BRUEGEL-D95DD06482.txt,C:\Users\WINDOWS\OneDrive\知识库\智库信息爬虫\国际主要科技智库观点演变_研判\03_证据底稿\网页文本\C-BRUEGEL-D95DD06482.txt,https://www.bruegel.org/report/resilience-global-supply-chain-facts-and-implications,官方网页全文已保存
中国科技能力与中欧竞争合作,科技产业与经济安全基线,C-BRUEGEL-D95DD06482,2023-06-27,W3,Resilience of Global Supply Chain: Facts and Implications,作者/项目正式研究,C:\Users\WINDOWS\OneDrive\知识库\智库信息爬虫\国际主要科技智库观点演变_研判\03_证据底稿\网页文本\C-BRUEGEL-D95DD06482.txt,C:\Users\WINDOWS\OneDrive\知识库\智库信息爬虫\国际主要科技智库观点演变_研判\03_证据底稿\网页文本\C-BRUEGEL-D95DD06482.txt,https://www.bruegel.org/report/resilience-global-supply-chain-facts-and-implications,官方网页全文已保存
人工智能、算力与数字技术,核心科技直接材料,C-BRUEGEL-78C379A78D,2023-07-06,W3,What should be done about Google’s quasi-monopoly in search? Mandatory data sharing versus AI-driven technological competition,作者/项目正式研究,C:\Users\WINDOWS\OneDrive\知识库\智库信息爬虫\国际主要科技智库观点演变_研判\03_证据底稿\网页文本\C-BRUEGEL-78C379A78D.txt,C:\Users\WINDOWS\OneDrive\知识库\智库信息爬虫\国际主要科技智库观点演变_研判\03_证据底稿\网页文本\C-BRUEGEL-78C379A78D.txt,https://www.bruegel.org/working-paper/what-should-be-done-about-googles-quasi-monopoly-search-mandatory-data-sharing-versus,官方网页全文已保存
机器人、自动化与技术就业,核心科技直接材料,C-BRUEGEL-20544B17C5,2023-07-17,W3,"Globalisation and automation as sources of labour-market competition, and support for European Union unemployment insurance",作者/项目正式研究,C:\Users\WINDOWS\OneDrive\知识库\智库信息爬虫\国际主要科技智库观点演变_研判\03_证据底稿\网页文本\C-BRUEGEL-20544B17C5.txt,C:\Users\WINDOWS\OneDrive\知识库\智库信息爬虫\国际主要科技智库观点演变_研判\03_证据底稿\网页文本\C-BRUEGEL-20544B17C5.txt,https://www.bruegel.org/working-paper/globalisation-and-automation-sources-labour-market-competition-and-support-european,官方网页全文已保存
人工智能、算力与数字技术,核心科技直接材料,C-BRUEGEL-D85EFFE081,2023-07-18,W3,Competition in generative artificial intelligence foundation models,作者/项目正式研究,C:\Users\WINDOWS\OneDrive\知识库\智库信息爬虫\国际主要科技智库观点演变_研判\03_证据底稿\网页文本\C-BRUEGEL-D85EFFE081.txt,C:\Users\WINDOWS\OneDrive\知识库\智库信息爬虫\国际主要科技智库观点演变_研判\03_证据底稿\网页文本\C-BRUEGEL-D85EFFE081.txt,https://www.bruegel.org/working-paper/competition-generative-artificial-intelligence-foundation-models,官方网页全文已保存
人工智能、算力与数字技术,核心科技直接材料,C-BRUEGEL-7CD27DA969,2023-07-19,W3,Adapting the European Union AI Act to deal with generative artificial intelligence,作者/项目正式研究,C:\Users\WINDOWS\OneDrive\知识库\智库信息爬虫\国际主要科技智库观点演变_研判\03_证据底稿\原文PDF\C-BRUEGEL-7CD27DA969.pdf,C:\Users\WINDOWS\OneDrive\知识库\智库信息爬虫\国际主要科技智库观点演变_研判\03_证据底稿\文本\C-BRUEGEL-7CD27DA969.txt,https://www.bruegel.org/analysis/adapting-european-union-ai-act-deal-generative-artificial-intelligence,官方PDF已保存并校验
欧洲科技产业与经济安全政策,核心科技直接材料,C-BRUEGEL-954E1D074E,2023-10-09,W3,The emergence of non-personal data markets,作者/项目正式研究,C:\Users\WINDOWS\OneDrive\知识库\智库信息爬虫\国际主要科技智库观点演变_研判\03_证据底稿\网页文本\C-BRUEGEL-954E1D074E.txt,C:\Users\WINDOWS\OneDrive\知识库\智库信息爬虫\国际主要科技智库观点演变_研判\03_证据底稿\网页文本\C-BRUEGEL-954E1D074E.txt,https://www.bruegel.org/report/emergence-non-personal-data-markets,官方网页全文已保存
清洁技术、能源与绿色产业,科技产业与经济安全基线,C-BRUEGEL-C8D104B748,2023-10-26,W3,De-risking and decarbonising: a green tech partnership to reduce reliance on China,作者/项目正式研究,C:\Users\WINDOWS\OneDrive\知识库\智库信息爬虫\国际主要科技智库观点演变_研判\03_证据底稿\网页文本\C-BRUEGEL-C8D104B748.txt,C:\Users\WINDOWS\OneDrive\知识库\智库信息爬虫\国际主要科技智库观点演变_研判\03_证据底稿\网页文本\C-BRUEGEL-C8D104B748.txt,https://www.bruegel.org/policy-brief/de-risking-and-decarbonising-green-tech-partnership-reduce-reliance-china,官方网页全文已保存
供应链、技术管制与经济安全,科技产业与经济安全基线,C-BRUEGEL-C8D104B748,2023-10-26,W3,De-risking and decarbonising: a green tech partnership to reduce reliance on China,作者/项目正式研究,C:\Users\WINDOWS\OneDrive\知识库\智库信息爬虫\国际主要科技智库观点演变_研判\03_证据底稿\网页文本\C-BRUEGEL-C8D104B748.txt,C:\Users\WINDOWS\OneDrive\知识库\智库信息爬虫\国际主要科技智库观点演变_研判\03_证据底稿\网页文本\C-BRUEGEL-C8D104B748.txt,https://www.bruegel.org/policy-brief/de-risking-and-decarbonising-green-tech-partnership-reduce-reliance-china,官方网页全文已保存
中国科技能力与中欧竞争合作,科技产业与经济安全基线,C-BRUEGEL-C8D104B748,2023-10-26,W3,De-risking and decarbonising: a green tech partnership to reduce reliance on China,作者/项目正式研究,C:\Users\WINDOWS\OneDrive\知识库\智库信息爬虫\国际主要科技智库观点演变_研判\03_证据底稿\网页文本\C-BRUEGEL-C8D104B748.txt,C:\Users\WINDOWS\OneDrive\知识库\智库信息爬虫\国际主要科技智库观点演变_研判\03_证据底稿\网页文本\C-BRUEGEL-C8D104B748.txt,https://www.bruegel.org/policy-brief/de-risking-and-decarbonising-green-tech-partnership-reduce-reliance-china,官方网页全文已保存
人工智能、算力与数字技术,核心科技直接材料,C-BRUEGEL-2136D04955,2023-12-11,W3,The competitive relationship between cloud computing and generative AI,作者/项目正式研究,C:\Users\WINDOWS\OneDrive\知识库\智库信息爬虫\国际主要科技智库观点演变_研判\03_证据底稿\网页文本\C-BRUEGEL-2136D04955.txt,C:\Users\WINDOWS\OneDrive\知识库\智库信息爬虫\国际主要科技智库观点演变_研判\03_证据底稿\网页文本\C-BRUEGEL-2136D04955.txt,https://www.bruegel.org/working-paper/competitive-relationship-between-cloud-computing-and-generative-ai,官方网页全文已保存
人工智能、算力与数字技术,核心科技直接材料,C-BRUEGEL-8828A0B23F,2023-12-14,W3,"The value of skill complementarity, especially in artificial intelligence",作者/项目正式研究,C:\Users\WINDOWS\OneDrive\知识库\智库信息爬虫\国际主要科技智库观点演变_研判\03_证据底稿\原文PDF\C-BRUEGEL-8828A0B23F.pdf,C:\Users\WINDOWS\OneDrive\知识库\智库信息爬虫\国际主要科技智库观点演变_研判\03_证据底稿\文本\C-BRUEGEL-8828A0B23F.txt,https://www.bruegel.org/analysis/value-skill-complementarity-especially-artificial-intelligence,官方PDF已保存并校验
工业政策、产业能力与竞争力,科技产业与经济安全基线,C-BRUEGEL-1B2A3A025B,2023-12-14,W3,Investments in the sustainability transition: leveraging green industrial policy against emerging constraints,作者/项目正式研究,C:\Users\WINDOWS\OneDrive\知识库\智库信息爬虫\国际主要科技智库观点演变_研判\03_证据底稿\网页文本\C-BRUEGEL-1B2A3A025B.txt,C:\Users\WINDOWS\OneDrive\知识库\智库信息爬虫\国际主要科技智库观点演变_研判\03_证据底稿\网页文本\C-BRUEGEL-1B2A3A025B.txt,https://www.bruegel.org/report/investments-sustainability-transition-leveraging-green-industrial-policy-against-emerging,官方网页全文已保存
人工智能、算力与数字技术,核心科技直接材料,C-BRUEGEL-31AAFBE248,2023-12-14,W3,Skills or a degree? The rise of skills-based hiring for AI and green jobs,作者/项目正式研究,C:\Users\WINDOWS\OneDrive\知识库\智库信息爬虫\国际主要科技智库观点演变_研判\03_证据底稿\网页文本\C-BRUEGEL-31AAFBE248.txt,C:\Users\WINDOWS\OneDrive\知识库\智库信息爬虫\国际主要科技智库观点演变_研判\03_证据底稿\网页文本\C-BRUEGEL-31AAFBE248.txt,https://www.bruegel.org/working-paper/skills-or-degree-rise-skills-based-hiring-ai-and-green-jobs,官方网页全文已保存
机器人、自动化与技术就业,核心科技直接材料,C-BRUEGEL-31AAFBE248,2023-12-14,W3,Skills or a degree? The rise of skills-based hiring for AI and green jobs,作者/项目正式研究,C:\Users\WINDOWS\OneDrive\知识库\智库信息爬虫\国际主要科技智库观点演变_研判\03_证据底稿\网页文本\C-BRUEGEL-31AAFBE248.txt,C:\Users\WINDOWS\OneDrive\知识库\智库信息爬虫\国际主要科技智库观点演变_研判\03_证据底稿\网页文本\C-BRUEGEL-31AAFBE248.txt,https://www.bruegel.org/working-paper/skills-or-degree-rise-skills-based-hiring-ai-and-green-jobs,官方网页全文已保存
欧洲科技产业与经济安全政策,核心科技直接材料,C-BRUEGEL-1AE03F6DAA,2023-12-18,W3,Are new EU data market regulations coherent and efficient?,作者/项目正式研究,C:\Users\WINDOWS\OneDrive\知识库\智库信息爬虫\国际主要科技智库观点演变_研判\03_证据底稿\网页文本\C-BRUEGEL-1AE03F6DAA.txt,C:\Users\WINDOWS\OneDrive\知识库\智库信息爬虫\国际主要科技智库观点演变_研判\03_证据底稿\网页文本\C-BRUEGEL-1AE03F6DAA.txt,https://www.bruegel.org/working-paper/are-new-eu-data-market-regulations-coherent-and-efficient,官方网页全文已保存
工业政策、产业能力与竞争力,科技产业与经济安全基线,C-BRUEGEL-F5EC2DFDB1,2024-01-11,W3,Europe’s under-the-radar industrial policy: intervention in electricity pricing,作者/项目正式研究,C:\Users\WINDOWS\OneDrive\知识库\智库信息爬虫\国际主要科技智库观点演变_研判\03_证据底稿\网页文本\C-BRUEGEL-F5EC2DFDB1.txt,C:\Users\WINDOWS\OneDrive\知识库\智库信息爬虫\国际主要科技智库观点演变_研判\03_证据底稿\网页文本\C-BRUEGEL-F5EC2DFDB1.txt,https://www.bruegel.org/policy-brief/europes-under-radar-industrial-policy-intervention-electricity-pricing,官方网页全文已保存
机器人、自动化与技术就业,科技产业与经济安全基线,C-BRUEGEL-87E8A3E48A,2024-01-16,W3,Making industrial policy work: a case study on the European Battery Alliance Academy,作者/项目正式研究,C:\Users\WINDOWS\OneDrive\知识库\智库信息爬虫\国际主要科技智库观点演变_研判\03_证据底稿\网页文本\C-BRUEGEL-87E8A3E48A.txt,C:\Users\WINDOWS\OneDrive\知识库\智库信息爬虫\国际主要科技智库观点演变_研判\03_证据底稿\网页文本\C-BRUEGEL-87E8A3E48A.txt,https://www.bruegel.org/working-paper/making-industrial-policy-work-case-study-european-battery-alliance-academy,官方网页全文已保存
清洁技术、能源与绿色产业,科技产业与经济安全基线,C-BRUEGEL-87E8A3E48A,2024-01-16,W3,Making industrial policy work: a case study on the European Battery Alliance Academy,作者/项目正式研究,C:\Users\WINDOWS\OneDrive\知识库\智库信息爬虫\国际主要科技智库观点演变_研判\03_证据底稿\网页文本\C-BRUEGEL-87E8A3E48A.txt,C:\Users\WINDOWS\OneDrive\知识库\智库信息爬虫\国际主要科技智库观点演变_研判\03_证据底稿\网页文本\C-BRUEGEL-87E8A3E48A.txt,https://www.bruegel.org/working-paper/making-industrial-policy-work-case-study-european-battery-alliance-academy,官方网页全文已保存
工业政策、产业能力与竞争力,科技产业与经济安全基线,C-BRUEGEL-87E8A3E48A,2024-01-16,W3,Making industrial policy work: a case study on the European Battery Alliance Academy,作者/项目正式研究,C:\Users\WINDOWS\OneDrive\知识库\智库信息爬虫\国际主要科技智库观点演变_研判\03_证据底稿\网页文本\C-BRUEGEL-87E8A3E48A.txt,C:\Users\WINDOWS\OneDrive\知识库\智库信息爬虫\国际主要科技智库观点演变_研判\03_证据底稿\网页文本\C-BRUEGEL-87E8A3E48A.txt,https://www.bruegel.org/working-paper/making-industrial-policy-work-case-study-european-battery-alliance-academy,官方网页全文已保存
清洁技术、能源与绿色产业,科技产业与经济安全基线,C-BRUEGEL-B698EF9036,2024-02-08,W3,Smarter European Union industrial policy for solar panels,作者/项目正式研究,C:\Users\WINDOWS\OneDrive\知识库\智库信息爬虫\国际主要科技智库观点演变_研判\03_证据底稿\原文PDF\C-BRUEGEL-B698EF9036.pdf,C:\Users\WINDOWS\OneDrive\知识库\智库信息爬虫\国际主要科技智库观点演变_研判\03_证据底稿\文本\C-BRUEGEL-B698EF9036.txt,https://www.bruegel.org/policy-brief/smarter-european-union-industrial-policy-solar-panels,官方PDF已保存并校验
工业政策、产业能力与竞争力,科技产业与经济安全基线,C-BRUEGEL-B698EF9036,2024-02-08,W3,Smarter European Union industrial policy for solar panels,作者/项目正式研究,C:\Users\WINDOWS\OneDrive\知识库\智库信息爬虫\国际主要科技智库观点演变_研判\03_证据底稿\原文PDF\C-BRUEGEL-B698EF9036.pdf,C:\Users\WINDOWS\OneDrive\知识库\智库信息爬虫\国际主要科技智库观点演变_研判\03_证据底稿\文本\C-BRUEGEL-B698EF9036.txt,https://www.bruegel.org/policy-brief/smarter-european-union-industrial-policy-solar-panels,官方PDF已保存并校验
供应链、技术管制与经济安全,科技产业与经济安全基线,C-BRUEGEL-B698EF9036,2024-02-08,W3,Smarter European Union industrial policy for solar panels,作者/项目正式研究,C:\Users\WINDOWS\OneDrive\知识库\智库信息爬虫\国际主要科技智库观点演变_研判\03_证据底稿\原文PDF\C-BRUEGEL-B698EF9036.pdf,C:\Users\WINDOWS\OneDrive\知识库\智库信息爬虫\国际主要科技智库观点演变_研判\03_证据底稿\文本\C-BRUEGEL-B698EF9036.txt,https://www.bruegel.org/policy-brief/smarter-european-union-industrial-policy-solar-panels,官方PDF已保存并校验
供应链、技术管制与经济安全,科技产业与经济安全基线,C-BRUEGEL-8EB64D3ABF,2024-02-29,W3,Knowledge spillovers and geopolitical challenges in global supply chains,作者/项目正式研究,C:\Users\WINDOWS\OneDrive\知识库\智库信息爬虫\国际主要科技智库观点演变_研判\03_证据底稿\网页文本\C-BRUEGEL-8EB64D3ABF.txt,C:\Users\WINDOWS\OneDrive\知识库\智库信息爬虫\国际主要科技智库观点演变_研判\03_证据底稿\网页文本\C-BRUEGEL-8EB64D3ABF.txt,https://www.bruegel.org/working-paper/knowledge-spillovers-and-geopolitical-challenges-global-supply-chains,官方网页全文已保存
供应链、技术管制与经济安全,科技产业与经济安全基线,C-BRUEGEL-BA75E65214,2024-03-04,W3,Global supply chains: lessons from a decade of disruption,作者/项目正式研究,C:\Users\WINDOWS\OneDrive\知识库\智库信息爬虫\国际主要科技智库观点演变_研判\03_证据底稿\网页文本\C-BRUEGEL-BA75E65214.txt,C:\Users\WINDOWS\OneDrive\知识库\智库信息爬虫\国际主要科技智库观点演变_研判\03_证据底稿\网页文本\C-BRUEGEL-BA75E65214.txt,https://www.bruegel.org/working-paper/global-supply-chains-lessons-decade-disruption,官方网页全文已保存
人工智能、算力与数字技术,核心科技直接材料,C-BRUEGEL-48A1B2076A,2024-03-07,W3,The European Union AI Act: premature or precocious regulation?,作者/项目正式研究,C:\Users\WINDOWS\OneDrive\知识库\智库信息爬虫\国际主要科技智库观点演变_研判\03_证据底稿\原文PDF\C-BRUEGEL-48A1B2076A.pdf,C:\Users\WINDOWS\OneDrive\知识库\智库信息爬虫\国际主要科技智库观点演变_研判\03_证据底稿\文本\C-BRUEGEL-48A1B2076A.txt,https://www.bruegel.org/analysis/european-union-ai-act-premature-or-precocious-regulation,官方PDF已保存并校验
芯片、关键技术与科研创新,核心科技直接材料,C-BRUEGEL-48A1B2076A,2024-03-07,W3,The European Union AI Act: premature or precocious regulation?,作者/项目正式研究,C:\Users\WINDOWS\OneDrive\知识库\智库信息爬虫\国际主要科技智库观点演变_研判\03_证据底稿\原文PDF\C-BRUEGEL-48A1B2076A.pdf,C:\Users\WINDOWS\OneDrive\知识库\智库信息爬虫\国际主要科技智库观点演变_研判\03_证据底稿\文本\C-BRUEGEL-48A1B2076A.txt,https://www.bruegel.org/analysis/european-union-ai-act-premature-or-precocious-regulation,官方PDF已保存并校验
人工智能、算力与数字技术,核心科技直接材料,C-BRUEGEL-5F1BED8F18,2024-03-07,W3,Exposure to generative artificial intelligence in the European labour market,作者/项目正式研究,C:\Users\WINDOWS\OneDrive\知识库\智库信息爬虫\国际主要科技智库观点演变_研判\03_证据底稿\网页文本\C-BRUEGEL-5F1BED8F18.txt,C:\Users\WINDOWS\OneDrive\知识库\智库信息爬虫\国际主要科技智库观点演变_研判\03_证据底稿\网页文本\C-BRUEGEL-5F1BED8F18.txt,https://www.bruegel.org/working-paper/exposure-generative-artificial-intelligence-european-labour-market,官方网页全文已保存
机器人、自动化与技术就业,核心科技直接材料,C-BRUEGEL-5F1BED8F18,2024-03-07,W3,Exposure to generative artificial intelligence in the European labour market,作者/项目正式研究,C:\Users\WINDOWS\OneDrive\知识库\智库信息爬虫\国际主要科技智库观点演变_研判\03_证据底稿\网页文本\C-BRUEGEL-5F1BED8F18.txt,C:\Users\WINDOWS\OneDrive\知识库\智库信息爬虫\国际主要科技智库观点演变_研判\03_证据底稿\网页文本\C-BRUEGEL-5F1BED8F18.txt,https://www.bruegel.org/working-paper/exposure-generative-artificial-intelligence-european-labour-market,官方网页全文已保存
工业政策、产业能力与竞争力,科技产业与经济安全基线,C-BRUEGEL-592A005E95,2024-03-19,W3,"The European defence industrial strategy: important, but raising many questions",作者/项目正式研究,C:\Users\WINDOWS\OneDrive\知识库\智库信息爬虫\国际主要科技智库观点演变_研判\03_证据底稿\原文PDF\C-BRUEGEL-592A005E95.pdf,C:\Users\WINDOWS\OneDrive\知识库\智库信息爬虫\国际主要科技智库观点演变_研判\03_证据底稿\文本\C-BRUEGEL-592A005E95.txt,https://www.bruegel.org/analysis/european-defence-industrial-strategy-important-raising-many-questions,官方PDF已保存并校验
人工智能、算力与数字技术,核心科技直接材料,C-BRUEGEL-F4E8D54025,2024-04-08,W3,Inclusive digital economy:  a round-up of project research,作者/项目正式研究,C:\Users\WINDOWS\OneDrive\知识库\智库信息爬虫\国际主要科技智库观点演变_研判\03_证据底稿\原文PDF\C-BRUEGEL-F4E8D54025.pdf,C:\Users\WINDOWS\OneDrive\知识库\智库信息爬虫\国际主要科技智库观点演变_研判\03_证据底稿\文本\C-BRUEGEL-F4E8D54025.txt,https://www.bruegel.org/analysis/inclusive-digital-economy-round-project-research,官方PDF已保存并校验
机器人、自动化与技术就业,核心科技直接材料,C-BRUEGEL-F4E8D54025,2024-04-08,W3,Inclusive digital economy:  a round-up of project research,作者/项目正式研究,C:\Users\WINDOWS\OneDrive\知识库\智库信息爬虫\国际主要科技智库观点演变_研判\03_证据底稿\原文PDF\C-BRUEGEL-F4E8D54025.pdf,C:\Users\WINDOWS\OneDrive\知识库\智库信息爬虫\国际主要科技智库观点演变_研判\03_证据底稿\文本\C-BRUEGEL-F4E8D54025.txt,https://www.bruegel.org/analysis/inclusive-digital-economy-round-project-research,官方PDF已保存并校验
供应链、技术管制与经济安全,科技产业与经济安全基线,C-BRUEGEL-75429E4471,2024-04-30,W3,Using the financial system to enforce export controls,作者/项目正式研究,C:\Users\WINDOWS\OneDrive\知识库\智库信息爬虫\国际主要科技智库观点演变_研判\03_证据底稿\网页文本\C-BRUEGEL-75429E4471.txt,C:\Users\WINDOWS\OneDrive\知识库\智库信息爬虫\国际主要科技智库观点演变_研判\03_证据底稿\网页文本\C-BRUEGEL-75429E4471.txt,https://www.bruegel.org/working-paper/using-financial-system-enforce-export-controls,官方网页全文已保存
供应链、技术管制与经济安全,科技产业与经济安全基线,C-BRUEGEL-BD77BD3BD9,2024-05-02,W3,European Economic Security: Current practices and further development,作者/项目正式研究,C:\Users\WINDOWS\OneDrive\知识库\智库信息爬虫\国际主要科技智库观点演变_研判\03_证据底稿\网页文本\C-BRUEGEL-BD77BD3BD9.txt,C:\Users\WINDOWS\OneDrive\知识库\智库信息爬虫\国际主要科技智库观点演变_研判\03_证据底稿\网页文本\C-BRUEGEL-BD77BD3BD9.txt,https://www.bruegel.org/report/european-economic-security-current-practices-and-further-development,官方网页全文已保存
供应链、技术管制与经济安全,科技产业与经济安全基线,C-BRUEGEL-62C1AB965F,2024-05-06,W3,Paris report 2: Europe's economic security,作者/项目正式研究,C:\Users\WINDOWS\OneDrive\知识库\智库信息爬虫\国际主要科技智库观点演变_研判\03_证据底稿\网页文本\C-BRUEGEL-62C1AB965F.txt,C:\Users\WINDOWS\OneDrive\知识库\智库信息爬虫\国际主要科技智库观点演变_研判\03_证据底稿\网页文本\C-BRUEGEL-62C1AB965F.txt,https://www.bruegel.org/report/paris-report-2-europes-economic-security,官方网页全文已保存
供应链、技术管制与经济安全,科技产业与经济安全基线,C-BRUEGEL-F828C669C5,2024-05-07,W3,How to de-risk: European economic security in a world of interdependence,作者/项目正式研究,C:\Users\WINDOWS\OneDrive\知识库\智库信息爬虫\国际主要科技智库观点演变_研判\03_证据底稿\原文PDF\C-BRUEGEL-F828C669C5.pdf,C:\Users\WINDOWS\OneDrive\知识库\智库信息爬虫\国际主要科技智库观点演变_研判\03_证据底稿\文本\C-BRUEGEL-F828C669C5.txt,https://www.bruegel.org/policy-brief/how-de-risk-european-economic-security-world-interdependence,官方PDF已保存并校验
工业政策、产业能力与竞争力,科技产业与经济安全基线,C-BRUEGEL-1C9317B44B,2024-05-13,W3,Unpacking China’s industrial policy and its implications for Europe,作者/项目正式研究,C:\Users\WINDOWS\OneDrive\知识库\智库信息爬虫\国际主要科技智库观点演变_研判\03_证据底稿\网页文本\C-BRUEGEL-1C9317B44B.txt,C:\Users\WINDOWS\OneDrive\知识库\智库信息爬虫\国际主要科技智库观点演变_研判\03_证据底稿\网页文本\C-BRUEGEL-1C9317B44B.txt,https://www.bruegel.org/working-paper/unpacking-chinas-industrial-policy-and-its-implications-europe,官方网页全文已保存
中国科技能力与中欧竞争合作,科技产业与经济安全基线,C-BRUEGEL-1C9317B44B,2024-05-13,W3,Unpacking China’s industrial policy and its implications for Europe,作者/项目正式研究,C:\Users\WINDOWS\OneDrive\知识库\智库信息爬虫\国际主要科技智库观点演变_研判\03_证据底稿\网页文本\C-BRUEGEL-1C9317B44B.txt,C:\Users\WINDOWS\OneDrive\知识库\智库信息爬虫\国际主要科技智库观点演变_研判\03_证据底稿\网页文本\C-BRUEGEL-1C9317B44B.txt,https://www.bruegel.org/working-paper/unpacking-chinas-industrial-policy-and-its-implications-europe,官方网页全文已保存
清洁技术、能源与绿色产业,科技产业与经济安全基线,C-BRUEGEL-00820FFF6E,2024-05-16,W3,Rippling out: Biden’s tariffs on Chinese electric vehicles and their impact on Europe,作者/项目正式研究,C:\Users\WINDOWS\OneDrive\知识库\智库信息爬虫\国际主要科技智库观点演变_研判\03_证据底稿\原文PDF\C-BRUEGEL-00820FFF6E.pdf,C:\Users\WINDOWS\OneDrive\知识库\智库信息爬虫\国际主要科技智库观点演变_研判\03_证据底稿\文本\C-BRUEGEL-00820FFF6E.txt,https://www.bruegel.org/analysis/rippling-out-bidens-tariffs-chinese-electric-vehicles-and-their-impact-europe,官方PDF已保存并校验
中国科技能力与中欧竞争合作,科技产业与经济安全基线,C-BRUEGEL-00820FFF6E,2024-05-16,W3,Rippling out: Biden’s tariffs on Chinese electric vehicles and their impact on Europe,作者/项目正式研究,C:\Users\WINDOWS\OneDrive\知识库\智库信息爬虫\国际主要科技智库观点演变_研判\03_证据底稿\原文PDF\C-BRUEGEL-00820FFF6E.pdf,C:\Users\WINDOWS\OneDrive\知识库\智库信息爬虫\国际主要科技智库观点演变_研判\03_证据底稿\文本\C-BRUEGEL-00820FFF6E.txt,https://www.bruegel.org/analysis/rippling-out-bidens-tariffs-chinese-electric-vehicles-and-their-impact-europe,官方PDF已保存并校验
芯片、关键技术与科研创新,科技产业与经济安全基线,C-BRUEGEL-92E7EEAC96,2024-05-23,W3,"Research, innovation and data: a fifth freedom in the EU single market?",作者/项目正式研究,C:\Users\WINDOWS\OneDrive\知识库\智库信息爬虫\国际主要科技智库观点演变_研判\03_证据底稿\原文PDF\C-BRUEGEL-92E7EEAC96.pdf,C:\Users\WINDOWS\OneDrive\知识库\智库信息爬虫\国际主要科技智库观点演变_研判\03_证据底稿\文本\C-BRUEGEL-92E7EEAC96.txt,https://www.bruegel.org/analysis/research-innovation-and-data-fifth-freedom-eu-single-market,官方PDF已保存并校验
供应链、技术管制与经济安全,科技产业与经济安全基线,C-BRUEGEL-24AD1BE604,2024-05-23,W3,Instruments of economic security,作者/项目正式研究,C:\Users\WINDOWS\OneDrive\知识库\智库信息爬虫\国际主要科技智库观点演变_研判\03_证据底稿\网页文本\C-BRUEGEL-24AD1BE604.txt,C:\Users\WINDOWS\OneDrive\知识库\智库信息爬虫\国际主要科技智库观点演变_研判\03_证据底稿\网页文本\C-BRUEGEL-24AD1BE604.txt,https://www.bruegel.org/working-paper/instruments-economic-security,官方网页全文已保存
清洁技术、能源与绿色产业,科技产业与经济安全基线,C-BRUEGEL-D4606E1BD1,2024-07-17,W3,The European Union’s proposed duties on Chinese electric vehicles and their implications,作者/项目正式研究,C:\Users\WINDOWS\OneDrive\知识库\智库信息爬虫\国际主要科技智库观点演变_研判\03_证据底稿\原文PDF\C-BRUEGEL-D4606E1BD1.pdf,C:\Users\WINDOWS\OneDrive\知识库\智库信息爬虫\国际主要科技智库观点演变_研判\03_证据底稿\文本\C-BRUEGEL-D4606E1BD1.txt,https://www.bruegel.org/analysis/european-unions-proposed-duties-chinese-electric-vehicles-and-their-implications,官方PDF已保存并校验
中国科技能力与中欧竞争合作,科技产业与经济安全基线,C-BRUEGEL-D4606E1BD1,2024-07-17,W3,The European Union’s proposed duties on Chinese electric vehicles and their implications,作者/项目正式研究,C:\Users\WINDOWS\OneDrive\知识库\智库信息爬虫\国际主要科技智库观点演变_研判\03_证据底稿\原文PDF\C-BRUEGEL-D4606E1BD1.pdf,C:\Users\WINDOWS\OneDrive\知识库\智库信息爬虫\国际主要科技智库观点演变_研判\03_证据底稿\文本\C-BRUEGEL-D4606E1BD1.txt,https://www.bruegel.org/analysis/european-unions-proposed-duties-chinese-electric-vehicles-and-their-implications,官方PDF已保存并校验
人工智能、算力与数字技术,核心科技直接材料,C-BRUEGEL-4D278A244F,2024-07-18,W3,Why artificial intelligence is creating fundamental challenges for competition policy,作者/项目正式研究,C:\Users\WINDOWS\OneDrive\知识库\智库信息爬虫\国际主要科技智库观点演变_研判\03_证据底稿\原文PDF\C-BRUEGEL-4D278A244F.pdf,C:\Users\WINDOWS\OneDrive\知识库\智库信息爬虫\国际主要科技智库观点演变_研判\03_证据底稿\文本\C-BRUEGEL-4D278A244F.txt,https://www.bruegel.org/policy-brief/why-artificial-intelligence-creating-fundamental-challenges-competition-policy,官方PDF已保存并校验
工业政策、产业能力与竞争力,科技产业与经济安全基线,C-BRUEGEL-4E19F539B4,2024-07-23,W3,Joint public procurement as a tool for European Union industrial policy,作者/项目正式研究,C:\Users\WINDOWS\OneDrive\知识库\智库信息爬虫\国际主要科技智库观点演变_研判\03_证据底稿\原文PDF\C-BRUEGEL-4E19F539B4.pdf,C:\Users\WINDOWS\OneDrive\知识库\智库信息爬虫\国际主要科技智库观点演变_研判\03_证据底稿\文本\C-BRUEGEL-4E19F539B4.txt,https://www.bruegel.org/policy-brief/joint-public-procurement-tool-european-union-industrial-policy,官方PDF已保存并校验
供应链、技术管制与经济安全,科技产业与经济安全基线,C-BRUEGEL-15958C8AE0,2024-09-12,W3,A European circular single market for economic security and competitiveness,作者/项目正式研究,C:\Users\WINDOWS\OneDrive\知识库\智库信息爬虫\国际主要科技智库观点演变_研判\03_证据底稿\原文PDF\C-BRUEGEL-15958C8AE0.pdf,C:\Users\WINDOWS\OneDrive\知识库\智库信息爬虫\国际主要科技智库观点演变_研判\03_证据底稿\文本\C-BRUEGEL-15958C8AE0.txt,https://www.bruegel.org/policy-brief/european-circular-single-market-economic-security-and-competitiveness,官方PDF已保存并校验
人工智能、算力与数字技术,核心科技直接材料,C-BRUEGEL-F8F38F636E,2024-10-09,W3,The tension between exploding AI investment costs and slow productivity growth,作者/项目正式研究,C:\Users\WINDOWS\OneDrive\知识库\智库信息爬虫\国际主要科技智库观点演变_研判\03_证据底稿\原文PDF\C-BRUEGEL-F8F38F636E.pdf,C:\Users\WINDOWS\OneDrive\知识库\智库信息爬虫\国际主要科技智库观点演变_研判\03_证据底稿\文本\C-BRUEGEL-F8F38F636E.txt,https://www.bruegel.org/working-paper/tension-between-exploding-ai-investment-costs-and-slow-productivity-growth,官方PDF已保存并校验
人工智能、算力与数字技术,核心科技直接材料,C-BRUEGEL-F6B75ACE22,2024-10-21,W3,Catch-up with the US or prosper below the tech frontier? An EU artificial intelligence strategy,作者/项目正式研究,C:\Users\WINDOWS\OneDrive\知识库\智库信息爬虫\国际主要科技智库观点演变_研判\03_证据底稿\原文PDF\C-BRUEGEL-F6B75ACE22.pdf,C:\Users\WINDOWS\OneDrive\知识库\智库信息爬虫\国际主要科技智库观点演变_研判\03_证据底稿\文本\C-BRUEGEL-F6B75ACE22.txt,https://www.bruegel.org/policy-brief/catch-us-or-prosper-below-tech-frontier-eu-artificial-intelligence-strategy,官方PDF已保存并校验
工业政策、产业能力与竞争力,科技产业与经济安全基线,C-BRUEGEL-915DA010B2,2024-11-20,W3,A European defence industrial strategy in a hostile world,作者/项目正式研究,C:\Users\WINDOWS\OneDrive\知识库\智库信息爬虫\国际主要科技智库观点演变_研判\03_证据底稿\原文PDF\C-BRUEGEL-915DA010B2.pdf,C:\Users\WINDOWS\OneDrive\知识库\智库信息爬虫\国际主要科技智库观点演变_研判\03_证据底稿\文本\C-BRUEGEL-915DA010B2.txt,https://www.bruegel.org/policy-brief/european-defence-industrial-strategy-hostile-world,官方PDF已保存并校验
工业政策、产业能力与竞争力,科技产业与经济安全基线,C-BRUEGEL-468F318DEC,2024-11-27,W3,European industrial policy at a crossroads? Evidence from an expert survey,作者/项目正式研究,C:\Users\WINDOWS\OneDrive\知识库\智库信息爬虫\国际主要科技智库观点演变_研判\03_证据底稿\原文PDF\C-BRUEGEL-468F318DEC.pdf,C:\Users\WINDOWS\OneDrive\知识库\智库信息爬虫\国际主要科技智库观点演变_研判\03_证据底稿\文本\C-BRUEGEL-468F318DEC.txt,https://www.bruegel.org/analysis/european-industrial-policy-crossroads-evidence-expert-survey,官方PDF已保存并校验
工业政策、产业能力与竞争力,科技产业与经济安全基线,C-BRUEGEL-A413FD599A,2024-12-18,W3,The US defence industrial base can no longer reliably supply Europe,作者/项目正式研究,C:\Users\WINDOWS\OneDrive\知识库\智库信息爬虫\国际主要科技智库观点演变_研判\03_证据底稿\原文PDF\C-BRUEGEL-A413FD599A.pdf,C:\Users\WINDOWS\OneDrive\知识库\智库信息爬虫\国际主要科技智库观点演变_研判\03_证据底稿\文本\C-BRUEGEL-A413FD599A.txt,https://www.bruegel.org/analysis/us-defence-industrial-base-can-no-longer-reliably-supply-europe,官方PDF已保存并校验
人工智能、算力与数字技术,核心科技直接材料,C-BRUEGEL-10F214597E,2025-03-20,W3,How DeepSeek has changed artificial intelligence and what it means for Europe,作者/项目正式研究,C:\Users\WINDOWS\OneDrive\知识库\智库信息爬虫\国际主要科技智库观点演变_研判\03_证据底稿\原文PDF\C-BRUEGEL-4D278A244F.pdf,C:\Users\WINDOWS\OneDrive\知识库\智库信息爬虫\国际主要科技智库观点演变_研判\03_证据底稿\文本\C-BRUEGEL-4D278A244F.txt,https://www.bruegel.org/policy-brief/how-deepseek-has-changed-artificial-intelligence-and-what-it-means-europe,关联既有官方PDF
芯片、关键技术与科研创新,核心科技直接材料,C-BRUEGEL-10F214597E,2025-03-20,W3,How DeepSeek has changed artificial intelligence and what it means for Europe,作者/项目正式研究,C:\Users\WINDOWS\OneDrive\知识库\智库信息爬虫\国际主要科技智库观点演变_研判\03_证据底稿\原文PDF\C-BRUEGEL-4D278A244F.pdf,C:\Users\WINDOWS\OneDrive\知识库\智库信息爬虫\国际主要科技智库观点演变_研判\03_证据底稿\文本\C-BRUEGEL-4D278A244F.txt,https://www.bruegel.org/policy-brief/how-deepseek-has-changed-artificial-intelligence-and-what-it-means-europe,关联既有官方PDF
人工智能、算力与数字技术,核心科技直接材料,C-BRUEGEL-9F2FAE19D5,2025-05-20,W3,"Radical novelties in critical technologies and spillovers: how do China, the US and the EU fare?",作者/项目正式研究,C:\Users\WINDOWS\OneDrive\知识库\智库信息爬虫\国际主要科技智库观点演变_研判\03_证据底稿\原文PDF\C-BRUEGEL-9F2FAE19D5.pdf,C:\Users\WINDOWS\OneDrive\知识库\智库信息爬虫\国际主要科技智库观点演变_研判\03_证据底稿\文本\C-BRUEGEL-9F2FAE19D5.txt,https://www.bruegel.org/working-paper/radical-novelties-critical-technologies-and-spillovers-how-do-china-us-and-eu-fare,官方PDF已保存并校验
芯片、关键技术与科研创新,核心科技直接材料,C-BRUEGEL-9F2FAE19D5,2025-05-20,W3,"Radical novelties in critical technologies and spillovers: how do China, the US and the EU fare?",作者/项目正式研究,C:\Users\WINDOWS\OneDrive\知识库\智库信息爬虫\国际主要科技智库观点演变_研判\03_证据底稿\原文PDF\C-BRUEGEL-9F2FAE19D5.pdf,C:\Users\WINDOWS\OneDrive\知识库\智库信息爬虫\国际主要科技智库观点演变_研判\03_证据底稿\文本\C-BRUEGEL-9F2FAE19D5.txt,https://www.bruegel.org/working-paper/radical-novelties-critical-technologies-and-spillovers-how-do-china-us-and-eu-fare,官方PDF已保存并校验
中国科技能力与中欧竞争合作,核心科技直接材料,C-BRUEGEL-9F2FAE19D5,2025-05-20,W3,"Radical novelties in critical technologies and spillovers: how do China, the US and the EU fare?",作者/项目正式研究,C:\Users\WINDOWS\OneDrive\知识库\智库信息爬虫\国际主要科技智库观点演变_研判\03_证据底稿\原文PDF\C-BRUEGEL-9F2FAE19D5.pdf,C:\Users\WINDOWS\OneDrive\知识库\智库信息爬虫\国际主要科技智库观点演变_研判\03_证据底稿\文本\C-BRUEGEL-9F2FAE19D5.txt,https://www.bruegel.org/working-paper/radical-novelties-critical-technologies-and-spillovers-how-do-china-us-and-eu-fare,官方PDF已保存并校验
人工智能、算力与数字技术,核心科技直接材料,C-BRUEGEL-C687C8C1B4,2025-05-22,W3,"Which companies are ahead in frontier innovation on critical technologies? Comparing China, the European Union and the United States",作者/项目正式研究,C:\Users\WINDOWS\OneDrive\知识库\智库信息爬虫\国际主要科技智库观点演变_研判\03_证据底稿\原文PDF\C-BRUEGEL-C687C8C1B4.pdf,C:\Users\WINDOWS\OneDrive\知识库\智库信息爬虫\国际主要科技智库观点演变_研判\03_证据底稿\文本\C-BRUEGEL-C687C8C1B4.txt,https://www.bruegel.org/working-paper/which-companies-are-ahead-frontier-innovation-critical-technologies-comparing-china,官方PDF已保存并校验
芯片、关键技术与科研创新,核心科技直接材料,C-BRUEGEL-C687C8C1B4,2025-05-22,W3,"Which companies are ahead in frontier innovation on critical technologies? Comparing China, the European Union and the United States",作者/项目正式研究,C:\Users\WINDOWS\OneDrive\知识库\智库信息爬虫\国际主要科技智库观点演变_研判\03_证据底稿\原文PDF\C-BRUEGEL-C687C8C1B4.pdf,C:\Users\WINDOWS\OneDrive\知识库\智库信息爬虫\国际主要科技智库观点演变_研判\03_证据底稿\文本\C-BRUEGEL-C687C8C1B4.txt,https://www.bruegel.org/working-paper/which-companies-are-ahead-frontier-innovation-critical-technologies-comparing-china,官方PDF已保存并校验
中国科技能力与中欧竞争合作,核心科技直接材料,C-BRUEGEL-C687C8C1B4,2025-05-22,W3,"Which companies are ahead in frontier innovation on critical technologies? Comparing China, the European Union and the United States",作者/项目正式研究,C:\Users\WINDOWS\OneDrive\知识库\智库信息爬虫\国际主要科技智库观点演变_研判\03_证据底稿\原文PDF\C-BRUEGEL-C687C8C1B4.pdf,C:\Users\WINDOWS\OneDrive\知识库\智库信息爬虫\国际主要科技智库观点演变_研判\03_证据底稿\文本\C-BRUEGEL-C687C8C1B4.txt,https://www.bruegel.org/working-paper/which-companies-are-ahead-frontier-innovation-critical-technologies-comparing-china,官方PDF已保存并校验
清洁技术、能源与绿色产业,科技产业与经济安全基线,C-BRUEGEL-4BA7E3131D,2025-06-05,W3,Transatlantic clean investment monitor 4: electric vehicles,作者/项目正式研究,C:\Users\WINDOWS\OneDrive\知识库\智库信息爬虫\国际主要科技智库观点演变_研判\03_证据底稿\原文PDF\C-BRUEGEL-4BA7E3131D.pdf,C:\Users\WINDOWS\OneDrive\知识库\智库信息爬虫\国际主要科技智库观点演变_研判\03_证据底稿\文本\C-BRUEGEL-4BA7E3131D.txt,https://www.bruegel.org/analysis/transatlantic-clean-investment-monitor-4-electric-vehicles,官方PDF已保存并校验
工业政策、产业能力与竞争力,科技产业与经济安全基线,C-BRUEGEL-3D347F526A,2025-06-20,W3,Fit for war by 2030? European rearmament vis-a-vis Russia lagging in numbers and technologies,作者/项目正式研究,C:\Users\WINDOWS\OneDrive\知识库\智库信息爬虫\国际主要科技智库观点演变_研判\03_证据底稿\原文PDF\C-BRUEGEL-3D347F526A.pdf,C:\Users\WINDOWS\OneDrive\知识库\智库信息爬虫\国际主要科技智库观点演变_研判\03_证据底稿\文本\C-BRUEGEL-3D347F526A.txt,https://www.bruegel.org/report/fit-war-2030-european-rearmament-vis-vis-russia-lagging-numbers-and-technologies,官方PDF已保存并校验
清洁技术、能源与绿色产业,科技产业与经济安全基线,C-BRUEGEL-E353F75BA2,2025-07-16,W3,A smart European strategy for electric vehicle investment from China,作者/项目正式研究,C:\Users\WINDOWS\OneDrive\知识库\智库信息爬虫\国际主要科技智库观点演变_研判\03_证据底稿\原文PDF\C-BRUEGEL-E353F75BA2.pdf,C:\Users\WINDOWS\OneDrive\知识库\智库信息爬虫\国际主要科技智库观点演变_研判\03_证据底稿\文本\C-BRUEGEL-E353F75BA2.txt,https://www.bruegel.org/policy-brief/smart-european-strategy-electric-vehicle-investment-china,官方PDF已保存并校验
中国科技能力与中欧竞争合作,科技产业与经济安全基线,C-BRUEGEL-E353F75BA2,2025-07-16,W3,A smart European strategy for electric vehicle investment from China,作者/项目正式研究,C:\Users\WINDOWS\OneDrive\知识库\智库信息爬虫\国际主要科技智库观点演变_研判\03_证据底稿\原文PDF\C-BRUEGEL-E353F75BA2.pdf,C:\Users\WINDOWS\OneDrive\知识库\智库信息爬虫\国际主要科技智库观点演变_研判\03_证据底稿\文本\C-BRUEGEL-E353F75BA2.txt,https://www.bruegel.org/policy-brief/smart-european-strategy-electric-vehicle-investment-china,官方PDF已保存并校验
芯片、关键技术与科研创新,核心科技直接材料,C-BRUEGEL-9FD2A031ED,2025-08-18,W3,How is innovation competition exacerbating global overcapacity?,作者/项目正式研究,C:\Users\WINDOWS\OneDrive\知识库\智库信息爬虫\国际主要科技智库观点演变_研判\03_证据底稿\原文PDF\C-BRUEGEL-C687C8C1B4.pdf,C:\Users\WINDOWS\OneDrive\知识库\智库信息爬虫\国际主要科技智库观点演变_研判\03_证据底稿\文本\C-BRUEGEL-C687C8C1B4.txt,https://www.bruegel.org/analysis/how-innovation-competition-exacerbating-global-overcapacity,关联既有官方PDF
供应链、技术管制与经济安全,科技产业与经济安全基线,C-BRUEGEL-735E16370C,2025-09-19,W3,Climate risks to global supply chains,作者/项目正式研究,C:\Users\WINDOWS\OneDrive\知识库\智库信息爬虫\国际主要科技智库观点演变_研判\03_证据底稿\原文PDF\C-BRUEGEL-735E16370C.pdf,C:\Users\WINDOWS\OneDrive\知识库\智库信息爬虫\国际主要科技智库观点演变_研判\03_证据底稿\文本\C-BRUEGEL-735E16370C.txt,https://www.bruegel.org/working-paper/climate-risks-global-supply-chains,官方PDF已保存并校验
芯片、关键技术与科研创新,核心科技直接材料,C-BRUEGEL-C1719DF2CC,2025-11-05,W3,What can Europe learn from China’s critical-tech innovation push?,作者/项目正式研究,C:\Users\WINDOWS\OneDrive\知识库\智库信息爬虫\国际主要科技智库观点演变_研判\03_证据底稿\原文PDF\C-BRUEGEL-C1719DF2CC.pdf,C:\Users\WINDOWS\OneDrive\知识库\智库信息爬虫\国际主要科技智库观点演变_研判\03_证据底稿\文本\C-BRUEGEL-C1719DF2CC.txt,https://www.bruegel.org/policy-brief/what-can-europe-learn-chinas-critical-tech-innovation-push,官方PDF已保存并校验
中国科技能力与中欧竞争合作,核心科技直接材料,C-BRUEGEL-C1719DF2CC,2025-11-05,W3,What can Europe learn from China’s critical-tech innovation push?,作者/项目正式研究,C:\Users\WINDOWS\OneDrive\知识库\智库信息爬虫\国际主要科技智库观点演变_研判\03_证据底稿\原文PDF\C-BRUEGEL-C1719DF2CC.pdf,C:\Users\WINDOWS\OneDrive\知识库\智库信息爬虫\国际主要科技智库观点演变_研判\03_证据底稿\文本\C-BRUEGEL-C1719DF2CC.txt,https://www.bruegel.org/policy-brief/what-can-europe-learn-chinas-critical-tech-innovation-push,官方PDF已保存并校验
供应链、技术管制与经济安全,科技产业与经济安全基线,C-BRUEGEL-090452D3CC,2025-12-02,W3,From strategy to doctrine: the next steps for European economic security,作者/项目正式研究,C:\Users\WINDOWS\OneDrive\知识库\智库信息爬虫\国际主要科技智库观点演变_研判\03_证据底稿\原文PDF\C-BRUEGEL-090452D3CC.pdf,C:\Users\WINDOWS\OneDrive\知识库\智库信息爬虫\国际主要科技智库观点演变_研判\03_证据底稿\文本\C-BRUEGEL-090452D3CC.txt,https://www.bruegel.org/policy-brief/strategy-doctrine-next-steps-european-economic-security,官方PDF已保存并校验
中国科技能力与中欧竞争合作,科技产业与经济安全基线,C-BRUEGEL-090452D3CC,2025-12-02,W3,From strategy to doctrine: the next steps for European economic security,作者/项目正式研究,C:\Users\WINDOWS\OneDrive\知识库\智库信息爬虫\国际主要科技智库观点演变_研判\03_证据底稿\原文PDF\C-BRUEGEL-090452D3CC.pdf,C:\Users\WINDOWS\OneDrive\知识库\智库信息爬虫\国际主要科技智库观点演变_研判\03_证据底稿\文本\C-BRUEGEL-090452D3CC.txt,https://www.bruegel.org/policy-brief/strategy-doctrine-next-steps-european-economic-security,官方PDF已保存并校验
清洁技术、能源与绿色产业,科技产业与经济安全基线,C-BRUEGEL-07E4C4A787,2025-12-16,W3,Europe has a solid basis for battery and electric vehicle manufacturing growth,作者/项目正式研究,C:\Users\WINDOWS\OneDrive\知识库\智库信息爬虫\国际主要科技智库观点演变_研判\03_证据底稿\原文PDF\C-BRUEGEL-07E4C4A787.pdf,C:\Users\WINDOWS\OneDrive\知识库\智库信息爬虫\国际主要科技智库观点演变_研判\03_证据底稿\文本\C-BRUEGEL-07E4C4A787.txt,https://www.bruegel.org/analysis/europe-has-solid-basis-battery-and-electric-vehicle-manufacturing-growth,官方PDF已保存并校验
芯片、关键技术与科研创新,核心科技直接材料,C-BRUEGEL-492817F599,2026-03-05,W3,Reforming European defence procurement to boost military innovation and startups,作者/项目正式研究,C:\Users\WINDOWS\OneDrive\知识库\智库信息爬虫\国际主要科技智库观点演变_研判\03_证据底稿\原文PDF\C-BRUEGEL-492817F599.pdf,C:\Users\WINDOWS\OneDrive\知识库\智库信息爬虫\国际主要科技智库观点演变_研判\03_证据底稿\文本\C-BRUEGEL-492817F599.txt,https://www.bruegel.org/policy-brief/reforming-european-defence-procurement-boost-military-innovation-and-startups,官方PDF已保存并校验
清洁技术、能源与绿色产业,核心科技直接材料,C-BRUEGEL-F14E248941,2026-05-11,W3,Understanding the global clean tech manufacturing slowdown,作者/项目正式研究,C:\Users\WINDOWS\OneDrive\知识库\智库信息爬虫\国际主要科技智库观点演变_研判\03_证据底稿\原文PDF\C-BRUEGEL-F14E248941.pdf,C:\Users\WINDOWS\OneDrive\知识库\智库信息爬虫\国际主要科技智库观点演变_研判\03_证据底稿\文本\C-BRUEGEL-F14E248941.txt,https://www.bruegel.org/analysis/understanding-global-clean-tech-manufacturing-slowdown,官方PDF已保存并校验
供应链、技术管制与经济安全,科技产业与经济安全基线,C-BRUEGEL-B50C84CE73,2026-05-15,W3,Challenges to the integration of the Western Balkans into European Union supply chains,作者/项目正式研究,C:\Users\WINDOWS\OneDrive\知识库\智库信息爬虫\国际主要科技智库观点演变_研判\03_证据底稿\原文PDF\C-BRUEGEL-B50C84CE73.pdf,C:\Users\WINDOWS\OneDrive\知识库\智库信息爬虫\国际主要科技智库观点演变_研判\03_证据底稿\文本\C-BRUEGEL-B50C84CE73.txt,https://www.bruegel.org/working-paper/challenges-integration-western-balkans-european-union-supply-chains,官方PDF已保存并校验
人工智能、算力与数字技术,核心科技直接材料,C-BRUEGEL-462353C8D5,2026-05-19,W3,Europe needs a strategy to close the artificial intelligence compute gap,作者/项目正式研究,C:\Users\WINDOWS\OneDrive\知识库\智库信息爬虫\国际主要科技智库观点演变_研判\03_证据底稿\原文PDF\C-BRUEGEL-462353C8D5.pdf,C:\Users\WINDOWS\OneDrive\知识库\智库信息爬虫\国际主要科技智库观点演变_研判\03_证据底稿\文本\C-BRUEGEL-462353C8D5.txt,https://www.bruegel.org/analysis/europe-needs-strategy-close-artificial-intelligence-compute-gap,官方PDF已保存并校验
工业政策、产业能力与竞争力,核心科技直接材料,C-BRUEGEL-462353C8D5,2026-05-19,W3,Europe needs a strategy to close the artificial intelligence compute gap,作者/项目正式研究,C:\Users\WINDOWS\OneDrive\知识库\智库信息爬虫\国际主要科技智库观点演变_研判\03_证据底稿\原文PDF\C-BRUEGEL-462353C8D5.pdf,C:\Users\WINDOWS\OneDrive\知识库\智库信息爬虫\国际主要科技智库观点演变_研判\03_证据底稿\文本\C-BRUEGEL-462353C8D5.txt,https://www.bruegel.org/analysis/europe-needs-strategy-close-artificial-intelligence-compute-gap,官方PDF已保存并校验
中国科技能力与中欧竞争合作,核心科技直接材料,C-BRUEGEL-462353C8D5,2026-05-19,W3,Europe needs a strategy to close the artificial intelligence compute gap,作者/项目正式研究,C:\Users\WINDOWS\OneDrive\知识库\智库信息爬虫\国际主要科技智库观点演变_研判\03_证据底稿\原文PDF\C-BRUEGEL-462353C8D5.pdf,C:\Users\WINDOWS\OneDrive\知识库\智库信息爬虫\国际主要科技智库观点演变_研判\03_证据底稿\文本\C-BRUEGEL-462353C8D5.txt,https://www.bruegel.org/analysis/europe-needs-strategy-close-artificial-intelligence-compute-gap,官方PDF已保存并校验
芯片、关键技术与科研创新,核心科技直接材料,C-BRUEGEL-9590B4A56C,2026-05-28,W3,Defence innovation and procurement reform: an empirical evaluation of the US Defense Innovation Unit,作者/项目正式研究,C:\Users\WINDOWS\OneDrive\知识库\智库信息爬虫\国际主要科技智库观点演变_研判\03_证据底稿\原文PDF\C-BRUEGEL-9590B4A56C.pdf,C:\Users\WINDOWS\OneDrive\知识库\智库信息爬虫\国际主要科技智库观点演变_研判\03_证据底稿\文本\C-BRUEGEL-9590B4A56C.txt,https://www.bruegel.org/working-paper/defence-innovation-and-procurement-reform-empirical-evaluation-us-defense-innovation,官方PDF已保存并校验
人工智能、算力与数字技术,核心科技直接材料,C-BRUEGEL-D669FF4E82,2026-06-11,W3,The right balance: how to fix European Union artificial intelligence regulation,作者/项目正式研究,C:\Users\WINDOWS\OneDrive\知识库\智库信息爬虫\国际主要科技智库观点演变_研判\03_证据底稿\原文PDF\C-BRUEGEL-D669FF4E82.pdf,C:\Users\WINDOWS\OneDrive\知识库\智库信息爬虫\国际主要科技智库观点演变_研判\03_证据底稿\文本\C-BRUEGEL-D669FF4E82.txt,https://www.bruegel.org/policy-brief/right-balance-how-fix-european-union-artificial-intelligence-regulation,官方PDF已保存并校验
人工智能、算力与数字技术,核心科技直接材料,C-BRUEGEL-A6D8CCA85A,2026-06-22,W3,Stack battles: the US-China artificial-intelligence rivalry is moving beyond chips alone,作者/项目正式研究,C:\Users\WINDOWS\OneDrive\知识库\智库信息爬虫\国际主要科技智库观点演变_研判\03_证据底稿\原文PDF\C-BRUEGEL-A6D8CCA85A.pdf,C:\Users\WINDOWS\OneDrive\知识库\智库信息爬虫\国际主要科技智库观点演变_研判\03_证据底稿\文本\C-BRUEGEL-A6D8CCA85A.txt,https://www.bruegel.org/analysis/stack-battles-us-china-artificial-intelligence-rivalry-moving-beyond-chips-alone,官方PDF已保存并校验
芯片、关键技术与科研创新,核心科技直接材料,C-BRUEGEL-A6D8CCA85A,2026-06-22,W3,Stack battles: the US-China artificial-intelligence rivalry is moving beyond chips alone,作者/项目正式研究,C:\Users\WINDOWS\OneDrive\知识库\智库信息爬虫\国际主要科技智库观点演变_研判\03_证据底稿\原文PDF\C-BRUEGEL-A6D8CCA85A.pdf,C:\Users\WINDOWS\OneDrive\知识库\智库信息爬虫\国际主要科技智库观点演变_研判\03_证据底稿\文本\C-BRUEGEL-A6D8CCA85A.txt,https://www.bruegel.org/analysis/stack-battles-us-china-artificial-intelligence-rivalry-moving-beyond-chips-alone,官方PDF已保存并校验
中国科技能力与中欧竞争合作,核心科技直接材料,C-BRUEGEL-A6D8CCA85A,2026-06-22,W3,Stack battles: the US-China artificial-intelligence rivalry is moving beyond chips alone,作者/项目正式研究,C:\Users\WINDOWS\OneDrive\知识库\智库信息爬虫\国际主要科技智库观点演变_研判\03_证据底稿\原文PDF\C-BRUEGEL-A6D8CCA85A.pdf,C:\Users\WINDOWS\OneDrive\知识库\智库信息爬虫\国际主要科技智库观点演变_研判\03_证据底稿\文本\C-BRUEGEL-A6D8CCA85A.txt,https://www.bruegel.org/analysis/stack-battles-us-china-artificial-intelligence-rivalry-moving-beyond-chips-alone,官方PDF已保存并校验
工业政策、产业能力与竞争力,科技产业与经济安全基线,L-B803B237C3,2026-06-23,W3,To what extent can green infrastructure investment mitigate China’s clean-energy overcapacity?,作者/项目正式研究,C:\Users\WINDOWS\OneDrive\知识库\智库信息爬虫\国际主要科技智库观点演变_研判\03_证据底稿\原文PDF\L-B803B237C3.pdf,C:\Users\WINDOWS\OneDrive\知识库\智库信息爬虫\国际主要科技智库观点演变_研判\03_证据底稿\文本\L-B803B237C3.txt,https://www.bruegel.org/working-paper/what-extent-can-green-infrastructure-investment-mitigate-chinas-clean-energy,复用库内既有资产
中国科技能力与中欧竞争合作,科技产业与经济安全基线,L-B803B237C3,2026-06-23,W3,To what extent can green infrastructure investment mitigate China’s clean-energy overcapacity?,作者/项目正式研究,C:\Users\WINDOWS\OneDrive\知识库\智库信息爬虫\国际主要科技智库观点演变_研判\03_证据底稿\原文PDF\L-B803B237C3.pdf,C:\Users\WINDOWS\OneDrive\知识库\智库信息爬虫\国际主要科技智库观点演变_研判\03_证据底稿\文本\L-B803B237C3.txt,https://www.bruegel.org/working-paper/what-extent-can-green-infrastructure-investment-mitigate-chinas-clean-energy,复用库内既有资产
芯片、关键技术与科研创新,核心科技直接材料,C-BRUEGEL-98A0C0EE9D,2026-07-15,W3,A plan for a World Trade Organization sectoral agreement on semiconductors,作者/项目正式研究,C:\Users\WINDOWS\OneDrive\知识库\智库信息爬虫\国际主要科技智库观点演变_研判\03_证据底稿\原文PDF\C-BRUEGEL-98A0C0EE9D.pdf,C:\Users\WINDOWS\OneDrive\知识库\智库信息爬虫\国际主要科技智库观点演变_研判\03_证据底稿\文本\C-BRUEGEL-98A0C0EE9D.txt,https://www.bruegel.org/working-paper/plan-world-trade-organization-sectoral-agreement-semiconductors,官方PDF已保存并校验
