报告ID,统一目录报告ID,发布日期,日期精度,报告名称,政策节点角色,科学技术创新主题,中国关联,官方索引或落地页,官方PDF入口,时期来源,全文策略,源文件SHA256,采集日期
C-US-OSTP-2016-2016-NNI-STRATEGIC-PLAN,C-US-OSTP-2016-2016-NNI-STRATEGIC-PLAN,2016-01-01,年；以1月1日作排序占位，不代表实际发布日期,National Nanotechnology Initiative 2016 Strategic Plan,纳米科技长期研发与产业化战略,科学体系与基础研究；技术创新与关键技术；创新政策与研发治理；产业创新转化与区域生态,否；美国科技创新政策基线或节点样本,https://obamawhitehouse.archives.gov/node/10054/,https://www.nano.gov/sites/default/files/pub_resource/2016-nni-strategic-plan.pdf,Obama OSTP/NSTC官方归档,已进入先进材料技术创新平台定点全文；按官方原始资产、净文本和科技创新切片调用,静态核验官方入口,2026-08-22
C-US-OSTP-2016-IWGODSP-PRINCIPLES-0,C-US-OSTP-2016-IWGODSP-PRINCIPLES-0,2016-01-01,年；以1月1日作排序占位，不代表实际发布日期,Principles for Promoting Access to Federal Government-Supported Scientific Data and Research Findings through International Scientific Cooperation,开放科学与国际科研合作基线,科学体系与基础研究；创新政策与研发治理；国际合作开放科学与比较,否；美国科技创新政策基线或节点样本,https://obamawhitehouse.archives.gov/node/10054/,https://obamawhitehouse.archives.gov/sites/default/files/microsites/ostp/NSTC/iwgodsp_principles_0.pdf,Obama OSTP/NSTC官方归档,已进入科学外交、开放科研合作与中国参与机制定点全文；按官方全文、净文本和科技创新切片调用,静态核验官方入口,2026-08-22
C-US-OSTP-2016-FEDERAL-SCIENCE-AND-TECHNOLOGY-WORKFORCE-REPORT,C-US-OSTP-2016-FEDERAL-SCIENCE-AND-TECHNOLOGY-WORKFORCE-REPORT,2016-01-01,年；以1月1日作排序占位，不代表实际发布日期,Sustaining a Competitive Edge in Innovation Through a World-Class Federal Science and Technology Workforce,联邦科技人才与科研组织能力,科学体系与基础研究；创新政策与研发治理；人才大学与科研组织,否；美国科技创新政策基线或节点样本,https://obamawhitehouse.archives.gov/node/10054/,https://obamawhitehouse.archives.gov/sites/default/files/federal_science_and_technology_workforce_report.pdf,Obama OSTP/NSTC官方归档,不自动下载；由科学技术创新主轴缺口、政策节点价值与中国关联触发,静态核验官方入口,2026-08-22
C-US-OSTP-2016-BIGDATARDSTRATEGICPLAN-NITRD-FINAL-051916,C-US-OSTP-2016-BIGDATARDSTRATEGICPLAN-NITRD-FINAL-051916,2016-05-01,月；以当月1日作排序占位，不代表实际发布日期,The Federal Big Data Research and Development Strategic Plan,大数据基础研究、基础设施与应用战略,科学体系与基础研究；技术创新与关键技术；创新政策与研发治理；人才大学与科研组织；产业创新转化与区域生态,否；美国科技创新政策基线或节点样本,https://obamawhitehouse.archives.gov/node/10054/,https://obamawhitehouse.archives.gov/sites/default/files/microsites/ostp/NSTC/bigdatardstrategicplan-nitrd_final-051916.pdf,Obama OSTP/NSTC官方归档,不自动下载；由科学技术创新主轴缺口、政策节点价值与中国关联触发,静态核验官方入口,2026-08-22
C-US-OSTP-2016-QUANTUM-INFO-SCI-REPORT-2016-07-22-FINAL,C-US-OSTP-2016-QUANTUM-INFO-SCI-REPORT-2016-07-22-FINAL,2016-07-22,日,Advancing Quantum Information Science: National Challenges and Opportunities,量子信息科学研究议程,科学体系与基础研究；技术创新与关键技术；创新政策与研发治理；人才大学与科研组织,否；美国科技创新政策基线或节点样本,https://obamawhitehouse.archives.gov/node/10054/,https://obamawhitehouse.archives.gov/sites/default/files/quantum_info_sci_report_2016_07_22_final.pdf,Obama OSTP/NSTC官方归档,不自动下载；由科学技术创新主轴缺口、政策节点价值与中国关联触发,静态核验官方入口,2026-08-22
C-US-OSTP-2016-PREPARING-FOR-THE-FUTURE-OF-AI,C-US-OSTP-2016-PREPARING-FOR-THE-FUTURE-OF-AI,2016-10-12,日,Preparing for the Future of Artificial Intelligence,AI技术应用、创新机会与政策问题基线,技术创新与关键技术；创新政策与研发治理；人才大学与科研组织；产业创新转化与区域生态；国际合作开放科学与比较,否；美国科技创新政策基线或节点样本,https://obamawhitehouse.archives.gov/blog/2016/10/12/administrations-report-future-artificial-intelligence,https://obamawhitehouse.archives.gov/sites/default/files/whitehouse_files/microsites/ostp/NSTC/preparing_for_the_future_of_ai.pdf,Obama OSTP/NSTC官方归档,不自动下载；由科学技术创新主轴缺口、政策节点价值与中国关联触发,静态核验官方入口,2026-08-22
C-US-OSTP-2016-NATIONAL-AI-RD-STRATEGIC-PLAN,C-US-OSTP-2016-NATIONAL-AI-RD-STRATEGIC-PLAN,2016-10-12,日,The National Artificial Intelligence Research and Development Strategic Plan,国家AI基础与应用研发战略基线,科学体系与基础研究；技术创新与关键技术；创新政策与研发治理；人才大学与科研组织；产业创新转化与区域生态,否；美国科技创新政策基线或节点样本,https://obamawhitehouse.archives.gov/blog/2016/10/12/administrations-report-future-artificial-intelligence,https://obamawhitehouse.archives.gov/sites/default/files/whitehouse_files/microsites/ostp/NSTC/national_ai_rd_strategic_plan.pdf,Obama OSTP/NSTC官方归档,不自动下载；由科学技术创新主轴缺口、政策节点价值与中国关联触发,静态核验官方入口,2026-08-22
C-US-OSTP-2017-M-17-30,C-US-OSTP-2017-M-17-30,2017-08-17,日,FY 2019 Administration Research and Development Budget Priorities,联邦科学技术战略、研发投入或创新体系节点,科学体系与基础研究；创新政策与研发治理,否；美国科技创新政策基线或节点样本,https://trumpwhitehouse.archives.gov/ostp/documents-and-reports/,https://trumpwhitehouse.archives.gov/sites/whitehouse.gov/files/omb/memoranda/2017/m-17-30.pdf,Trump OSTP/NSTC官方归档,不自动下载；由科学技术创新主轴缺口、政策节点价值与中国关联触发,23fb4e715762b828296cc636ff4427eb3763dc093b222e4ef89ee49c26ae6c2f,2026-08-22
C-US-OSTP-2017-FY2018NITRDSUPPLEMENT,C-US-OSTP-2017-FY2018NITRDSUPPLEMENT,2017-10-27,日,FY 2018 Supplement to the President’s Budget for the Federal Networking and Information Technology Research and Development (NITRD) Program,联邦科学技术战略、研发投入或创新体系节点,科学体系与基础研究；技术创新与关键技术,否；美国科技创新政策基线或节点样本,https://trumpwhitehouse.archives.gov/ostp/documents-and-reports/,https://www.nitrd.gov/pubs/2018supplement/FY2018NITRDSupplement.pdf,Trump OSTP/NSTC官方归档,不自动下载；由科学技术创新主轴缺口、政策节点价值与中国关联触发,23fb4e715762b828296cc636ff4427eb3763dc093b222e4ef89ee49c26ae6c2f,2026-08-22
C-US-OSTP-2017-NNI-FY18-BUDGET-SUPPLEMENT,C-US-OSTP-2017-NNI-FY18-BUDGET-SUPPLEMENT,2017-11-30,日,The National Nanotechnology Initiative: Supplement to the President’s 2018 Budget,联邦科学技术战略、研发投入或创新体系节点,技术创新与关键技术；创新政策与研发治理,否；美国科技创新政策基线或节点样本,https://trumpwhitehouse.archives.gov/ostp/documents-and-reports/,https://www.nano.gov/sites/default/files/NNI-FY18-Budget-Supplement.pdf,Trump OSTP/NSTC官方归档,不自动下载；由科学技术创新主轴缺口、政策节点价值与中国关联触发,23fb4e715762b828296cc636ff4427eb3763dc093b222e4ef89ee49c26ae6c2f,2026-08-22
C-US-OSTP-2017-ROADMAP-FOR-MEDICAL-IMAGING-RESEARCH-AND-DEVELOPMENT-2017,C-US-OSTP-2017-ROADMAP-FOR-MEDICAL-IMAGING-RESEARCH-AND-DEVELOPMENT-2017,2017-12-22,日,Roadmap for Medical Imaging Research and Development,联邦科学技术战略、研发投入或创新体系节点,科学体系与基础研究,否；美国科技创新政策基线或节点样本,https://trumpwhitehouse.archives.gov/ostp/documents-and-reports/,https://trumpwhitehouse.archives.gov/wp-content/uploads/2017/12/Roadmap-for-Medical-Imaging-Research-and-Development-2017.pdf,Trump OSTP/NSTC官方归档,不自动下载；由科学技术创新主轴缺口、政策节点价值与中国关联触发,23fb4e715762b828296cc636ff4427eb3763dc093b222e4ef89ee49c26ae6c2f,2026-08-22
C-US-OSTP-2018-ADMINISTRATION-2017-ST-HIGHLIGHTS,C-US-OSTP-2018-ADMINISTRATION-2017-ST-HIGHLIGHTS,2018-03-07,日,Science and Technology Highlights in the First Year of the Trump Administration,联邦科学技术战略、研发投入或创新体系节点,科学体系与基础研究；技术创新与关键技术,否；美国科技创新政策基线或节点样本,https://trumpwhitehouse.archives.gov/ostp/documents-and-reports/,https://trumpwhitehouse.archives.gov/wp-content/uploads/2018/03/Administration-2017-ST-Highlights.pdf,Trump OSTP/NSTC官方归档,不自动下载；由科学技术创新主轴缺口、政策节点价值与中国关联触发,23fb4e715762b828296cc636ff4427eb3763dc093b222e4ef89ee49c26ae6c2f,2026-08-22
C-US-OSTP-2018-SUMMARY-REPORT-OF-WHITE-HOUSE-AI-SUMMIT,C-US-OSTP-2018-SUMMARY-REPORT-OF-WHITE-HOUSE-AI-SUMMIT,2018-05-10,日,Summary of the 2018 White House Summit on Artificial Intelligence for American Industry,联邦科学技术战略、研发投入或创新体系节点,技术创新与关键技术；产业创新转化与区域生态,否；美国科技创新政策基线或节点样本,https://trumpwhitehouse.archives.gov/ostp/documents-and-reports/,https://trumpwhitehouse.archives.gov/wp-content/uploads/2018/05/Summary-Report-of-White-House-AI-Summit.pdf?latest,Trump OSTP/NSTC官方归档,不自动下载；由科学技术创新主轴缺口、政策节点价值与中国关联触发,23fb4e715762b828296cc636ff4427eb3763dc093b222e4ef89ee49c26ae6c2f,2026-08-22
C-US-OSTP-2018-OCEAN-SCIENCE-AND-TECHNOLOGY-HIGHLIGHTS-SELECTED-PROJECTS-FROM-OUR-FEDERAL-AGENCIES,C-US-OSTP-2018-OCEAN-SCIENCE-AND-TECHNOLOGY-HIGHLIGHTS-SELECTED-PROJECTS-FROM-OUR-FEDERAL-AGENCIES,2018-06-28,日,Ocean Science and Technology Highlights: Selected Projects From Our Federal Agencies,联邦科学技术战略、研发投入或创新体系节点,科学体系与基础研究；技术创新与关键技术；国际合作开放科学与比较,否；美国科技创新政策基线或节点样本,https://trumpwhitehouse.archives.gov/ostp/documents-and-reports/,https://trumpwhitehouse.archives.gov/wp-content/uploads/2018/06/Ocean-Science-and-Technology-Highlights-Selected-Projects-From-Our-Federal-Agencies.pdf,Trump OSTP/NSTC官方归档,不自动下载；由科学技术创新主轴缺口、政策节点价值与中国关联触发,23fb4e715762b828296cc636ff4427eb3763dc093b222e4ef89ee49c26ae6c2f,2026-08-22
C-US-OSTP-2018-SUMMARY-OF-THE-2018-WHITE-HOUSE-STATE-FEDERAL-STEM-EDUCATION-SUMMIT,C-US-OSTP-2018-SUMMARY-OF-THE-2018-WHITE-HOUSE-STATE-FEDERAL-STEM-EDUCATION-SUMMIT,2018-06-28,日,Summary of the 2018 White House State-Federal STEM Education Summit,联邦科学技术战略、研发投入或创新体系节点,人才大学与科研组织,否；美国科技创新政策基线或节点样本,https://trumpwhitehouse.archives.gov/ostp/documents-and-reports/,https://trumpwhitehouse.archives.gov/wp-content/uploads/2018/06/Summary-of-the-2018-White-House-State-Federal-STEM-Education-Summit.pdf,Trump OSTP/NSTC官方归档,不自动下载；由科学技术创新主轴缺口、政策节点价值与中国关联触发,23fb4e715762b828296cc636ff4427eb3763dc093b222e4ef89ee49c26ae6c2f,2026-08-22
C-US-OSTP-2018-M-18-22,C-US-OSTP-2018-M-18-22,2018-07-31,日,FY 2020 Administration Research and Development Budget Priorities,联邦科学技术战略、研发投入或创新体系节点,科学体系与基础研究；创新政策与研发治理,否；美国科技创新政策基线或节点样本,https://trumpwhitehouse.archives.gov/ostp/documents-and-reports/,https://trumpwhitehouse.archives.gov/wp-content/uploads/2018/07/M-18-22.pdf,Trump OSTP/NSTC官方归档,不自动下载；由科学技术创新主轴缺口、政策节点价值与中国关联触发,23fb4e715762b828296cc636ff4427eb3763dc093b222e4ef89ee49c26ae6c2f,2026-08-22
C-US-OSTP-2018-THE-NATIONAL-NANOTECHNOLOGY-INITIATIVE-SUPPLEMENT-TO-THE-PRESIDENT-S-2019-BUDGET,C-US-OSTP-2018-THE-NATIONAL-NANOTECHNOLOGY-INITIATIVE-SUPPLEMENT-TO-THE-PRESIDENT-S-2019-BUDGET,2018-08-16,日,The National Nanotechnology Initiative: Supplement to the President’s 2019 Budget,联邦科学技术战略、研发投入或创新体系节点,技术创新与关键技术；创新政策与研发治理,否；美国科技创新政策基线或节点样本,https://trumpwhitehouse.archives.gov/ostp/documents-and-reports/,https://trumpwhitehouse.archives.gov/wp-content/uploads/2018/08/The-National-Nanotechnology-Initiative-Supplement-to-the-President’s-2019-Budget.pdf,Trump OSTP/NSTC官方归档,不自动下载；由科学技术创新主轴缺口、政策节点价值与中国关联触发,23fb4e715762b828296cc636ff4427eb3763dc093b222e4ef89ee49c26ae6c2f,2026-08-22
C-US-OSTP-2018-FY2019-NITRD-SUPPLEMENT,C-US-OSTP-2018-FY2019-NITRD-SUPPLEMENT,2018-08-21,日,FY2019 Supplement to the President’s Budget for the Federal Networking and Information Technology Research and Development (NITRD) Program,联邦科学技术战略、研发投入或创新体系节点,科学体系与基础研究；技术创新与关键技术,否；美国科技创新政策基线或节点样本,https://trumpwhitehouse.archives.gov/ostp/documents-and-reports/,https://www.nitrd.gov/pubs/FY2019-NITRD-Supplement.pdf,Trump OSTP/NSTC官方归档,不自动下载；由科学技术创新主轴缺口、政策节点价值与中国关联触发,23fb4e715762b828296cc636ff4427eb3763dc093b222e4ef89ee49c26ae6c2f,2026-08-22
C-US-OSTP-2018-NATIONAL-STRATEGIC-OVERVIEW-FOR-QUANTUM-INFORMATION-SCIENCE,C-US-OSTP-2018-NATIONAL-STRATEGIC-OVERVIEW-FOR-QUANTUM-INFORMATION-SCIENCE,2018-09-24,日,National Strategic Overview for Quantum Information Science,联邦科学技术战略、研发投入或创新体系节点,科学体系与基础研究；技术创新与关键技术；创新政策与研发治理,否；美国科技创新政策基线或节点样本,https://trumpwhitehouse.archives.gov/ostp/documents-and-reports/,https://trumpwhitehouse.archives.gov/wp-content/uploads/2018/09/National-Strategic-Overview-for-Quantum-Information-Science.pdf,Trump OSTP/NSTC官方归档,不自动下载；由科学技术创新主轴缺口、政策节点价值与中国关联触发,23fb4e715762b828296cc636ff4427eb3763dc093b222e4ef89ee49c26ae6c2f,2026-08-22
C-US-OSTP-2018-SUMMARY-OF-THE-2018-WHITE-HOUSE-SUMMIT-ON-ADVANCING-AMERICAN-LEADERSHIP-IN-QUANTUM-INFORMATION-SCIENCE-UPDATED,C-US-OSTP-2018-SUMMARY-OF-THE-2018-WHITE-HOUSE-SUMMIT-ON-ADVANCING-AMERICAN-LEADERSHIP-IN-QUANTUM-INFORMATION-SCIENCE-UPDATED,2018-09-28,日,Summary of the 2018 White House Summit on Advancing American Leadership in Quantum Information Science,联邦科学技术战略、研发投入或创新体系节点,科学体系与基础研究；技术创新与关键技术；创新政策与研发治理,否；美国科技创新政策基线或节点样本,https://trumpwhitehouse.archives.gov/ostp/documents-and-reports/,https://trumpwhitehouse.archives.gov/wp-content/uploads/2017/12/Summary-of-the-2018-White-House-Summit-on-Advancing-American-Leadership-in-Quantum-Information-Science-Updated.pdf,Trump OSTP/NSTC官方归档,不自动下载；由科学技术创新主轴缺口、政策节点价值与中国关联触发,23fb4e715762b828296cc636ff4427eb3763dc093b222e4ef89ee49c26ae6c2f,2026-08-22
C-US-OSTP-2018-ADVANCED-MANUFACTURING-STRATEGIC-PLAN-2018,C-US-OSTP-2018-ADVANCED-MANUFACTURING-STRATEGIC-PLAN-2018,2018-10-05,日,Strategy for American Leadership in Advanced Manufacturing,联邦科学技术战略、研发投入或创新体系节点,技术创新与关键技术；创新政策与研发治理；产业创新转化与区域生态,否；美国科技创新政策基线或节点样本,https://trumpwhitehouse.archives.gov/ostp/documents-and-reports/,https://trumpwhitehouse.archives.gov/wp-content/uploads/2018/10/Advanced-Manufacturing-Strategic-Plan-2018.pdf,Trump OSTP/NSTC官方归档,不自动下载；由科学技术创新主轴缺口、政策节点价值与中国关联触发,23fb4e715762b828296cc636ff4427eb3763dc093b222e4ef89ee49c26ae6c2f,2026-08-22
C-US-OSTP-2018-SCIENCE-AND-TECHNOLOGY-FOR-AMERICAS-OCEANS-A-DECADAL-VISION,C-US-OSTP-2018-SCIENCE-AND-TECHNOLOGY-FOR-AMERICAS-OCEANS-A-DECADAL-VISION,2018-11-16,日,Science and Technology for America’s Oceans: A Decadal Vision,联邦科学技术战略、研发投入或创新体系节点,科学体系与基础研究；技术创新与关键技术；国际合作开放科学与比较,否；美国科技创新政策基线或节点样本,https://trumpwhitehouse.archives.gov/ostp/documents-and-reports/,https://trumpwhitehouse.archives.gov/wp-content/uploads/2018/11/Science-and-Technology-for-Americas-Oceans-A-Decadal-Vision.pdf,Trump OSTP/NSTC官方归档,不自动下载；由科学技术创新主轴缺口、政策节点价值与中国关联触发,23fb4e715762b828296cc636ff4427eb3763dc093b222e4ef89ee49c26ae6c2f,2026-08-22
C-US-OSTP-2018-2018-11-30-AI-SELECT-COMMITTEE-UPDATE-REPORT,C-US-OSTP-2018-2018-11-30-AI-SELECT-COMMITTEE-UPDATE-REPORT,2018-11-30,日,Update from the NSTC Select Committee on Artificial Intelligence,联邦科学技术战略、研发投入或创新体系节点,技术创新与关键技术,否；美国科技创新政策基线或节点样本,https://trumpwhitehouse.archives.gov/ostp/documents-and-reports/,https://trumpwhitehouse.archives.gov/wp-content/uploads/2018/12/2018.11.30-AI-Select-Committee-Update-Report.pdf,Trump OSTP/NSTC官方归档,不自动下载；由科学技术创新主轴缺口、政策节点价值与中国关联触发,23fb4e715762b828296cc636ff4427eb3763dc093b222e4ef89ee49c26ae6c2f,2026-08-22
C-US-OSTP-2018-STEM-EDUCATION-STRATEGIC-PLAN-2018,C-US-OSTP-2018-STEM-EDUCATION-STRATEGIC-PLAN-2018,2018-12-04,日,Charting a Course for Success: America’s Strategy for STEM Education,联邦科学技术战略、研发投入或创新体系节点,创新政策与研发治理；人才大学与科研组织,否；美国科技创新政策基线或节点样本,https://trumpwhitehouse.archives.gov/ostp/documents-and-reports/,https://trumpwhitehouse.archives.gov/wp-content/uploads/2018/12/STEM-Education-Strategic-Plan-2018.pdf,Trump OSTP/NSTC官方归档,不自动下载；由科学技术创新主轴缺口、政策节点价值与中国关联触发,23fb4e715762b828296cc636ff4427eb3763dc093b222e4ef89ee49c26ae6c2f,2026-08-22
C-US-OSTP-2018-SUMMARY-OF-2018-STEM-ED-STATEGIC-PLAN-RELEASE-EVENT,C-US-OSTP-2018-SUMMARY-OF-2018-STEM-ED-STATEGIC-PLAN-RELEASE-EVENT,2018-12-04,日,Summary of the White House Release Event for the 2018 STEM Education Strategic Plan,联邦科学技术战略、研发投入或创新体系节点,创新政策与研发治理；人才大学与科研组织,否；美国科技创新政策基线或节点样本,https://trumpwhitehouse.archives.gov/ostp/documents-and-reports/,https://trumpwhitehouse.archives.gov/wp-content/uploads/2018/12/Summary-of-2018-STEM-Ed-Stategic-Plan-Release-Event.pdf,Trump OSTP/NSTC官方归档,不自动下载；由科学技术创新主轴缺口、政策节点价值与中国关联触发,23fb4e715762b828296cc636ff4427eb3763dc093b222e4ef89ee49c26ae6c2f,2026-08-22
C-US-OSTP-2019-ADMINISTRATION-2018-ST-HIGHLIGHTS,C-US-OSTP-2019-ADMINISTRATION-2018-ST-HIGHLIGHTS,2019-02-21,日,Science and Technology Highlights in the Second Year of the Trump Administration,联邦科学技术战略、研发投入或创新体系节点,科学体系与基础研究；技术创新与关键技术,否；美国科技创新政策基线或节点样本,https://trumpwhitehouse.archives.gov/ostp/documents-and-reports/,https://trumpwhitehouse.archives.gov/wp-content/uploads/2019/02/Administration-2018-ST-Highlights.pdf,Trump OSTP/NSTC官方归档,不自动下载；由科学技术创新主轴缺口、政策节点价值与中国关联触发,23fb4e715762b828296cc636ff4427eb3763dc093b222e4ef89ee49c26ae6c2f,2026-08-22
C-US-OSTP-2019-RESEARCH-AND-DEVELOPMENT-PRIORITIES-FOR-AMERICAN-LEADERSHIP-IN-WIRELESS-COMMUNICATIONS-REPORT-MAY-2019,C-US-OSTP-2019-RESEARCH-AND-DEVELOPMENT-PRIORITIES-FOR-AMERICAN-LEADERSHIP-IN-WIRELESS-COMMUNICATIONS-REPORT-MAY-2019,2019-05-30,日,Research and Development Priorities for American Leadership in Wireless Communications,联邦科学技术战略、研发投入或创新体系节点,科学体系与基础研究；技术创新与关键技术；创新政策与研发治理,否；美国科技创新政策基线或节点样本,https://trumpwhitehouse.archives.gov/ostp/documents-and-reports/,https://trumpwhitehouse.archives.gov/wp-content/uploads/2019/05/Research-and-Development-Priorities-for-American-Leadership-in-Wireless-Communications-Report-May-2019.pdf,Trump OSTP/NSTC官方归档,不自动下载；由科学技术创新主轴缺口、政策节点价值与中国关联触发,23fb4e715762b828296cc636ff4427eb3763dc093b222e4ef89ee49c26ae6c2f,2026-08-22
C-US-OSTP-2019-WHQIS-ACADEMIC-ROUNDTABLE-ON-INNOVATION-IN-QIS-MAY-31-2019,C-US-OSTP-2019-WHQIS-ACADEMIC-ROUNDTABLE-ON-INNOVATION-IN-QIS-MAY-31-2019,2019-05-31,日,Summary of the 2019 White House Academic Roundtable on Advancing American Leadership in Quantum Information Science,联邦科学技术战略、研发投入或创新体系节点,科学体系与基础研究；技术创新与关键技术；创新政策与研发治理,否；美国科技创新政策基线或节点样本,https://trumpwhitehouse.archives.gov/ostp/documents-and-reports/,https://trumpwhitehouse.archives.gov/wp-content/uploads/2019/06/WHQIS-Academic-Roundtable-on-Innovation-in-QIS-May-31-2019.pdf,Trump OSTP/NSTC官方归档,不自动下载；由科学技术创新主轴缺口、政策节点价值与中国关联触发,23fb4e715762b828296cc636ff4427eb3763dc093b222e4ef89ee49c26ae6c2f,2026-08-22
C-US-OSTP-2019-SUMMARY-OF-NSTC-CONFERENCE-BUILDING-BRIDGES-ACROSS-ST-ENTERPRISE-JUNE-2019,C-US-OSTP-2019-SUMMARY-OF-NSTC-CONFERENCE-BUILDING-BRIDGES-ACROSS-ST-ENTERPRISE-JUNE-2019,2019-06-12,日,Summary of the NSTC Conference on Building Bridges Across the Science and Technology Enterprise,联邦科学技术战略、研发投入或创新体系节点,科学体系与基础研究；技术创新与关键技术,否；美国科技创新政策基线或节点样本,https://trumpwhitehouse.archives.gov/ostp/documents-and-reports/,https://trumpwhitehouse.archives.gov/wp-content/uploads/2019/07/Summary-of-NSTC-Conference-Building-Bridges-Across-ST-Enterprise-June-2019.pdf,Trump OSTP/NSTC官方归档,不自动下载；由科学技术创新主轴缺口、政策节点价值与中国关联触发,23fb4e715762b828296cc636ff4427eb3763dc093b222e4ef89ee49c26ae6c2f,2026-08-22
C-US-OSTP-2019-FEDERAL-PRIZE-AND-CITIZEN-SCIENCE-IMPLEMENTATION-FY17-18-REPORT-JUNE-2019,C-US-OSTP-2019-FEDERAL-PRIZE-AND-CITIZEN-SCIENCE-IMPLEMENTATION-FY17-18-REPORT-JUNE-2019,2019-06-14,日,Implementation of Federal Prize and Citizen Science Authority: Fiscal Years 2017-18,联邦科学技术战略、研发投入或创新体系节点,科学体系与基础研究；创新政策与研发治理,否；美国科技创新政策基线或节点样本,https://trumpwhitehouse.archives.gov/ostp/documents-and-reports/,https://trumpwhitehouse.archives.gov/wp-content/uploads/2019/06/Federal-Prize-and-Citizen-Science-Implementation-FY17-18-Report-June-2019.pdf,Trump OSTP/NSTC官方归档,不自动下载；由科学技术创新主轴缺口、政策节点价值与中国关联触发,23fb4e715762b828296cc636ff4427eb3763dc093b222e4ef89ee49c26ae6c2f,2026-08-22
C-US-OSTP-2019-NATIONAL-AI-RESEARCH-AND-DEVELOPMENT-STRATEGIC-PLAN-2019-UPDATE-JUNE-2019,C-US-OSTP-2019-NATIONAL-AI-RESEARCH-AND-DEVELOPMENT-STRATEGIC-PLAN-2019-UPDATE-JUNE-2019,2019-06-21,日,National Artificial Intelligence R&D Strategic Plan: 2019 Update,联邦科学技术战略、研发投入或创新体系节点,科学体系与基础研究；技术创新与关键技术；创新政策与研发治理,否；美国科技创新政策基线或节点样本,https://trumpwhitehouse.archives.gov/ostp/documents-and-reports/,https://trumpwhitehouse.archives.gov/wp-content/uploads/2019/06/National-AI-Research-and-Development-Strategic-Plan-2019-Update-June-2019.pdf,Trump OSTP/NSTC官方归档,不自动下载；由科学技术创新主轴缺口、政策节点价值与中国关联触发,23fb4e715762b828296cc636ff4427eb3763dc093b222e4ef89ee49c26ae6c2f,2026-08-22
C-US-OSTP-2019-UPDATE-FROM-THE-NSTC-JOINT-COMMITTEE-ON-RESEARCH-ENVIRONMENTS-JULY-2019,C-US-OSTP-2019-UPDATE-FROM-THE-NSTC-JOINT-COMMITTEE-ON-RESEARCH-ENVIRONMENTS-JULY-2019,2019-07-09,日,Update from the NSTC Joint Committee on Research Environments,联邦科学技术战略、研发投入或创新体系节点,科学体系与基础研究；人才大学与科研组织,否；美国科技创新政策基线或节点样本,https://trumpwhitehouse.archives.gov/ostp/documents-and-reports/,https://trumpwhitehouse.archives.gov/wp-content/uploads/2019/07/Update-from-the-NSTC-Joint-Committee-on-Research-Environments-July-2019.pdf,Trump OSTP/NSTC官方归档,不自动下载；由科学技术创新主轴缺口、政策节点价值与中国关联触发,23fb4e715762b828296cc636ff4427eb3763dc093b222e4ef89ee49c26ae6c2f,2026-08-22
C-US-OSTP-2019-FY-21-RD-BUDGET-PRIORITIES,C-US-OSTP-2019-FY-21-RD-BUDGET-PRIORITIES,2019-08-30,日,FY 2021 Administration Research and Development Budget Priorities,联邦科学技术战略、研发投入或创新体系节点,科学体系与基础研究；创新政策与研发治理,否；美国科技创新政策基线或节点样本,https://trumpwhitehouse.archives.gov/ostp/documents-and-reports/,https://trumpwhitehouse.archives.gov/wp-content/uploads/2019/08/FY-21-RD-Budget-Priorities.pdf,Trump OSTP/NSTC官方归档,不自动下载；由科学技术创新主轴缺口、政策节点价值与中国关联触发,23fb4e715762b828296cc636ff4427eb3763dc093b222e4ef89ee49c26ae6c2f,2026-08-22
C-US-OSTP-2019-NNI-FY20-BUDGET-SUPPLEMENT-FINAL,C-US-OSTP-2019-NNI-FY20-BUDGET-SUPPLEMENT-FINAL,2019-08-30,日,The National Nanotechnology Initiative: Supplement to the President’s 2020 Budget,联邦科学技术战略、研发投入或创新体系节点,技术创新与关键技术；创新政策与研发治理,否；美国科技创新政策基线或节点样本,https://trumpwhitehouse.archives.gov/ostp/documents-and-reports/,https://www.nano.gov/sites/default/files/NNI-FY20-Budget-Supplement-Final.pdf,Trump OSTP/NSTC官方归档,不自动下载；由科学技术创新主轴缺口、政策节点价值与中国关联触发,23fb4e715762b828296cc636ff4427eb3763dc093b222e4ef89ee49c26ae6c2f,2026-08-22
C-US-OSTP-2019-FY2020-NITRD-AI-RD-BUDGET-SEPTEMBER-2019,C-US-OSTP-2019-FY2020-NITRD-AI-RD-BUDGET-SEPTEMBER-2019,2019-09-10,日,FY2020 Supplement to the President’s Budget for the Federal Networking and Information Technology Research and Development (NITRD) Program,联邦科学技术战略、研发投入或创新体系节点,科学体系与基础研究；技术创新与关键技术,否；美国科技创新政策基线或节点样本,https://trumpwhitehouse.archives.gov/ostp/documents-and-reports/,https://trumpwhitehouse.archives.gov/wp-content/uploads/2019/09/FY2020-NITRD-AI-RD-Budget-September-2019.pdf,Trump OSTP/NSTC官方归档,不自动下载；由科学技术创新主轴缺口、政策节点价值与中国关联触发,23fb4e715762b828296cc636ff4427eb3763dc093b222e4ef89ee49c26ae6c2f,2026-08-22
C-US-OSTP-2019-SUMMARY-OF-WHITE-HOUSE-SUMMIT-ON-AMERICAS-BIOECONOMY-OCTOBER-2019,C-US-OSTP-2019-SUMMARY-OF-WHITE-HOUSE-SUMMIT-ON-AMERICAS-BIOECONOMY-OCTOBER-2019,2019-10-07,日,Summary of the White House Summit on America’s Bioeconomy,联邦科学技术战略、研发投入或创新体系节点,技术创新与关键技术；产业创新转化与区域生态,否；美国科技创新政策基线或节点样本,https://trumpwhitehouse.archives.gov/ostp/documents-and-reports/,https://trumpwhitehouse.archives.gov/wp-content/uploads/2019/10/Summary-of-White-House-Summit-on-Americas-Bioeconomy-October-2019.pdf,Trump OSTP/NSTC官方归档,不自动下载；由科学技术创新主轴缺口、政策节点价值与中国关联触发,23fb4e715762b828296cc636ff4427eb3763dc093b222e4ef89ee49c26ae6c2f,2026-08-22
C-US-OSTP-2019-PROGRESS-REPORT-ON-THE-FEDERAL-IMPLEMENTATION-OF-THE-STEM-EDUCATION-STRATEGIC-PLAN,C-US-OSTP-2019-PROGRESS-REPORT-ON-THE-FEDERAL-IMPLEMENTATION-OF-THE-STEM-EDUCATION-STRATEGIC-PLAN,2019-10-16,日,Progress Report on the Federal Implementation of the STEM Education Plan,联邦科学技术战略、研发投入或创新体系节点,创新政策与研发治理；人才大学与科研组织,否；美国科技创新政策基线或节点样本,https://trumpwhitehouse.archives.gov/ostp/documents-and-reports/,https://trumpwhitehouse.archives.gov/wp-content/uploads/2019/10/Progress-Report-on-the-Federal-Implementation-of-the-STEM-Education-Strategic-Plan.pdf,Trump OSTP/NSTC官方归档,不自动下载；由科学技术创新主轴缺口、政策节点价值与中国关联触发,23fb4e715762b828296cc636ff4427eb3763dc093b222e4ef89ee49c26ae6c2f,2026-08-22
C-US-OSTP-2019-HEALTH-RESEARCH-AND-DEVELOPMENT-FOR-OPIOID-CRISIS-NATIONAL-ROADMAP-2019,C-US-OSTP-2019-HEALTH-RESEARCH-AND-DEVELOPMENT-FOR-OPIOID-CRISIS-NATIONAL-ROADMAP-2019,2019-10-24,日,Health Research and Development to Stem the Opioid Crisis: A National Roadmap,联邦科学技术战略、研发投入或创新体系节点,科学体系与基础研究；人才大学与科研组织,否；美国科技创新政策基线或节点样本,https://trumpwhitehouse.archives.gov/ostp/documents-and-reports/,https://trumpwhitehouse.archives.gov/wp-content/uploads/2019/10/Health-Research-and-Development-for-Opioid-Crisis-National-Roadmap-2019.pdf,Trump OSTP/NSTC官方归档,不自动下载；由科学技术创新主轴缺口、政策节点价值与中国关联触发,23fb4e715762b828296cc636ff4427eb3763dc093b222e4ef89ee49c26ae6c2f,2026-08-22
C-US-OSTP-2019-SUMMARY-OF-JCORE-SUMMIT-NOVEMBER-2019,C-US-OSTP-2019-SUMMARY-OF-JCORE-SUMMIT-NOVEMBER-2019,2019-11-05,日,Summary of the 2019 White House Summit of the Joint Committee on the Research Environment (JCORE),联邦科学技术战略、研发投入或创新体系节点,科学体系与基础研究；人才大学与科研组织,否；美国科技创新政策基线或节点样本,https://trumpwhitehouse.archives.gov/ostp/documents-and-reports/,https://trumpwhitehouse.archives.gov/wp-content/uploads/2019/11/Summary-of-JCORE-Summit-November-2019.pdf,Trump OSTP/NSTC官方归档,不自动下载；由科学技术创新主轴缺口、政策节点价值与中国关联触发,23fb4e715762b828296cc636ff4427eb3763dc093b222e4ef89ee49c26ae6c2f,2026-08-22
C-US-OSTP-2019-NATIONAL-STRATEGIC-COMPUTING-INITIATIVE-UPDATE-2019,C-US-OSTP-2019-NATIONAL-STRATEGIC-COMPUTING-INITIATIVE-UPDATE-2019,2019-11-14,日,National Strategic Computing Initiative Update 2019,联邦科学技术战略、研发投入或创新体系节点,技术创新与关键技术；创新政策与研发治理,否；美国科技创新政策基线或节点样本,https://trumpwhitehouse.archives.gov/ostp/documents-and-reports/,https://trumpwhitehouse.archives.gov/wp-content/uploads/2019/11/National-Strategic-Computing-Initiative-Update-2019.pdf,Trump OSTP/NSTC官方归档,已进入先进计算科研算力基础设施定点全文；按官方原始资产、净文本和科技创新切片调用,23fb4e715762b828296cc636ff4427eb3763dc093b222e4ef89ee49c26ae6c2f,2026-08-22
C-US-OSTP-2019-OCEAN-ST-SUMMIT-READOUT-FINAL,C-US-OSTP-2019-OCEAN-ST-SUMMIT-READOUT-FINAL,2019-11-14,日,Summary of the 2019 White House Summit on Partnerships in Ocean Science & Technology,联邦科学技术战略、研发投入或创新体系节点,科学体系与基础研究；技术创新与关键技术；国际合作开放科学与比较,否；美国科技创新政策基线或节点样本,https://trumpwhitehouse.archives.gov/ostp/documents-and-reports/,https://trumpwhitehouse.archives.gov/wp-content/uploads/2019/12/Ocean-ST-Summit-Readout-Final.pdf,Trump OSTP/NSTC官方归档,不自动下载；由科学技术创新主轴缺口、政策节点价值与中国关联触发,23fb4e715762b828296cc636ff4427eb3763dc093b222e4ef89ee49c26ae6c2f,2026-08-22
C-US-OSTP-2019-AI-RESEARCH-AND-DEVELOPMENT-PROGRESS-REPORT-2016-2019,C-US-OSTP-2019-AI-RESEARCH-AND-DEVELOPMENT-PROGRESS-REPORT-2016-2019,2019-11-20,日,2016-2019 Progress Report: Advancing Artificial Intelligence R&D,联邦科学技术战略、研发投入或创新体系节点,科学体系与基础研究；技术创新与关键技术,否；美国科技创新政策基线或节点样本,https://trumpwhitehouse.archives.gov/ostp/documents-and-reports/,https://trumpwhitehouse.archives.gov/wp-content/uploads/2019/11/AI-Research-and-Development-Progress-Report-2016-2019.pdf,Trump OSTP/NSTC官方归档,不自动下载；由科学技术创新主轴缺口、政策节点价值与中国关联触发,23fb4e715762b828296cc636ff4427eb3763dc093b222e4ef89ee49c26ae6c2f,2026-08-22
C-US-OSTP-2020-A-STRATEGIC-VISION-FOR-AMERICAS-QUANTUM-NETWORKS-FEB-2020,C-US-OSTP-2020-A-STRATEGIC-VISION-FOR-AMERICAS-QUANTUM-NETWORKS-FEB-2020,2020-02-07,日,A Strategic Vision for America’s Quantum Networks,联邦科学技术战略、研发投入或创新体系节点,技术创新与关键技术；创新政策与研发治理,否；美国科技创新政策基线或节点样本,https://trumpwhitehouse.archives.gov/ostp/documents-and-reports/,https://trumpwhitehouse.archives.gov/wp-content/uploads/2017/12/A-Strategic-Vision-for-Americas-Quantum-Networks-Feb-2020.pdf,Trump OSTP/NSTC官方归档,不自动下载；由科学技术创新主轴缺口、政策节点价值与中国关联触发,23fb4e715762b828296cc636ff4427eb3763dc093b222e4ef89ee49c26ae6c2f,2026-08-22
C-US-OSTP-2020-AMERICAN-AI-INITIATIVE-ONE-YEAR-ANNUAL-REPORT,C-US-OSTP-2020-AMERICAN-AI-INITIATIVE-ONE-YEAR-ANNUAL-REPORT,2020-02-26,日,American Artificial Intelligence Initiative Year One Annual Report,联邦科学技术战略、研发投入或创新体系节点,技术创新与关键技术；创新政策与研发治理,否；美国科技创新政策基线或节点样本,https://trumpwhitehouse.archives.gov/ostp/documents-and-reports/,https://trumpwhitehouse.archives.gov/wp-content/uploads/2020/02/American-AI-Initiative-One-Year-Annual-Report.pdf,Trump OSTP/NSTC官方归档,不自动下载；由科学技术创新主轴缺口、政策节点价值与中国关联触发,23fb4e715762b828296cc636ff4427eb3763dc093b222e4ef89ee49c26ae6c2f,2026-08-22
C-US-OSTP-2020-COVID19-OPEN-ACCESS-LETTER-FROM-CSAS-EQUIVALENTS-FINAL,C-US-OSTP-2020-COVID19-OPEN-ACCESS-LETTER-FROM-CSAS-EQUIVALENTS-FINAL,2020-03-17,日,Chief Science Advisors Around the World and WHOSTP Call on Publishers to Make COVID-19 Data/Research Publicly Available,联邦科学技术战略、研发投入或创新体系节点,科学体系与基础研究；国际合作开放科学与比较,否；美国科技创新政策基线或节点样本,https://trumpwhitehouse.archives.gov/ostp/documents-and-reports/,https://trumpwhitehouse.archives.gov/wp-content/uploads/2020/03/COVID19-Open-Access-Letter-from-CSAs.Equivalents-Final.pdf,Trump OSTP/NSTC官方归档,不自动下载；由科学技术创新主轴缺口、政策节点价值与中国关联触发,23fb4e715762b828296cc636ff4427eb3763dc093b222e4ef89ee49c26ae6c2f,2026-08-22
C-US-OSTP-2020-ARTIFICIAL-INTELLIGENCE-QUANTUM-INFORMATION-SCIENCE-R-D-SUMMARY-AUGUST-2020,C-US-OSTP-2020-ARTIFICIAL-INTELLIGENCE-QUANTUM-INFORMATION-SCIENCE-R-D-SUMMARY-AUGUST-2020,2020-08-14,日,Artificial Intelligence and Quantum Information Science Research and Development Summary: Fiscal Years 2020 – 2021,联邦科学技术战略、研发投入或创新体系节点,科学体系与基础研究；技术创新与关键技术,否；美国科技创新政策基线或节点样本,https://trumpwhitehouse.archives.gov/ostp/documents-and-reports/,https://trumpwhitehouse.archives.gov/wp-content/uploads/2017/12/Artificial-Intelligence-Quantum-Information-Science-R-D-Summary-August-2020.pdf,Trump OSTP/NSTC官方归档,不自动下载；由科学技术创新主轴缺口、政策节点价值与中国关联触发,23fb4e715762b828296cc636ff4427eb3763dc093b222e4ef89ee49c26ae6c2f,2026-08-22
C-US-OSTP-2020-M-20-29,C-US-OSTP-2020-M-20-29,2020-08-14,日,FY 2022 Administration Research and Development Budget Priorities,联邦科学技术战略、研发投入或创新体系节点,科学体系与基础研究；创新政策与研发治理,否；美国科技创新政策基线或节点样本,https://trumpwhitehouse.archives.gov/ostp/documents-and-reports/,https://trumpwhitehouse.archives.gov/wp-content/uploads/2020/08/M-20-29.pdf,Trump OSTP/NSTC官方归档,不自动下载；由科学技术创新主轴缺口、政策节点价值与中国关联触发,23fb4e715762b828296cc636ff4427eb3763dc093b222e4ef89ee49c26ae6c2f,2026-08-22
C-US-OSTP-2020-FY2021-NITRD-SUPPLEMENT,C-US-OSTP-2020-FY2021-NITRD-SUPPLEMENT,2020-08-14,日,FY2021 Supplement to the President’s Budget for the Federal Networking and Information Technology Research and Development (NITRD) Program,联邦科学技术战略、研发投入或创新体系节点,科学体系与基础研究；技术创新与关键技术,否；美国科技创新政策基线或节点样本,https://trumpwhitehouse.archives.gov/ostp/documents-and-reports/,https://trumpwhitehouse.archives.gov/wp-content/uploads/2017/12/FY2021-NITRD-Supplement.pdf,Trump OSTP/NSTC官方归档,不自动下载；由科学技术创新主轴缺口、政策节点价值与中国关联触发,23fb4e715762b828296cc636ff4427eb3763dc093b222e4ef89ee49c26ae6c2f,2026-08-22
C-US-OSTP-2020-TRUMP-ADMINISTRATION-ST-HIGHLIGHTS-2017-2020,C-US-OSTP-2020-TRUMP-ADMINISTRATION-ST-HIGHLIGHTS-2017-2020,2020-10-27,日,"Advancing America’s Global Leadership in Science and Technology, Trump Administration Highlights: 2017-2020",联邦科学技术战略、研发投入或创新体系节点,科学体系与基础研究；技术创新与关键技术；创新政策与研发治理；国际合作开放科学与比较,否；美国科技创新政策基线或节点样本,https://trumpwhitehouse.archives.gov/ostp/documents-and-reports/,https://trumpwhitehouse.archives.gov/wp-content/uploads/2020/10/Trump-Administration-ST-Highlights-2017-2020.pdf,Trump OSTP/NSTC官方归档,不自动下载；由科学技术创新主轴缺口、政策节点价值与中国关联触发,23fb4e715762b828296cc636ff4427eb3763dc093b222e4ef89ee49c26ae6c2f,2026-08-22
C-US-OSTP-2020-NNI-FY21-BUDGET-SUPPLEMENT,C-US-OSTP-2020-NNI-FY21-BUDGET-SUPPLEMENT,2020-10-27,日,The National Nanotechnology Initiative: Supplement to the President’s 2021 Budget,联邦科学技术战略、研发投入或创新体系节点,技术创新与关键技术；创新政策与研发治理,否；美国科技创新政策基线或节点样本,https://trumpwhitehouse.archives.gov/ostp/documents-and-reports/,https://www.nano.gov/sites/default/files/NNI-FY21-Budget-Supplement.pdf,Trump OSTP/NSTC官方归档,不自动下载；由科学技术创新主轴缺口、政策节点价值与中国关联触发,23fb4e715762b828296cc636ff4427eb3763dc093b222e4ef89ee49c26ae6c2f,2026-08-22
C-US-OSTP-2020-EARTH-SYSTEM-PREDICTABILITY-RESEARCH-AND-DEVELOPMENT-STRATEGIC-FRAMWORK-AND-ROADMAP,C-US-OSTP-2020-EARTH-SYSTEM-PREDICTABILITY-RESEARCH-AND-DEVELOPMENT-STRATEGIC-FRAMWORK-AND-ROADMAP,2020-11-10,日,Earth System Research and Development Strategic Framework and Roadmap,联邦科学技术战略、研发投入或创新体系节点,科学体系与基础研究；创新政策与研发治理；人才大学与科研组织,否；美国科技创新政策基线或节点样本,https://trumpwhitehouse.archives.gov/ostp/documents-and-reports/,https://trumpwhitehouse.archives.gov/wp-content/uploads/2020/11/Earth-System-Predictability-Research-and-Development-Strategic-Framwork-and-Roadmap.pdf,Trump OSTP/NSTC官方归档,不自动下载；由科学技术创新主轴缺口、政策节点价值与中国关联触发,23fb4e715762b828296cc636ff4427eb3763dc093b222e4ef89ee49c26ae6c2f,2026-08-22
C-US-OSTP-2020-RECOMMENDATIONS-CLOUD-AI-RD-NOV2020,C-US-OSTP-2020-RECOMMENDATIONS-CLOUD-AI-RD-NOV2020,2020-11-17,日,Recommendations for Leveraging Cloud Computing Resources for Federally Funded Artificial Intelligence Research and Development,联邦科学技术战略、研发投入或创新体系节点,科学体系与基础研究；技术创新与关键技术,否；美国科技创新政策基线或节点样本,https://trumpwhitehouse.archives.gov/ostp/documents-and-reports/,https://trumpwhitehouse.archives.gov/wp-content/uploads/2020/11/Recommendations-Cloud-AI-RD-Nov2020.pdf,Trump OSTP/NSTC官方归档,已进入先进计算科研算力基础设施定点全文；按官方原始资产、净文本和科技创新切片调用,23fb4e715762b828296cc636ff4427eb3763dc093b222e4ef89ee49c26ae6c2f,2026-08-22
C-US-OSTP-2020-FUTURE-ADVANCED-COMPUTING-ECOSYSTEM-STRATEGIC-PLAN-NOV-2020,C-US-OSTP-2020-FUTURE-ADVANCED-COMPUTING-ECOSYSTEM-STRATEGIC-PLAN-NOV-2020,2020-11-18,日,Pioneering the Future Advanced Computing Ecosystem Strategic Plan,联邦科学技术战略、研发投入或创新体系节点,技术创新与关键技术；创新政策与研发治理；人才大学与科研组织,否；美国科技创新政策基线或节点样本,https://trumpwhitehouse.archives.gov/ostp/documents-and-reports/,https://trumpwhitehouse.archives.gov/wp-content/uploads/2020/11/Future-Advanced-Computing-Ecosystem-Strategic-Plan-Nov-2020.pdf,Trump OSTP/NSTC官方归档,已进入先进计算科研算力基础设施定点全文；按官方原始资产、净文本和科技创新切片调用,23fb4e715762b828296cc636ff4427eb3763dc093b222e4ef89ee49c26ae6c2f,2026-08-22
C-US-OSTP-2020-PROGRESS-REPORT-FEDERAL-IMPLEMENTATION-STEM-EDUCATION-STRATEGIC-PLAN-DEC-2020,C-US-OSTP-2020-PROGRESS-REPORT-FEDERAL-IMPLEMENTATION-STEM-EDUCATION-STRATEGIC-PLAN-DEC-2020,2020-12-17,日,Progress Report on the Implementation of the Federal STEM Education Strategic Plan,联邦科学技术战略、研发投入或创新体系节点,创新政策与研发治理；人才大学与科研组织,否；美国科技创新政策基线或节点样本,https://trumpwhitehouse.archives.gov/ostp/documents-and-reports/,https://trumpwhitehouse.archives.gov/wp-content/uploads/2017/12/Progress-Report-Federal-Implementation-STEM-Education-Strategic-Plan-Dec-2020.pdf,Trump OSTP/NSTC官方归档,不自动下载；由科学技术创新主轴缺口、政策节点价值与中国关联触发,23fb4e715762b828296cc636ff4427eb3763dc093b222e4ef89ee49c26ae6c2f,2026-08-22
C-US-OSTP-2021-NATIONAL-ORBITAL-DEBRIS-RD-PLAN-2021,C-US-OSTP-2021-NATIONAL-ORBITAL-DEBRIS-RD-PLAN-2021,2021-01-15,日,National Orbital Debris Research and Development Plan,联邦科学技术战略、研发投入或创新体系节点,科学体系与基础研究；创新政策与研发治理,否；美国科技创新政策基线或节点样本,https://trumpwhitehouse.archives.gov/ostp/documents-and-reports/,https://trumpwhitehouse.archives.gov/wp-content/uploads/2021/01/National-Orbital-Debris-RD-Plan-2021.pdf,Trump OSTP/NSTC官方归档,不自动下载；由科学技术创新主轴缺口、政策节点价值与中国关联触发,23fb4e715762b828296cc636ff4427eb3763dc093b222e4ef89ee49c26ae6c2f,2026-08-22
C-US-OSTP-2021-2021-PUBLIC-ACCESS-CONGRESSIONAL-REPORT-OSTP,C-US-OSTP-2021-2021-PUBLIC-ACCESS-CONGRESSIONAL-REPORT-OSTP,2021-11-05,日,2021 Public Access Congressional Report,联邦资助研究成果开放获取进展,科学体系与基础研究；创新政策与研发治理；国际合作开放科学与比较,否；美国科技创新政策基线或节点样本,https://bidenwhitehouse.archives.gov/ostp/,https://bidenwhitehouse.archives.gov/wp-content/uploads/2022/02/2021-Public-Access-Congressional-Report_OSTP.pdf,Biden OSTP/NSTC官方归档,不自动下载；由科学技术创新主轴缺口、政策节点价值与中国关联触发,静态核验官方入口,2026-08-22
C-US-OSTP-2022-02-2022-CRITICAL-AND-EMERGING-TECHNOLOGIES-LIST-UPDATE,C-US-OSTP-2022-02-2022-CRITICAL-AND-EMERGING-TECHNOLOGIES-LIST-UPDATE,2022-02-01,月；以当月1日作排序占位，不代表实际发布日期,Critical and Emerging Technologies List Update,关键与新兴技术组合边界,技术创新与关键技术；创新政策与研发治理；产业创新转化与区域生态,技术清单本身不作中国判断；作为后续中美技术比较的美国政策基线,https://bidenwhitehouse.archives.gov/ostp/,https://bidenwhitehouse.archives.gov/wp-content/uploads/2022/02/02-2022-Critical-and-Emerging-Technologies-List-Update.pdf,Biden OSTP/NSTC官方归档,不自动下载；由科学技术创新主轴缺口、政策节点价值与中国关联触发,静态核验官方入口,2026-08-22
C-US-OSTP-2022-08-2022-OSTP-PUBLIC-ACCESS-MEMO,C-US-OSTP-2022-08-2022-OSTP-PUBLIC-ACCESS-MEMO,2022-08-25,日,"Ensuring Free, Immediate, and Equitable Access to Federally Funded Research",联邦科研成果即时开放政策,科学体系与基础研究；创新政策与研发治理；国际合作开放科学与比较,否；美国科技创新政策基线或节点样本,https://bidenwhitehouse.archives.gov/ostp/,https://bidenwhitehouse.archives.gov/wp-content/uploads/2022/08/08-2022-OSTP-Public-Access-Memo.pdf,Biden OSTP/NSTC官方归档,不自动下载；由科学技术创新主轴缺口、政策节点价值与中国关联触发,静态核验官方入口,2026-08-22
C-US-OSTP-2022-08-2022-OSTP-PUBLIC-ACCESS-CONGRESSIONAL-REPORT,C-US-OSTP-2022-08-2022-OSTP-PUBLIC-ACCESS-CONGRESSIONAL-REPORT,2022-08-31,日,Economic Landscape of Federal Public Access Policy,开放获取政策的经济成本与科研传播机制,科学体系与基础研究；创新政策与研发治理；国际合作开放科学与比较,否；美国科技创新政策基线或节点样本,https://bidenwhitehouse.archives.gov/ostp/news-updates/2022/08/31/economic-landscape-of-federal-public-access-policy/,https://bidenwhitehouse.archives.gov/wp-content/uploads/2022/08/08-2022-OSTP-Public-Access-Congressional-Report.pdf,Biden OSTP/NSTC官方归档,不自动下载；由科学技术创新主轴缺口、政策节点价值与中国关联触发,静态核验官方入口,2026-08-22
C-US-OSTP-2023-BOLD-GOALS-FOR-U-S-BIOTECHNOLOGY-AND-BIOMANUFACTURING-HARNESSING-RESEARCH-AND-DEVELOPMENT-TO-FURTHER-SOCIETAL-GOALS-FINAL,C-US-OSTP-2023-BOLD-GOALS-FOR-U-S-BIOTECHNOLOGY-AND-BIOMANUFACTURING-HARNESSING-RESEARCH-AND-DEVELOPMENT-TO-FURTHER-SOCIETAL-GOALS-FINAL,2023-03-01,月；以当月1日作排序占位，不代表实际发布日期,Bold Goals for U.S. Biotechnology and Biomanufacturing: Harnessing Research and Development to Further Societal Goals,生物技术从基础研究到生物制造的任务导向创新,科学体系与基础研究；技术创新与关键技术；创新政策与研发治理；人才大学与科研组织；产业创新转化与区域生态,否；美国科技创新政策基线或节点样本,https://bidenwhitehouse.archives.gov/ostp/,https://bidenwhitehouse.archives.gov/wp-content/uploads/2023/03/Bold-Goals-for-U.S.-Biotechnology-and-Biomanufacturing-Harnessing-Research-and-Development-To-Further-Societal-Goals-FINAL.pdf,Biden OSTP/NSTC官方归档,不自动下载；由科学技术创新主轴缺口、政策节点价值与中国关联触发,静态核验官方入口,2026-08-22
C-US-OSTP-2023-NATIONAL-ARTIFICIAL-INTELLIGENCE-RESEARCH-AND-DEVELOPMENT-STRATEGIC-PLAN-2023-UPDATE,C-US-OSTP-2023-NATIONAL-ARTIFICIAL-INTELLIGENCE-RESEARCH-AND-DEVELOPMENT-STRATEGIC-PLAN-2023-UPDATE,2023-05-01,月；以当月1日作排序占位，不代表实际发布日期,The National Artificial Intelligence Research and Development Strategic Plan: 2023 Update,国家AI研发战略更新与国际协作,科学体系与基础研究；技术创新与关键技术；创新政策与研发治理；人才大学与科研组织；产业创新转化与区域生态；国际合作开放科学与比较,否；美国科技创新政策基线或节点样本,https://bidenwhitehouse.archives.gov/ostp/,https://bidenwhitehouse.archives.gov/wp-content/uploads/2023/05/National-Artificial-Intelligence-Research-and-Development-Strategic-Plan-2023-Update.pdf,Biden OSTP/NSTC官方归档,不自动下载；由科学技术创新主轴缺口、政策节点价值与中国关联触发,静态核验官方入口,2026-08-22
C-US-OSTP-2024-2024-BIENNIAL-REPORT-TO-CONGRESS-ON-INTERNATIONAL-SCIENCE-TECHNOLOGY-COOPERATION,C-US-OSTP-2024-2024-BIENNIAL-REPORT-TO-CONGRESS-ON-INTERNATIONAL-SCIENCE-TECHNOLOGY-COOPERATION,2024-02-01,月；以当月1日作排序占位，不代表实际发布日期,Biennial Report to Congress on International Science & Technology Cooperation,国际科技合作、国内创新能力与关键技术协作,科学体系与基础研究；技术创新与关键技术；创新政策与研发治理；人才大学与科研组织；产业创新转化与区域生态；国际合作开放科学与比较；中国科技横向维度,是；正文涉及中国并把国内创新投入与国际科技合作联系起来,https://bidenwhitehouse.archives.gov/ostp/,https://bidenwhitehouse.archives.gov/wp-content/uploads/2024/02/2024-Biennial-Report-to-Congress-on-International-Science-Technology-Cooperation.pdf,Biden OSTP/NSTC官方归档,已进入科学外交、开放科研合作与中国参与机制定点全文；按官方全文、净文本和科技创新切片调用,静态核验官方入口,2026-08-22
C-US-OSTP-2024-NATIONAL-STRATEGY-ON-MICROELECTRONICS-RESEARCH-MARCH-2024,C-US-OSTP-2024-NATIONAL-STRATEGY-ON-MICROELECTRONICS-RESEARCH-MARCH-2024,2024-03-01,月；以当月1日作排序占位，不代表实际发布日期,National Strategy on Microelectronics Research,微电子基础研究、制造、人才与公私协同,科学体系与基础研究；技术创新与关键技术；创新政策与研发治理；人才大学与科研组织；产业创新转化与区域生态,否；美国科技创新政策基线或节点样本,https://bidenwhitehouse.archives.gov/ostp/,https://bidenwhitehouse.archives.gov/wp-content/uploads/2024/03/National-Strategy-on-Microelectronics-Research-March-2024.pdf,Biden OSTP/NSTC官方归档,不自动下载；由科学技术创新主轴缺口、政策节点价值与中国关联触发,静态核验官方入口,2026-08-22
C-US-OSTP-2024-2024-QUADRENNIAL-SCIENCE-AND-TECHNOLOGY-REVIEW,C-US-OSTP-2024-2024-QUADRENNIAL-SCIENCE-AND-TECHNOLOGY-REVIEW,2024-10-01,月；以当月1日作排序占位，不代表实际发布日期,Quadrennial Science and Technology Review Report,美国科研事业、联邦研发与国家任务的综合审视,科学体系与基础研究；技术创新与关键技术；创新政策与研发治理；人才大学与科研组织；产业创新转化与区域生态；国际合作开放科学与比较；中国科技横向维度,是；正文明确讨论中国科技竞争及其对美国研发体系的影响,https://bidenwhitehouse.archives.gov/ostp/,https://bidenwhitehouse.archives.gov/wp-content/uploads/2024/10/2024-Quadrennial-Science-and-Technology-Review.pdf,Biden OSTP/NSTC官方归档,不自动下载；由科学技术创新主轴缺口、政策节点价值与中国关联触发,静态核验官方入口,2026-08-22
C-US-OSTP-2025-OSTP-GUIDANCE-FOR-GSS-JUNE-2025,C-US-OSTP-2025-OSTP-GUIDANCE-FOR-GSS-JUNE-2025,2025-06-23,日,Agency Guidance for Implementing Gold Standard Science in the Conduct & Management of Scientific Activities,联邦科学活动的研究设计、同行评议、可重复性与公开传播规范,科学体系与基础研究；创新政策与研发治理；人才大学与科研组织；国际合作开放科学与比较,否；美国科技创新政策基线或节点样本,https://www.whitehouse.gov/ostp/information-resources/,https://www.whitehouse.gov/wp-content/uploads/2025/03/OSTP-Guidance-for-GSS-June-2025.pdf,2025—2026现行OSTP官方资源,不自动下载；由科学技术创新主轴缺口、政策节点价值与中国关联触发,静态核验官方入口,2026-08-22
C-US-OSTP-2026-WHOSTP-2025-WINS,C-US-OSTP-2026-WHOSTP-2025-WINS,2026-01-01,月；以1月1日作排序占位，不代表实际发布日期,Trump Administration Science & Technology Highlights: Year One,年度科技创新政策、任务导向研发与公私协同进展,科学体系与基础研究；技术创新与关键技术；创新政策与研发治理；人才大学与科研组织；产业创新转化与区域生态；国际合作开放科学与比较,全球技术与创新政策背景；中国命题须回查正文,https://www.whitehouse.gov/ostp/information-resources/,https://www.whitehouse.gov/wp-content/uploads/2026/01/WHOSTP-2025-Wins.pdf,2025—2026现行OSTP官方资源,不自动下载；由科学技术创新主轴缺口、政策节点价值与中国关联触发,静态核验官方入口,2026-08-22
